train_speed_kmh,distance_to_obstacle_km,environmental_condition,weather_alert,severity_score,obstruction_type,alternative_route_available,communication_latency_ms,signal_quality_percent,sensor_type,axle_balance,ahead_section_status,known_train_schedule,distance_from_station_km,create_repair_defect,corridor,action
51,14.831,fog,True,3,boulder,False,4477,11,accelerometer,0.0,CLEAR,True,1.327,True,HYB-SEC,reduce_speed
116,16.189,rain,True,7,unknown_obstruction,False,2286,19,axle_counter,95.72,CLEAR,True,17.949,False,KOL-HOW,reduce_speed
182,2.497,fog,False,2,stranded_vehicle,False,2972,73,axle_counter,0.0,CLEAR,False,49.261,False,DEL-AGRA,proceed_with_caution
138,3.253,rain,True,6,unknown_obstruction,False,594,77,axle_counter,0.0,CLEAR,True,49.476,False,HYB-SEC,reduce_speed
59,4.581,rain,True,4,stranded_vehicle,True,4656,91,vibration,21.26,CLEAR,False,22.943,False,MUM-PUNE,proceed_with_caution
194,8.569,heavy_rain,True,4,track_buckling,False,754,96,track_circuit,0.0,CLEAR,False,21.108,True,CHN-BGLR,reduce_speed
109,19.422,rain,False,1,unknown_obstruction,True,4408,96,vibration,76.86,CLEAR,True,22.686,False,KOL-HOW,proceed_with_caution
174,18.253,snow,False,4,environmental_false_positive,False,1639,19,vibration,0.0,CLEAR,True,5.593,False,KOL-HOW,proceed_with_caution
190,18.939,clear,True,5,boulder,False,4373,98,axle_counter,12.84,OCCUPIED,True,26.384,False,MUM-PUNE,proceed_with_caution
96,14.259,snow,True,6,water_logging,False,4249,57,track_circuit,0.0,CLEAR,True,11.506,False,DEL-AGRA,reduce_speed
62,18.108,clear,False,2,fallen_tree,True,3986,27,axle_counter,72.34,CLEAR,True,20.353,True,CHN-BGLR,proceed_with_caution
58,13.467,rain,False,2,cattle_crossing,False,905,31,axle_counter,19.02,CLEAR,True,23.131,False,DEL-AGRA,proceed_with_caution
185,1.958,snow,False,5,landslide_debris,False,1946,21,accelerometer,0.0,OCCUPIED,False,8.232,True,CHN-BGLR,emergency_stop
161,5.705,snow,False,6,equipment_failure_ahead,False,3996,19,axle_counter,0.0,CLEAR,True,37.399,True,HYB-SEC,reduce_speed
180,3.149,flood,False,2,track_buckling,True,566,86,axle_counter,0.0,CLEAR,True,4.099,False,HYB-SEC,proceed_with_caution
97,13.395,flood,True,4,track_buckling,False,2467,58,vibration,0.0,CLEAR,True,28.15,True,HYB-SEC,proceed_with_caution
134,17.617,clear,False,4,track_buckling,False,4460,90,vibration,0.0,CLEAR,True,46.588,True,MUM-PUNE,proceed_with_caution
186,3.109,flood,True,3,water_logging,True,2172,64,accelerometer,0.0,CLEAR,True,13.834,True,MUM-PUNE,proceed_with_caution
158,11.034,clear,False,1,boulder,False,1231,69,track_circuit,0.0,CLEAR,True,18.233,False,DEL-AGRA,proceed_with_caution
108,13.339,clear,False,5,cattle_crossing,False,1276,30,axle_counter,0.0,OCCUPIED,True,36.828,False,CHN-BGLR,proceed_with_caution
108,5.336,snow,False,2,landslide_debris,False,1832,25,accelerometer,0.0,CLEAR,True,19.923,False,DEL-AGRA,proceed_with_caution
175,7.994,clear,False,5,landslide_debris,True,2149,22,vibration,3.83,CLEAR,False,21.82,False,DEL-AGRA,reroute
110,0.888,heavy_rain,True,5,equipment_failure_ahead,False,1624,46,accelerometer,7.0,CLEAR,True,6.231,False,HYB-SEC,reduce_speed
148,13.944,rain,True,3,environmental_false_positive,False,1435,78,vibration,0.0,CLEAR,True,39.288,False,KOL-HOW,proceed_with_caution
99,10.223,rain,False,8,unknown_obstruction,True,704,36,vibration,0.0,CLEAR,True,9.956,True,MUM-PUNE,reduce_speed
63,9.108,heavy_rain,False,5,unknown_obstruction,False,4059,51,axle_counter,0.0,OCCUPIED,False,44.273,False,MUM-PUNE,proceed_with_caution
177,9.291,flood,True,8,boulder,False,3816,85,vibration,95.0,CLEAR,False,25.239,False,HYB-SEC,reduce_speed
166,9.001,clear,False,7,stranded_vehicle,False,4280,62,axle_counter,0.0,OCCUPIED,True,16.792,False,DEL-AGRA,reduce_speed
84,14.128,clear,True,5,signal_cable_theft,False,520,26,accelerometer,0.0,OCCUPIED,False,19.019,True,KOL-HOW,proceed_with_caution
152,10.764,rain,False,7,fallen_tree,False,2245,55,accelerometer,2.9,CLEAR,False,36.209,False,MUM-PUNE,reduce_speed
145,11.838,heavy_rain,False,2,cattle_crossing,True,3792,23,track_circuit,26.02,CLEAR,True,38.061,False,CHN-BGLR,proceed_with_caution
49,14.98,clear,True,8,fallen_tree,False,339,96,track_circuit,0.0,OCCUPIED,True,11.927,False,DEL-AGRA,proceed_with_caution
110,15.338,clear,True,6,unknown_obstruction,False,1351,39,track_circuit,57.87,CLEAR,False,18.765,False,MUM-PUNE,reduce_speed
107,2.038,fog,False,7,sensor_miscount,False,4646,100,track_circuit,34.72,CLEAR,True,32.377,True,CHN-BGLR,reduce_speed
137,12.712,clear,False,6,cattle_crossing,True,4284,83,vibration,61.59,CLEAR,False,29.624,False,MUM-PUNE,reduce_speed
160,4.877,clear,False,6,cattle_crossing,False,4059,41,axle_counter,48.75,OCCUPIED,True,44.016,False,KOL-HOW,reduce_speed
93,1.712,heavy_rain,False,5,equipment_failure_ahead,True,3910,82,accelerometer,0.0,CLEAR,True,34.589,False,HYB-SEC,reroute
133,8.51,heavy_rain,False,4,unknown_obstruction,False,2521,32,axle_counter,0.0,CLEAR,False,47.544,False,MUM-PUNE,proceed_with_caution
195,19.532,rain,True,4,boulder,False,2436,29,vibration,0.0,OCCUPIED,True,2.276,True,KOL-HOW,proceed_with_caution
170,2.052,clear,True,4,broken_rail,False,1520,6,vibration,94.11,CLEAR,True,24.587,False,DEL-AGRA,proceed_with_caution
122,1.704,snow,True,5,cattle_crossing,False,1858,99,accelerometer,45.05,CLEAR,True,21.441,False,DEL-AGRA,reduce_speed
98,12.51,fog,True,2,fallen_tree,True,624,20,track_circuit,40.85,CLEAR,True,35.348,False,CHN-BGLR,reduce_speed
112,15.757,clear,False,6,fallen_tree,False,4471,28,axle_counter,0.0,CLEAR,True,15.381,False,HYB-SEC,reduce_speed
164,13.774,rain,False,8,signal_cable_theft,False,3596,10,track_circuit,88.94,CLEAR,True,11.446,False,HYB-SEC,reduce_speed
113,11.525,clear,False,3,signal_cable_theft,False,2288,23,accelerometer,63.48,OCCUPIED,True,20.417,False,DEL-AGRA,proceed_with_caution
171,5.764,rain,False,7,signal_cable_theft,True,731,40,vibration,32.33,OCCUPIED,False,0.058,False,CHN-BGLR,reduce_speed
137,12.453,clear,False,5,landslide_debris,True,4509,16,vibration,43.81,CLEAR,False,30.444,False,MUM-PUNE,reroute
149,1.864,clear,False,8,broken_rail,False,1271,63,vibration,50.89,CLEAR,True,23.611,False,MUM-PUNE,reduce_speed
175,14.926,flood,True,2,equipment_failure_ahead,False,3409,43,vibration,82.05,OCCUPIED,False,28.996,False,MUM-PUNE,proceed_with_caution
130,11.038,rain,True,5,water_logging,False,1966,73,accelerometer,23.36,CLEAR,False,35.261,False,CHN-BGLR,proceed_with_caution
83,9.907,snow,True,5,sensor_miscount,False,832,56,track_circuit,52.6,CLEAR,True,43.547,False,DEL-AGRA,reduce_speed
131,12.465,flood,True,2,water_logging,False,4381,48,vibration,62.68,OCCUPIED,True,3.421,False,KOL-HOW,proceed_with_caution
156,19.567,fog,False,6,boulder,False,2463,3,track_circuit,0.0,CLEAR,True,7.278,False,HYB-SEC,reduce_speed
89,1.579,clear,False,6,fallen_tree,False,4787,18,axle_counter,46.11,CLEAR,True,44.945,False,KOL-HOW,reduce_speed
158,18.905,clear,False,4,cattle_crossing,False,3752,38,axle_counter,99.94,CLEAR,True,17.948,False,KOL-HOW,emergency_stop
47,11.319,rain,False,6,landslide_debris,False,4079,36,axle_counter,60.71,CLEAR,True,12.531,False,MUM-PUNE,reduce_speed
55,6.179,flood,True,5,unknown_obstruction,True,2427,41,accelerometer,0.0,OCCUPIED,False,18.293,False,KOL-HOW,reroute
168,19.348,clear,True,7,equipment_failure_ahead,True,626,18,axle_counter,86.01,OCCUPIED,False,18.289,False,DEL-AGRA,reduce_speed
139,13.457,clear,False,6,environmental_false_positive,False,897,86,axle_counter,47.15,OCCUPIED,True,3.161,False,KOL-HOW,reduce_speed
56,18.925,clear,False,5,boulder,True,4413,17,accelerometer,45.36,CLEAR,False,44.271,False,CHN-BGLR,reroute
116,0.654,flood,True,5,fallen_tree,False,823,87,vibration,54.45,CLEAR,True,48.41,False,CHN-BGLR,proceed_with_caution
197,19.422,clear,True,4,track_buckling,False,1691,8,axle_counter,0.0,CLEAR,True,45.027,True,MUM-PUNE,proceed_with_caution
89,2.199,heavy_rain,False,3,water_logging,False,1959,75,vibration,1.58,CLEAR,False,26.304,False,CHN-BGLR,proceed_with_caution
196,2.181,rain,True,8,landslide_debris,False,4281,38,accelerometer,0.0,CLEAR,True,20.081,False,CHN-BGLR,reduce_speed
65,6.442,rain,True,2,sensor_miscount,False,4502,91,vibration,38.09,CLEAR,True,4.959,False,HYB-SEC,proceed_with_caution
160,17.762,clear,False,7,cattle_crossing,False,788,40,accelerometer,31.25,CLEAR,True,46.149,True,DEL-AGRA,reduce_speed
140,16.235,clear,False,6,signal_cable_theft,False,1011,52,vibration,87.36,OCCUPIED,False,48.42,False,KOL-HOW,reduce_speed
84,13.135,heavy_rain,True,2,signal_cable_theft,False,2292,73,axle_counter,0.0,CLEAR,True,34.674,True,KOL-HOW,reduce_speed
131,7.02,rain,True,3,environmental_false_positive,False,1172,94,track_circuit,0.0,CLEAR,True,7.87,False,KOL-HOW,proceed_with_caution
66,17.667,heavy_rain,True,6,landslide_debris,False,2239,56,accelerometer,48.57,CLEAR,True,25.617,False,DEL-AGRA,reduce_speed
169,10.539,fog,True,3,sensor_miscount,True,1684,38,axle_counter,76.73,CLEAR,True,24.869,False,MUM-PUNE,reduce_speed
173,11.174,fog,False,4,cattle_crossing,False,356,55,track_circuit,0.0,OCCUPIED,True,28.67,False,CHN-BGLR,proceed_with_caution
128,3.437,rain,False,5,unknown_obstruction,False,731,55,track_circuit,24.33,CLEAR,True,15.514,False,KOL-HOW,proceed_with_caution
74,10.612,clear,True,7,water_logging,False,1219,30,track_circuit,0.0,CLEAR,True,37.958,True,CHN-BGLR,reduce_speed
193,8.978,heavy_rain,False,5,environmental_false_positive,False,2657,80,vibration,0.0,CLEAR,True,39.816,False,KOL-HOW,proceed_with_caution
160,0.752,rain,True,4,environmental_false_positive,False,749,78,accelerometer,0.0,CLEAR,False,32.592,False,CHN-BGLR,proceed_with_caution
160,2.07,flood,False,4,unknown_obstruction,True,1423,5,axle_counter,70.76,CLEAR,True,18.195,False,CHN-BGLR,proceed_with_caution
198,1.047,rain,False,4,water_logging,True,3176,36,vibration,0.0,CLEAR,True,7.071,False,CHN-BGLR,proceed_with_caution
66,6.192,fog,True,7,track_buckling,False,4322,11,accelerometer,0.0,CLEAR,True,10.71,False,CHN-BGLR,reduce_speed
84,1.543,flood,False,2,equipment_failure_ahead,False,4323,4,vibration,0.0,CLEAR,True,9.042,False,HYB-SEC,proceed_with_caution
157,0.874,clear,False,6,broken_rail,False,3687,29,axle_counter,30.95,OCCUPIED,True,33.915,False,CHN-BGLR,emergency_stop
142,10.058,clear,False,3,fallen_tree,False,1143,32,track_circuit,64.12,CLEAR,True,42.295,False,KOL-HOW,proceed_with_caution
160,18.106,clear,True,5,fallen_tree,False,2873,3,accelerometer,5.33,CLEAR,False,18.746,True,DEL-AGRA,proceed_with_caution
82,2.752,fog,True,7,unknown_obstruction,False,3852,57,track_circuit,0.0,CLEAR,False,27.44,False,HYB-SEC,reduce_speed
105,6.023,snow,True,5,equipment_failure_ahead,False,524,14,accelerometer,0.0,CLEAR,True,35.927,False,DEL-AGRA,reduce_speed
151,3.746,clear,False,5,water_logging,True,4319,69,track_circuit,39.05,CLEAR,True,18.665,False,KOL-HOW,reroute
71,15.43,rain,False,4,landslide_debris,False,2783,82,axle_counter,83.04,OCCUPIED,True,9.114,True,CHN-BGLR,reduce_speed
96,17.716,clear,False,4,cattle_crossing,False,4458,60,vibration,0.0,CLEAR,False,2.39,False,KOL-HOW,proceed_with_caution
147,14.866,rain,False,4,track_buckling,False,4085,47,vibration,80.11,CLEAR,True,41.117,False,KOL-HOW,proceed_with_caution
120,6.13,rain,False,5,unknown_obstruction,False,3672,5,vibration,61.49,CLEAR,False,47.395,True,CHN-BGLR,proceed_with_caution
85,19.056,snow,True,6,equipment_failure_ahead,False,1044,8,axle_counter,77.85,CLEAR,False,1.619,True,CHN-BGLR,reduce_speed
64,11.478,rain,True,4,environmental_false_positive,True,939,3,axle_counter,49.9,OCCUPIED,True,38.748,False,MUM-PUNE,proceed_with_caution
170,4.004,clear,True,2,track_buckling,False,3656,11,vibration,0.0,CLEAR,True,14.998,True,MUM-PUNE,proceed_with_caution
76,19.703,heavy_rain,False,3,broken_rail,True,4548,73,vibration,0.0,CLEAR,True,15.465,False,CHN-BGLR,proceed_with_caution
192,1.475,snow,False,6,broken_rail,False,4248,44,axle_counter,0.0,OCCUPIED,True,25.143,False,DEL-AGRA,emergency_stop
86,6.453,rain,False,4,signal_cable_theft,False,656,32,axle_counter,63.51,CLEAR,True,26.674,False,MUM-PUNE,proceed_with_caution
88,13.175,heavy_rain,False,6,sensor_miscount,True,242,10,track_circuit,94.85,CLEAR,False,20.829,False,CHN-BGLR,reroute
122,9.659,heavy_rain,False,6,stranded_vehicle,False,500,20,accelerometer,41.56,CLEAR,True,15.629,False,KOL-HOW,reduce_speed
139,10.3,clear,True,3,boulder,True,2040,18,track_circuit,5.06,OCCUPIED,True,48.134,False,KOL-HOW,proceed_with_caution
93,15.262,fog,True,5,broken_rail,False,4084,2,track_circuit,94.52,OCCUPIED,True,17.645,True,CHN-BGLR,reduce_speed
165,5.715,snow,True,2,track_buckling,False,3006,97,accelerometer,36.59,CLEAR,True,18.126,False,CHN-BGLR,reduce_speed
116,16.506,snow,False,6,track_buckling,False,3236,47,vibration,55.78,OCCUPIED,True,25.456,False,DEL-AGRA,emergency_stop
166,10.387,rain,True,8,track_buckling,False,2619,20,accelerometer,99.06,CLEAR,True,25.486,False,HYB-SEC,reduce_speed
139,6.625,snow,True,5,stranded_vehicle,False,228,76,accelerometer,0.0,OCCUPIED,True,8.526,False,HYB-SEC,reduce_speed
107,0.631,rain,False,2,landslide_debris,False,3440,19,accelerometer,69.05,CLEAR,True,23.58,False,DEL-AGRA,proceed_with_caution
188,6.501,heavy_rain,False,5,water_logging,False,3775,68,vibration,54.63,CLEAR,True,12.326,False,MUM-PUNE,proceed_with_caution
118,14.098,flood,False,5,broken_rail,False,2250,36,track_circuit,57.35,OCCUPIED,True,17.257,False,MUM-PUNE,proceed_with_caution
65,6.927,clear,False,4,broken_rail,True,4422,34,vibration,0.0,CLEAR,True,26.552,False,DEL-AGRA,proceed_with_caution
165,2.011,rain,False,1,signal_cable_theft,False,1303,52,accelerometer,0.0,OCCUPIED,True,14.271,True,DEL-AGRA,proceed_with_caution
54,18.265,clear,True,8,track_buckling,False,307,50,accelerometer,18.63,OCCUPIED,True,28.398,True,KOL-HOW,proceed_with_caution
184,10.486,flood,False,3,signal_cable_theft,False,1589,14,vibration,16.25,CLEAR,False,0.704,False,KOL-HOW,proceed_with_caution
89,12.219,snow,False,5,cattle_crossing,False,720,51,track_circuit,0.0,CLEAR,False,0.342,False,CHN-BGLR,proceed_with_caution
122,11.649,flood,True,4,water_logging,False,518,85,track_circuit,0.0,CLEAR,True,44.756,False,KOL-HOW,proceed_with_caution
120,7.351,fog,True,8,broken_rail,True,4972,47,accelerometer,70.19,OCCUPIED,False,41.28,False,HYB-SEC,reduce_speed
159,10.563,clear,False,8,boulder,True,4496,64,axle_counter,0.0,CLEAR,False,22.092,False,HYB-SEC,reduce_speed
159,16.174,flood,True,5,broken_rail,False,4587,59,vibration,72.33,CLEAR,True,10.895,True,CHN-BGLR,proceed_with_caution
60,18.692,clear,True,8,landslide_debris,True,1484,98,axle_counter,76.58,CLEAR,False,22.427,False,CHN-BGLR,reduce_speed
183,2.66,fog,False,2,signal_cable_theft,False,1053,93,axle_counter,0.0,OCCUPIED,True,35.955,False,CHN-BGLR,proceed_with_caution
133,3.102,clear,True,7,equipment_failure_ahead,True,3444,78,track_circuit,0.0,CLEAR,True,29.889,False,DEL-AGRA,reduce_speed
157,4.687,clear,True,7,landslide_debris,True,2379,29,vibration,57.75,CLEAR,False,49.285,False,CHN-BGLR,reduce_speed
196,17.594,clear,False,6,cattle_crossing,False,394,44,accelerometer,78.58,CLEAR,True,14.994,True,HYB-SEC,reduce_speed
121,17.151,snow,True,5,landslide_debris,False,3422,71,axle_counter,38.84,CLEAR,True,46.111,False,DEL-AGRA,reduce_speed
58,5.369,snow,False,6,boulder,True,4823,92,axle_counter,47.94,CLEAR,False,10.59,True,DEL-AGRA,reduce_speed
107,13.913,snow,False,4,fallen_tree,False,2328,48,accelerometer,53.37,CLEAR,True,44.141,False,CHN-BGLR,proceed_with_caution
97,7.414,rain,True,5,fallen_tree,False,142,33,accelerometer,0.0,CLEAR,True,41.668,False,KOL-HOW,proceed_with_caution
170,9.217,snow,False,4,track_buckling,False,4010,23,track_circuit,0.0,OCCUPIED,True,38.217,False,MUM-PUNE,proceed_with_caution
100,10.115,clear,False,6,environmental_false_positive,False,3968,84,accelerometer,1.57,CLEAR,True,13.737,False,DEL-AGRA,reduce_speed
155,16.123,fog,False,2,boulder,False,1984,24,vibration,81.52,OCCUPIED,True,47.965,False,MUM-PUNE,proceed_with_caution
65,13.075,clear,False,6,boulder,False,3099,70,accelerometer,0.0,OCCUPIED,True,42.266,False,KOL-HOW,reduce_speed
69,17.896,snow,False,3,unknown_obstruction,False,3905,34,track_circuit,92.42,OCCUPIED,True,1.645,False,KOL-HOW,reduce_speed
146,18.577,heavy_rain,True,5,sensor_miscount,False,3197,86,vibration,0.0,OCCUPIED,True,3.921,False,KOL-HOW,reduce_speed
64,6.812,rain,False,8,cattle_crossing,False,2683,3,vibration,78.35,CLEAR,True,47.057,False,HYB-SEC,reduce_speed
120,15.961,clear,False,2,track_buckling,False,1273,94,accelerometer,0.0,CLEAR,False,22.237,False,DEL-AGRA,proceed_with_caution
159,11.14,clear,False,2,boulder,False,772,76,vibration,0.0,CLEAR,True,4.235,False,MUM-PUNE,proceed_with_caution
142,3.39,clear,True,4,track_buckling,True,3570,35,accelerometer,0.0,CLEAR,False,36.045,False,HYB-SEC,proceed_with_caution
122,0.135,clear,False,7,cattle_crossing,False,2709,56,vibration,0.0,CLEAR,True,34.765,False,MUM-PUNE,emergency_stop
119,14.697,flood,False,9,equipment_failure_ahead,True,3090,35,accelerometer,0.0,CLEAR,True,34.086,False,CHN-BGLR,reduce_speed
119,16.626,clear,True,7,equipment_failure_ahead,False,4100,17,vibration,0.0,OCCUPIED,False,3.698,False,CHN-BGLR,reduce_speed
152,10.873,heavy_rain,False,4,equipment_failure_ahead,False,706,13,axle_counter,65.76,CLEAR,True,28.161,False,CHN-BGLR,proceed_with_caution
155,2.119,rain,True,3,unknown_obstruction,False,4765,88,axle_counter,44.58,CLEAR,True,34.522,True,DEL-AGRA,proceed_with_caution
66,2.321,clear,False,3,stranded_vehicle,False,1704,66,accelerometer,0.0,CLEAR,True,15.945,False,DEL-AGRA,reroute
87,18.598,fog,False,5,signal_cable_theft,True,4596,54,accelerometer,23.19,CLEAR,True,32.865,False,HYB-SEC,reroute
154,7.777,rain,False,3,equipment_failure_ahead,False,522,73,track_circuit,0.0,CLEAR,True,5.698,False,CHN-BGLR,proceed_with_caution
197,7.773,fog,True,2,water_logging,False,1423,86,vibration,0.0,CLEAR,True,11.929,True,KOL-HOW,reduce_speed
152,11.929,heavy_rain,True,5,broken_rail,False,1429,71,axle_counter,0.0,CLEAR,False,30.97,False,DEL-AGRA,reduce_speed
143,19.277,clear,False,5,environmental_false_positive,False,3646,62,axle_counter,0.0,OCCUPIED,True,1.635,False,KOL-HOW,proceed_with_caution
171,10.995,rain,True,2,equipment_failure_ahead,False,3015,69,track_circuit,76.0,CLEAR,False,5.121,False,MUM-PUNE,proceed_with_caution
160,5.256,flood,False,2,boulder,False,1951,26,vibration,86.1,CLEAR,True,10.331,False,DEL-AGRA,proceed_with_caution
197,10.775,heavy_rain,True,6,stranded_vehicle,False,4224,86,track_circuit,13.56,OCCUPIED,False,43.352,True,MUM-PUNE,reduce_speed
108,15.229,fog,False,5,sensor_miscount,False,3403,48,accelerometer,0.0,CLEAR,False,34.735,False,CHN-BGLR,proceed_with_caution
45,17.378,rain,False,2,broken_rail,False,2944,8,accelerometer,21.78,OCCUPIED,True,16.143,False,HYB-SEC,proceed_with_caution
169,15.766,heavy_rain,False,7,landslide_debris,True,3774,2,track_circuit,0.0,CLEAR,True,47.902,False,MUM-PUNE,reduce_speed
115,1.867,rain,True,2,environmental_false_positive,False,1365,6,accelerometer,0.0,CLEAR,True,4.759,False,DEL-AGRA,proceed_with_caution
158,0.186,clear,False,7,cattle_crossing,False,3923,9,axle_counter,0.0,CLEAR,True,14.963,False,MUM-PUNE,emergency_stop
62,10.61,fog,True,6,broken_rail,False,1755,80,axle_counter,91.99,OCCUPIED,True,5.023,False,HYB-SEC,reduce_speed
154,6.29,rain,True,4,boulder,True,4933,76,vibration,0.0,OCCUPIED,True,15.082,False,HYB-SEC,proceed_with_caution
58,15.676,rain,False,3,cattle_crossing,True,4102,81,track_circuit,0.0,OCCUPIED,False,6.599,False,HYB-SEC,proceed_with_caution
89,15.255,heavy_rain,False,7,landslide_debris,False,122,33,axle_counter,0.0,OCCUPIED,True,14.324,False,CHN-BGLR,proceed_with_caution
182,10.753,rain,True,2,boulder,False,1674,19,vibration,0.0,CLEAR,True,47.671,False,MUM-PUNE,proceed_with_caution
161,12.246,rain,True,6,environmental_false_positive,False,988,1,axle_counter,0.0,CLEAR,True,25.861,False,KOL-HOW,reduce_speed
113,14.659,clear,True,8,water_logging,False,2238,67,track_circuit,0.0,CLEAR,True,2.772,False,MUM-PUNE,reduce_speed
71,17.885,clear,False,2,unknown_obstruction,False,370,1,axle_counter,4.6,CLEAR,True,46.558,False,HYB-SEC,proceed_with_caution
152,4.49,fog,True,8,water_logging,True,648,73,vibration,0.0,CLEAR,False,49.071,False,DEL-AGRA,reduce_speed
124,6.546,snow,True,1,fallen_tree,True,2499,94,axle_counter,46.39,OCCUPIED,False,36.623,False,MUM-PUNE,reduce_speed
51,4.66,flood,True,7,landslide_debris,False,21,97,accelerometer,84.9,CLEAR,True,11.908,False,DEL-AGRA,proceed_with_caution
116,1.861,clear,False,8,signal_cable_theft,False,3061,58,track_circuit,0.0,CLEAR,True,29.595,True,MUM-PUNE,reduce_speed
125,18.521,clear,False,7,water_logging,False,2237,29,track_circuit,0.0,OCCUPIED,True,7.771,True,CHN-BGLR,reduce_speed
136,19.293,clear,True,4,stranded_vehicle,False,750,20,vibration,0.0,CLEAR,False,7.416,False,KOL-HOW,proceed_with_caution
121,5.203,clear,False,1,cattle_crossing,False,4564,95,axle_counter,0.0,OCCUPIED,True,0.598,False,MUM-PUNE,proceed_with_caution
140,13.726,snow,False,2,sensor_miscount,True,624,2,track_circuit,19.78,OCCUPIED,True,42.364,False,DEL-AGRA,proceed_with_caution
88,18.483,rain,True,6,broken_rail,True,3505,22,vibration,0.0,CLEAR,True,7.432,False,HYB-SEC,reduce_speed
150,17.656,clear,False,2,cattle_crossing,True,1643,82,axle_counter,0.0,OCCUPIED,False,17.956,False,CHN-BGLR,proceed_with_caution
127,7.768,heavy_rain,True,4,fallen_tree,True,2311,7,accelerometer,0.0,OCCUPIED,True,32.843,False,DEL-AGRA,reduce_speed
192,16.93,flood,False,4,track_buckling,True,4863,40,vibration,0.0,OCCUPIED,True,28.383,True,MUM-PUNE,proceed_with_caution
171,10.842,snow,True,1,landslide_debris,True,1802,2,accelerometer,0.0,OCCUPIED,True,8.873,False,KOL-HOW,reduce_speed
81,15.487,clear,False,7,boulder,False,3250,75,track_circuit,33.66,CLEAR,True,47.435,False,CHN-BGLR,reduce_speed
188,13.871,clear,False,7,fallen_tree,False,1446,48,vibration,73.4,CLEAR,False,47.439,False,CHN-BGLR,reduce_speed
190,0.648,snow,False,8,sensor_miscount,True,4642,13,accelerometer,0.0,CLEAR,False,8.394,False,DEL-AGRA,emergency_stop
130,8.933,fog,True,3,boulder,False,895,92,track_circuit,4.81,OCCUPIED,False,44.228,False,CHN-BGLR,reduce_speed
167,15.775,rain,True,6,fallen_tree,True,613,4,vibration,2.01,OCCUPIED,True,8.505,False,DEL-AGRA,reduce_speed
68,6.759,flood,False,8,unknown_obstruction,True,1361,77,accelerometer,0.0,CLEAR,False,20.464,False,HYB-SEC,reduce_speed
105,1.918,clear,False,5,broken_rail,True,2965,0,accelerometer,8.76,CLEAR,True,8.542,False,DEL-AGRA,reroute
146,9.419,clear,False,4,environmental_false_positive,False,1524,47,accelerometer,36.94,CLEAR,True,13.17,False,HYB-SEC,proceed_with_caution
69,1.714,snow,True,5,equipment_failure_ahead,False,4545,7,accelerometer,81.84,OCCUPIED,True,46.818,False,MUM-PUNE,reduce_speed
53,10.042,clear,False,7,environmental_false_positive,False,1217,15,accelerometer,0.0,OCCUPIED,False,6.309,False,CHN-BGLR,reduce_speed
82,16.682,snow,True,8,equipment_failure_ahead,True,3189,71,accelerometer,55.21,CLEAR,False,0.618,False,HYB-SEC,reduce_speed
151,2.993,rain,True,6,boulder,False,4619,99,track_circuit,78.57,OCCUPIED,True,32.739,False,CHN-BGLR,reroute
200,13.616,rain,True,4,water_logging,False,413,95,accelerometer,92.08,CLEAR,False,15.153,False,CHN-BGLR,proceed_with_caution
103,2.688,fog,False,5,water_logging,True,3424,77,track_circuit,0.0,OCCUPIED,True,24.223,False,KOL-HOW,reroute
85,1.312,heavy_rain,False,5,equipment_failure_ahead,False,4668,3,axle_counter,0.0,OCCUPIED,True,22.822,False,MUM-PUNE,emergency_stop
174,7.939,snow,False,6,fallen_tree,False,4876,57,axle_counter,96.05,CLEAR,True,8.176,False,DEL-AGRA,reduce_speed
86,17.076,rain,False,3,fallen_tree,False,1703,34,accelerometer,0.0,CLEAR,True,8.66,False,MUM-PUNE,proceed_with_caution
123,14.255,snow,False,4,cattle_crossing,False,3770,32,axle_counter,46.67,CLEAR,True,49.971,False,KOL-HOW,proceed_with_caution
117,5.97,heavy_rain,True,2,stranded_vehicle,False,2278,33,vibration,0.0,OCCUPIED,False,40.118,False,KOL-HOW,reduce_speed
172,19.949,fog,True,5,cattle_crossing,False,4786,90,axle_counter,0.0,CLEAR,True,23.787,False,KOL-HOW,reduce_speed
187,3.623,snow,True,2,stranded_vehicle,False,4589,97,axle_counter,94.69,CLEAR,True,11.166,False,CHN-BGLR,reduce_speed
111,11.711,rain,True,2,landslide_debris,False,4790,74,track_circuit,0.0,CLEAR,False,19.083,False,DEL-AGRA,proceed_with_caution
96,6.853,clear,False,8,broken_rail,True,1487,99,track_circuit,0.0,CLEAR,True,22.603,False,MUM-PUNE,reduce_speed
67,2.588,clear,False,5,cattle_crossing,False,3150,0,track_circuit,53.38,OCCUPIED,False,37.842,False,DEL-AGRA,proceed_with_caution
108,4.525,fog,False,4,boulder,False,4832,39,axle_counter,0.0,CLEAR,True,36.392,False,KOL-HOW,proceed_with_caution
79,6.855,fog,False,4,fallen_tree,True,3314,2,axle_counter,0.0,CLEAR,True,25.232,True,DEL-AGRA,proceed_with_caution
181,12.463,fog,True,1,boulder,False,171,6,track_circuit,41.68,CLEAR,True,35.093,False,DEL-AGRA,reduce_speed
178,5.4,fog,False,3,boulder,False,974,36,track_circuit,78.48,CLEAR,True,13.15,False,MUM-PUNE,proceed_with_caution
86,0.788,rain,True,3,broken_rail,False,32,1,track_circuit,90.69,CLEAR,True,25.585,False,DEL-AGRA,proceed_with_caution
161,19.773,fog,True,5,boulder,False,333,37,vibration,80.16,CLEAR,True,42.562,False,DEL-AGRA,reduce_speed
88,6.573,fog,False,8,stranded_vehicle,False,771,47,vibration,18.29,CLEAR,True,41.785,False,CHN-BGLR,reduce_speed
87,2.261,fog,False,2,track_buckling,True,4849,61,accelerometer,18.13,OCCUPIED,True,43.129,False,MUM-PUNE,proceed_with_caution
150,8.814,rain,True,6,landslide_debris,False,4309,98,axle_counter,97.79,CLEAR,True,30.912,False,MUM-PUNE,reduce_speed
143,2.973,fog,False,8,sensor_miscount,True,1295,64,accelerometer,0.0,CLEAR,True,12.045,False,DEL-AGRA,reduce_speed
141,8.066,heavy_rain,True,5,equipment_failure_ahead,False,731,63,accelerometer,31.61,OCCUPIED,True,20.172,True,HYB-SEC,proceed_with_caution
122,17.802,snow,True,6,broken_rail,False,2986,6,axle_counter,84.43,CLEAR,True,23.657,False,CHN-BGLR,reduce_speed
101,0.044,snow,True,6,equipment_failure_ahead,True,4286,47,track_circuit,0.0,CLEAR,False,37.126,False,KOL-HOW,reduce_speed
145,4.312,clear,False,3,water_logging,True,3405,5,track_circuit,77.21,CLEAR,True,25.21,False,DEL-AGRA,proceed_with_caution
155,16.776,clear,False,5,track_buckling,False,1432,93,axle_counter,10.36,CLEAR,True,48.975,False,MUM-PUNE,proceed_with_caution
120,9.057,flood,True,5,unknown_obstruction,False,4206,38,vibration,0.0,CLEAR,True,14.529,False,MUM-PUNE,proceed_with_caution
90,10.078,fog,False,4,boulder,False,4616,61,accelerometer,67.42,OCCUPIED,True,0.639,True,CHN-BGLR,proceed_with_caution
96,5.34,fog,False,9,environmental_false_positive,True,518,88,vibration,0.0,CLEAR,True,30.805,False,HYB-SEC,reduce_speed
188,7.778,fog,True,7,unknown_obstruction,True,394,48,accelerometer,41.66,OCCUPIED,True,37.183,False,CHN-BGLR,reduce_speed
139,15.102,flood,True,6,equipment_failure_ahead,False,1595,37,accelerometer,0.0,CLEAR,True,25.692,False,CHN-BGLR,reduce_speed
86,11.68,clear,True,4,unknown_obstruction,False,337,19,vibration,59.69,CLEAR,True,17.904,False,KOL-HOW,proceed_with_caution
178,1.364,flood,True,5,signal_cable_theft,False,2872,28,axle_counter,66.33,CLEAR,True,37.633,False,HYB-SEC,proceed_with_caution
47,2.294,flood,True,3,environmental_false_positive,False,2007,5,vibration,0.0,CLEAR,True,14.141,False,KOL-HOW,proceed_with_caution
169,0.877,heavy_rain,False,3,signal_cable_theft,True,796,21,track_circuit,0.0,CLEAR,False,43.248,False,DEL-AGRA,proceed_with_caution
156,12.931,snow,False,6,track_buckling,True,2727,4,track_circuit,0.0,OCCUPIED,True,28.748,False,KOL-HOW,reduce_speed
148,8.661,rain,True,6,signal_cable_theft,True,528,96,track_circuit,0.0,CLEAR,True,14.492,False,HYB-SEC,reduce_speed
157,7.628,snow,False,1,track_buckling,False,1127,95,accelerometer,79.68,OCCUPIED,True,33.864,False,KOL-HOW,proceed_with_caution
187,2.827,clear,True,5,cattle_crossing,False,707,39,axle_counter,74.83,CLEAR,False,42.573,True,MUM-PUNE,proceed_with_caution
94,2.292,snow,False,5,landslide_debris,False,4506,59,track_circuit,0.0,CLEAR,True,29.03,False,KOL-HOW,proceed_with_caution
70,5.703,fog,True,3,broken_rail,False,2514,88,axle_counter,56.56,OCCUPIED,False,8.432,False,MUM-PUNE,reduce_speed
115,16.802,fog,True,6,broken_rail,False,2948,99,vibration,0.0,CLEAR,True,42.09,False,MUM-PUNE,reduce_speed
64,14.549,clear,False,7,environmental_false_positive,True,4776,74,accelerometer,0.0,OCCUPIED,True,27.173,False,CHN-BGLR,reduce_speed
145,4.466,clear,False,6,stranded_vehicle,True,4115,65,track_circuit,0.0,CLEAR,False,40.327,False,MUM-PUNE,reduce_speed
85,3.583,clear,False,6,track_buckling,False,3970,45,track_circuit,21.88,CLEAR,True,11.701,False,HYB-SEC,reduce_speed
165,18.358,rain,False,1,environmental_false_positive,False,4281,81,vibration,83.49,CLEAR,True,18.833,False,HYB-SEC,proceed_with_caution
177,5.032,snow,False,3,cattle_crossing,False,2836,62,accelerometer,0.0,CLEAR,True,8.28,True,KOL-HOW,proceed_with_caution
137,12.04,clear,False,6,cattle_crossing,False,938,61,accelerometer,0.0,CLEAR,True,12.184,True,HYB-SEC,reduce_speed
55,17.816,fog,True,3,track_buckling,False,3331,76,track_circuit,87.85,OCCUPIED,True,30.326,False,CHN-BGLR,reduce_speed
198,2.854,snow,True,7,sensor_miscount,False,2176,21,vibration,0.0,CLEAR,True,5.429,False,HYB-SEC,reduce_speed
200,1.926,snow,True,6,landslide_debris,False,4363,64,track_circuit,0.0,OCCUPIED,True,0.06,False,CHN-BGLR,reduce_speed
56,13.953,rain,True,8,broken_rail,False,3133,44,track_circuit,42.55,CLEAR,True,42.953,False,HYB-SEC,reduce_speed
46,11.56,clear,True,1,environmental_false_positive,True,2597,52,vibration,10.66,CLEAR,True,42.749,False,KOL-HOW,proceed_with_caution
146,15.099,flood,True,7,broken_rail,True,4590,71,accelerometer,25.38,CLEAR,False,19.906,True,DEL-AGRA,reduce_speed
86,2.006,rain,True,7,equipment_failure_ahead,False,436,20,accelerometer,0.0,OCCUPIED,False,23.583,False,DEL-AGRA,reduce_speed
65,12.181,clear,False,8,cattle_crossing,False,4278,36,track_circuit,0.0,CLEAR,True,10.085,False,HYB-SEC,reduce_speed
198,10.211,clear,False,6,environmental_false_positive,True,1969,83,track_circuit,0.0,OCCUPIED,False,17.656,False,HYB-SEC,reduce_speed
62,18.384,clear,False,6,signal_cable_theft,False,2861,44,vibration,0.0,CLEAR,True,0.233,True,HYB-SEC,reduce_speed
120,6.799,clear,True,5,stranded_vehicle,False,4719,32,accelerometer,96.61,OCCUPIED,False,48.062,False,CHN-BGLR,proceed_with_caution
168,2.325,snow,True,6,fallen_tree,False,1893,40,accelerometer,0.0,OCCUPIED,True,14.364,False,KOL-HOW,reduce_speed
166,6.277,flood,True,5,track_buckling,False,1567,63,axle_counter,0.0,OCCUPIED,True,10.138,False,HYB-SEC,proceed_with_caution
75,18.404,snow,False,6,sensor_miscount,True,4445,5,accelerometer,37.12,CLEAR,False,44.85,False,CHN-BGLR,reduce_speed
175,5.605,snow,True,5,landslide_debris,False,3476,61,track_circuit,50.25,OCCUPIED,False,22.86,True,HYB-SEC,reduce_speed
48,13.482,fog,True,2,water_logging,False,2137,23,vibration,23.71,OCCUPIED,True,9.196,False,CHN-BGLR,reduce_speed
147,5.593,rain,True,3,sensor_miscount,False,828,92,vibration,80.41,OCCUPIED,True,40.002,False,CHN-BGLR,proceed_with_caution
172,2.689,clear,False,6,signal_cable_theft,False,3996,38,vibration,0.0,CLEAR,True,3.002,False,CHN-BGLR,reduce_speed
130,5.195,clear,False,5,equipment_failure_ahead,True,172,52,track_circuit,0.0,CLEAR,True,26.922,False,KOL-HOW,reroute
169,15.495,fog,True,2,sensor_miscount,True,1196,21,vibration,42.18,OCCUPIED,True,8.1,False,KOL-HOW,reduce_speed
199,12.893,fog,True,5,water_logging,False,4277,57,accelerometer,0.0,CLEAR,True,12.582,False,DEL-AGRA,reduce_speed
69,1.276,rain,False,5,landslide_debris,False,4302,97,track_circuit,0.0,CLEAR,False,19.492,False,KOL-HOW,proceed_with_caution
179,16.77,clear,True,6,water_logging,False,3837,69,vibration,0.0,OCCUPIED,True,8.852,False,HYB-SEC,reduce_speed
181,6.193,fog,True,5,equipment_failure_ahead,True,2532,46,accelerometer,25.98,CLEAR,True,37.915,True,KOL-HOW,reduce_speed
170,18.939,clear,False,1,cattle_crossing,False,4900,29,track_circuit,0.0,CLEAR,True,19.738,True,CHN-BGLR,proceed_with_caution
65,8.445,clear,True,7,sensor_miscount,False,2237,36,vibration,0.0,CLEAR,True,31.845,False,KOL-HOW,reduce_speed
127,0.388,rain,True,5,track_buckling,False,2321,34,axle_counter,0.0,CLEAR,True,24.679,False,KOL-HOW,proceed_with_caution
140,9.274,rain,False,4,equipment_failure_ahead,False,469,34,accelerometer,7.14,CLEAR,False,12.504,False,DEL-AGRA,proceed_with_caution
108,7.696,snow,False,3,landslide_debris,True,779,66,axle_counter,47.28,OCCUPIED,True,36.412,False,HYB-SEC,proceed_with_caution
121,3.974,clear,False,7,fallen_tree,False,1943,81,accelerometer,0.0,OCCUPIED,True,19.79,False,DEL-AGRA,reduce_speed
197,3.1,fog,False,3,broken_rail,True,2782,97,track_circuit,0.0,OCCUPIED,False,6.291,False,HYB-SEC,proceed_with_caution
157,14.664,snow,True,4,unknown_obstruction,True,333,62,accelerometer,55.9,CLEAR,True,17.383,False,KOL-HOW,reduce_speed
186,3.207,heavy_rain,True,5,stranded_vehicle,False,3729,0,accelerometer,0.0,CLEAR,True,31.01,False,DEL-AGRA,reduce_speed
144,3.797,heavy_rain,False,7,track_buckling,False,2652,52,vibration,0.0,CLEAR,False,8.932,True,DEL-AGRA,reduce_speed
191,12.835,clear,False,5,sensor_miscount,False,2106,6,vibration,0.0,CLEAR,False,32.787,False,DEL-AGRA,proceed_with_caution
137,11.16,fog,False,5,water_logging,False,487,78,vibration,0.0,OCCUPIED,True,10.795,False,DEL-AGRA,proceed_with_caution
93,3.862,heavy_rain,False,5,track_buckling,False,4582,53,track_circuit,76.63,CLEAR,False,21.354,True,MUM-PUNE,proceed_with_caution
85,10.678,heavy_rain,True,8,water_logging,False,2669,47,accelerometer,76.42,OCCUPIED,True,12.036,False,CHN-BGLR,reduce_speed
110,7.2,flood,True,8,landslide_debris,False,2340,76,track_circuit,51.76,CLEAR,False,10.741,False,KOL-HOW,reduce_speed
191,18.518,heavy_rain,True,1,water_logging,True,2180,46,axle_counter,23.3,CLEAR,True,45.894,False,KOL-HOW,reduce_speed
192,16.39,clear,True,6,landslide_debris,False,4730,48,track_circuit,78.01,CLEAR,False,20.826,False,MUM-PUNE,reduce_speed
47,12.678,snow,False,2,signal_cable_theft,True,4433,72,axle_counter,0.0,CLEAR,True,49.868,False,HYB-SEC,proceed_with_caution
155,5.796,clear,False,3,boulder,False,413,70,accelerometer,26.26,CLEAR,False,6.519,True,HYB-SEC,proceed_with_caution
191,3.922,rain,False,6,fallen_tree,True,2191,99,accelerometer,0.0,CLEAR,True,18.263,True,KOL-HOW,reduce_speed
123,3.385,clear,False,7,equipment_failure_ahead,False,1204,56,track_circuit,0.0,CLEAR,True,37.887,False,DEL-AGRA,reduce_speed
82,17.375,clear,False,1,unknown_obstruction,False,2509,57,accelerometer,0.0,OCCUPIED,True,27.321,False,HYB-SEC,proceed_with_caution
81,13.901,fog,False,4,environmental_false_positive,False,2102,21,track_circuit,28.4,CLEAR,True,0.417,False,KOL-HOW,proceed_with_caution
137,17.286,flood,True,7,environmental_false_positive,False,3128,65,track_circuit,90.39,OCCUPIED,True,9.321,False,CHN-BGLR,reduce_speed
55,4.948,fog,True,4,cattle_crossing,False,160,44,vibration,35.54,CLEAR,False,25.063,False,KOL-HOW,reduce_speed
52,18.883,flood,False,3,water_logging,False,1134,11,accelerometer,0.0,CLEAR,True,21.323,False,HYB-SEC,proceed_with_caution
97,13.049,heavy_rain,True,6,fallen_tree,False,2541,88,axle_counter,0.0,CLEAR,True,7.902,True,HYB-SEC,reduce_speed
126,16.79,clear,True,1,water_logging,False,3401,52,vibration,44.3,CLEAR,True,6.577,True,HYB-SEC,proceed_with_caution
104,11.927,heavy_rain,True,1,boulder,False,3914,17,accelerometer,71.2,CLEAR,True,23.692,True,MUM-PUNE,proceed_with_caution
150,4.451,flood,False,3,fallen_tree,True,3608,78,accelerometer,68.79,OCCUPIED,True,38.811,False,CHN-BGLR,proceed_with_caution
191,11.876,rain,True,7,equipment_failure_ahead,True,905,57,accelerometer,0.0,OCCUPIED,True,26.893,False,DEL-AGRA,reduce_speed
57,3.797,heavy_rain,True,8,equipment_failure_ahead,False,3789,21,accelerometer,0.0,CLEAR,False,23.179,False,DEL-AGRA,reduce_speed
194,18.757,clear,False,3,cattle_crossing,False,214,22,accelerometer,0.0,OCCUPIED,True,16.204,False,MUM-PUNE,proceed_with_caution
74,14.125,clear,False,2,unknown_obstruction,False,4201,78,axle_counter,37.87,CLEAR,True,16.76,False,MUM-PUNE,proceed_with_caution
58,8.392,clear,False,7,broken_rail,True,1490,15,axle_counter,0.0,CLEAR,True,22.932,False,HYB-SEC,reduce_speed
171,4.758,heavy_rain,True,5,cattle_crossing,False,4935,76,track_circuit,24.47,CLEAR,True,41.263,True,MUM-PUNE,reduce_speed
82,17.077,rain,False,7,stranded_vehicle,False,728,6,track_circuit,0.0,CLEAR,True,33.046,False,HYB-SEC,reduce_speed
161,14.987,clear,False,1,equipment_failure_ahead,True,3029,48,track_circuit,0.0,CLEAR,True,34.731,False,HYB-SEC,proceed_with_caution
98,12.241,clear,True,6,environmental_false_positive,False,728,61,vibration,42.71,CLEAR,True,31.162,False,HYB-SEC,reduce_speed
172,9.85,heavy_rain,True,6,unknown_obstruction,True,1595,0,track_circuit,0.0,OCCUPIED,True,30.765,False,DEL-AGRA,reduce_speed
99,0.226,heavy_rain,True,4,equipment_failure_ahead,True,2469,64,vibration,0.0,CLEAR,True,36.22,False,DEL-AGRA,reduce_speed
131,18.446,clear,False,5,landslide_debris,False,3954,19,accelerometer,89.21,CLEAR,False,46.389,True,HYB-SEC,proceed_with_caution
125,11.104,fog,True,5,water_logging,False,2906,8,axle_counter,0.0,CLEAR,True,26.714,True,HYB-SEC,reduce_speed
123,14.105,heavy_rain,True,1,cattle_crossing,True,1956,47,accelerometer,82.95,CLEAR,True,5.612,False,MUM-PUNE,reduce_speed
51,15.981,rain,False,3,water_logging,False,4299,39,vibration,0.0,OCCUPIED,False,33.836,True,DEL-AGRA,proceed_with_caution
178,2.317,fog,True,1,sensor_miscount,False,2740,59,track_circuit,10.31,CLEAR,False,31.943,False,MUM-PUNE,reduce_speed
126,15.456,clear,False,4,track_buckling,True,134,79,track_circuit,20.66,CLEAR,True,47.164,False,HYB-SEC,proceed_with_caution
131,10.812,clear,True,1,environmental_false_positive,True,3152,6,track_circuit,0.0,OCCUPIED,False,31.474,False,CHN-BGLR,proceed_with_caution
95,14.258,rain,False,5,equipment_failure_ahead,False,4661,16,track_circuit,81.29,CLEAR,True,32.221,False,CHN-BGLR,proceed_with_caution
111,18.257,clear,False,6,environmental_false_positive,False,2670,58,accelerometer,3.03,CLEAR,True,42.288,False,KOL-HOW,reduce_speed
71,8.114,clear,False,2,signal_cable_theft,False,2484,68,accelerometer,40.08,CLEAR,True,7.951,False,DEL-AGRA,proceed_with_caution
196,8.623,snow,False,5,water_logging,False,1944,22,track_circuit,73.94,CLEAR,True,16.269,True,CHN-BGLR,proceed_with_caution
62,11.965,flood,False,6,cattle_crossing,False,513,11,axle_counter,0.0,OCCUPIED,True,22.649,False,HYB-SEC,proceed_with_caution
126,5.995,clear,False,6,cattle_crossing,False,2830,11,track_circuit,61.15,OCCUPIED,False,3.121,False,DEL-AGRA,emergency_stop
136,2.194,snow,True,1,cattle_crossing,False,3239,80,vibration,71.18,CLEAR,True,33.124,False,MUM-PUNE,reduce_speed
137,16.799,snow,True,10,environmental_false_positive,True,105,9,track_circuit,14.4,CLEAR,False,6.789,True,CHN-BGLR,reduce_speed
199,18.606,flood,False,5,cattle_crossing,False,3696,49,vibration,22.57,CLEAR,True,42.34,False,HYB-SEC,proceed_with_caution
192,7.339,flood,False,5,unknown_obstruction,False,4763,61,track_circuit,14.21,CLEAR,True,44.496,True,CHN-BGLR,proceed_with_caution
64,13.681,fog,True,5,sensor_miscount,True,2824,68,track_circuit,46.89,CLEAR,True,17.646,False,KOL-HOW,reduce_speed
197,14.989,clear,False,5,landslide_debris,False,4746,21,track_circuit,65.63,OCCUPIED,True,14.341,True,HYB-SEC,proceed_with_caution
109,2.651,snow,True,7,landslide_debris,False,4956,22,axle_counter,65.92,OCCUPIED,True,35.039,False,HYB-SEC,reduce_speed
66,19.347,rain,True,7,broken_rail,False,3392,98,accelerometer,23.79,OCCUPIED,True,28.888,False,DEL-AGRA,reduce_speed
74,1.05,snow,True,5,broken_rail,False,4372,29,accelerometer,68.35,CLEAR,True,43.514,True,CHN-BGLR,reduce_speed
180,13.658,rain,True,8,environmental_false_positive,False,3547,78,vibration,33.5,OCCUPIED,True,29.209,False,MUM-PUNE,reduce_speed
94,10.399,heavy_rain,False,10,water_logging,False,79,8,track_circuit,0.0,CLEAR,True,36.263,False,DEL-AGRA,reduce_speed
197,13.132,clear,False,8,environmental_false_positive,True,992,11,axle_counter,0.0,OCCUPIED,True,12.667,False,DEL-AGRA,reduce_speed
115,15.387,flood,False,6,equipment_failure_ahead,False,1336,99,track_circuit,0.0,CLEAR,True,3.003,False,KOL-HOW,reduce_speed
96,12.206,clear,True,5,track_buckling,False,3542,27,track_circuit,91.26,CLEAR,True,28.567,False,CHN-BGLR,reroute
45,18.658,clear,False,4,unknown_obstruction,False,3215,73,track_circuit,51.54,CLEAR,True,36.388,False,DEL-AGRA,proceed_with_caution
168,2.424,clear,False,10,water_logging,False,3291,7,track_circuit,36.54,CLEAR,True,38.325,False,MUM-PUNE,emergency_stop
93,5.977,flood,True,2,unknown_obstruction,False,705,80,accelerometer,0.0,CLEAR,True,49.819,False,CHN-BGLR,proceed_with_caution
123,9.994,heavy_rain,False,7,landslide_debris,True,469,43,track_circuit,0.0,OCCUPIED,True,22.919,False,HYB-SEC,reduce_speed
63,0.738,heavy_rain,True,6,broken_rail,False,385,31,axle_counter,0.0,OCCUPIED,False,4.865,False,HYB-SEC,reduce_speed
74,9.943,snow,False,3,equipment_failure_ahead,True,2773,94,accelerometer,0.0,CLEAR,False,10.662,True,MUM-PUNE,proceed_with_caution
81,15.151,clear,True,4,track_buckling,False,4777,5,axle_counter,10.0,OCCUPIED,True,24.348,True,MUM-PUNE,proceed_with_caution
196,17.738,fog,True,7,equipment_failure_ahead,False,1049,26,axle_counter,63.98,CLEAR,False,30.527,True,MUM-PUNE,reduce_speed
67,12.544,heavy_rain,False,4,landslide_debris,False,1582,15,track_circuit,0.0,CLEAR,True,10.405,True,DEL-AGRA,proceed_with_caution
166,9.95,fog,True,8,landslide_debris,False,2345,26,accelerometer,25.14,CLEAR,False,46.243,True,DEL-AGRA,reduce_speed
105,14.428,clear,False,4,fallen_tree,False,2678,29,track_circuit,0.0,CLEAR,True,9.998,False,DEL-AGRA,proceed_with_caution
156,2.899,rain,False,5,cattle_crossing,False,3759,92,axle_counter,63.2,CLEAR,True,34.611,True,MUM-PUNE,proceed_with_caution
152,3.424,rain,True,8,sensor_miscount,True,1402,73,axle_counter,8.65,OCCUPIED,True,23.674,False,DEL-AGRA,reduce_speed
108,4.957,fog,True,3,sensor_miscount,False,4709,0,accelerometer,0.0,OCCUPIED,False,25.211,False,CHN-BGLR,reduce_speed
70,9.049,snow,True,5,landslide_debris,False,3341,27,axle_counter,0.0,CLEAR,True,23.989,False,CHN-BGLR,reduce_speed
51,19.528,fog,True,3,unknown_obstruction,False,3044,80,accelerometer,0.0,OCCUPIED,True,44.672,False,DEL-AGRA,reduce_speed
183,11.505,snow,True,6,sensor_miscount,False,459,65,vibration,0.0,CLEAR,True,2.044,False,HYB-SEC,reduce_speed
97,2.768,heavy_rain,True,5,environmental_false_positive,False,4762,89,axle_counter,0.0,CLEAR,False,25.178,False,DEL-AGRA,reduce_speed
169,10.029,rain,False,5,signal_cable_theft,False,4375,37,accelerometer,0.0,CLEAR,False,4.365,False,MUM-PUNE,proceed_with_caution
72,3.295,flood,True,3,track_buckling,False,4275,80,track_circuit,0.0,CLEAR,True,36.885,True,MUM-PUNE,proceed_with_caution
104,16.699,flood,True,4,sensor_miscount,False,2683,62,accelerometer,0.0,OCCUPIED,True,39.463,False,KOL-HOW,proceed_with_caution
57,2.967,snow,True,8,sensor_miscount,False,4395,36,axle_counter,0.0,CLEAR,True,49.689,False,CHN-BGLR,reduce_speed
188,14.143,clear,False,9,track_buckling,False,4432,20,vibration,0.0,CLEAR,True,7.269,False,KOL-HOW,emergency_stop
184,19.512,flood,True,6,broken_rail,False,4709,85,axle_counter,79.96,CLEAR,True,23.949,True,HYB-SEC,reduce_speed
101,8.919,clear,True,2,environmental_false_positive,True,4322,28,vibration,0.0,CLEAR,True,33.578,True,HYB-SEC,proceed_with_caution
199,12.102,rain,False,8,water_logging,False,3513,47,accelerometer,37.28,CLEAR,True,22.279,False,MUM-PUNE,reduce_speed
151,16.074,rain,True,7,cattle_crossing,False,3403,17,track_circuit,14.36,CLEAR,False,49.332,True,HYB-SEC,reduce_speed
149,12.776,clear,True,3,broken_rail,False,1131,25,axle_counter,83.23,CLEAR,True,41.312,False,KOL-HOW,proceed_with_caution
102,0.537,fog,True,4,environmental_false_positive,False,3881,15,vibration,41.72,OCCUPIED,True,1.422,False,CHN-BGLR,reduce_speed
137,11.621,clear,False,7,environmental_false_positive,False,989,47,track_circuit,0.0,CLEAR,True,23.052,False,KOL-HOW,reduce_speed
152,12.725,clear,False,1,stranded_vehicle,False,639,65,axle_counter,0.0,OCCUPIED,True,8.357,False,KOL-HOW,proceed_with_caution
122,5.429,fog,False,4,signal_cable_theft,False,1187,1,axle_counter,51.82,OCCUPIED,True,46.045,True,MUM-PUNE,proceed_with_caution
93,15.902,clear,False,6,signal_cable_theft,False,4524,89,track_circuit,0.0,CLEAR,True,0.869,False,KOL-HOW,reduce_speed
197,10.462,rain,False,3,stranded_vehicle,True,981,28,axle_counter,0.0,CLEAR,True,10.492,False,CHN-BGLR,proceed_with_caution
64,0.376,snow,True,5,fallen_tree,True,4216,75,track_circuit,46.91,CLEAR,True,0.514,True,DEL-AGRA,reduce_speed
96,3.696,clear,False,2,unknown_obstruction,False,4759,44,vibration,0.0,CLEAR,True,40.979,False,HYB-SEC,proceed_with_caution
117,3.435,clear,False,1,unknown_obstruction,True,1763,64,accelerometer,0.0,CLEAR,False,9.042,False,CHN-BGLR,proceed_with_caution
149,2.257,heavy_rain,False,2,boulder,False,4071,97,vibration,0.0,CLEAR,True,19.239,False,KOL-HOW,proceed_with_caution
102,11.078,snow,True,7,fallen_tree,False,3906,86,vibration,17.93,CLEAR,True,26.133,False,DEL-AGRA,reduce_speed
196,19.551,rain,False,8,track_buckling,True,1640,43,axle_counter,59.5,CLEAR,False,36.26,False,HYB-SEC,reduce_speed
147,7.122,snow,False,8,broken_rail,False,1217,98,accelerometer,10.8,CLEAR,True,47.12,True,DEL-AGRA,reduce_speed
51,19.441,rain,True,6,track_buckling,False,799,97,track_circuit,66.11,OCCUPIED,True,33.105,False,KOL-HOW,proceed_with_caution
183,10.932,snow,False,1,cattle_crossing,False,985,49,accelerometer,31.46,CLEAR,True,8.843,False,KOL-HOW,proceed_with_caution
155,2.69,clear,False,5,boulder,False,4028,84,accelerometer,0.0,CLEAR,True,24.735,False,HYB-SEC,proceed_with_caution
117,6.41,snow,True,1,water_logging,False,4793,3,vibration,38.06,CLEAR,True,17.563,False,MUM-PUNE,reduce_speed
66,18.208,rain,True,4,water_logging,True,4420,41,track_circuit,46.09,CLEAR,False,13.331,False,HYB-SEC,reroute
144,6.448,rain,True,5,unknown_obstruction,False,2762,63,vibration,16.66,CLEAR,True,24.848,False,DEL-AGRA,proceed_with_caution
118,5.303,heavy_rain,True,5,equipment_failure_ahead,True,763,91,track_circuit,59.19,CLEAR,False,23.763,False,DEL-AGRA,reduce_speed
121,8.658,rain,True,3,cattle_crossing,True,4231,58,axle_counter,0.0,CLEAR,True,48.106,False,CHN-BGLR,proceed_with_caution
156,18.693,fog,False,2,fallen_tree,False,1220,30,axle_counter,74.64,OCCUPIED,True,43.009,False,MUM-PUNE,proceed_with_caution
118,12.921,clear,True,6,cattle_crossing,True,1238,24,track_circuit,24.56,CLEAR,True,21.807,False,DEL-AGRA,reduce_speed
52,5.168,clear,False,6,track_buckling,False,355,92,accelerometer,0.0,OCCUPIED,True,30.08,False,CHN-BGLR,reduce_speed
68,7.938,fog,False,7,fallen_tree,True,4108,15,vibration,0.0,CLEAR,True,40.334,False,HYB-SEC,reduce_speed
105,18.71,snow,True,2,fallen_tree,False,3610,52,vibration,0.0,CLEAR,True,47.436,False,CHN-BGLR,reduce_speed
116,17.589,clear,False,4,unknown_obstruction,False,2534,2,track_circuit,0.0,CLEAR,False,11.984,False,KOL-HOW,proceed_with_caution
76,10.698,fog,True,5,landslide_debris,False,3229,32,vibration,0.0,CLEAR,False,8.011,False,KOL-HOW,reduce_speed
149,15.786,snow,True,2,equipment_failure_ahead,False,3869,94,accelerometer,92.65,OCCUPIED,False,41.012,False,KOL-HOW,reduce_speed
199,14.585,rain,True,4,unknown_obstruction,True,436,82,axle_counter,0.0,CLEAR,True,15.277,False,DEL-AGRA,proceed_with_caution
78,16.939,heavy_rain,False,7,water_logging,False,1103,33,axle_counter,68.75,OCCUPIED,True,20.725,True,CHN-BGLR,reduce_speed
102,0.415,flood,True,5,sensor_miscount,False,738,59,axle_counter,0.0,CLEAR,True,30.02,True,KOL-HOW,proceed_with_caution
48,14.372,heavy_rain,True,8,broken_rail,False,4058,15,axle_counter,0.0,OCCUPIED,False,13.31,False,CHN-BGLR,reduce_speed
198,4.311,snow,False,6,fallen_tree,False,3356,18,track_circuit,29.02,CLEAR,True,12.416,False,CHN-BGLR,reduce_speed
127,19.488,rain,True,3,cattle_crossing,False,4902,32,track_circuit,0.0,CLEAR,False,23.547,False,HYB-SEC,proceed_with_caution
198,14.191,flood,False,1,signal_cable_theft,False,2488,50,vibration,0.0,CLEAR,True,25.187,False,CHN-BGLR,proceed_with_caution
180,8.659,rain,True,4,track_buckling,False,2311,95,vibration,92.62,OCCUPIED,True,41.479,False,HYB-SEC,proceed_with_caution
125,14.737,flood,True,8,signal_cable_theft,False,3614,6,axle_counter,0.0,CLEAR,True,8.178,False,DEL-AGRA,reduce_speed
55,8.83,flood,False,5,broken_rail,False,1222,15,vibration,9.36,CLEAR,True,25.437,False,HYB-SEC,proceed_with_caution
46,10.52,flood,True,5,boulder,True,4090,86,track_circuit,0.0,CLEAR,False,6.1,False,DEL-AGRA,reroute
65,9.205,clear,False,5,environmental_false_positive,False,4877,84,track_circuit,0.0,CLEAR,False,16.246,False,HYB-SEC,proceed_with_caution
117,6.463,snow,True,2,sensor_miscount,False,3277,32,axle_counter,24.01,CLEAR,False,8.147,False,KOL-HOW,reduce_speed
84,2.412,flood,True,5,equipment_failure_ahead,False,4953,16,vibration,66.55,CLEAR,True,44.271,False,HYB-SEC,proceed_with_caution
153,16.22,clear,False,5,cattle_crossing,True,4215,43,accelerometer,0.0,OCCUPIED,True,32.361,True,CHN-BGLR,reroute
167,6.008,flood,False,6,stranded_vehicle,False,4295,54,vibration,0.0,OCCUPIED,True,25.533,False,CHN-BGLR,reduce_speed
109,7.109,heavy_rain,True,7,landslide_debris,True,3801,22,axle_counter,0.0,CLEAR,False,14.882,False,CHN-BGLR,reduce_speed
112,6.827,rain,False,7,fallen_tree,True,4958,33,track_circuit,0.0,CLEAR,True,8.587,False,CHN-BGLR,reduce_speed
199,14.518,flood,True,7,sensor_miscount,False,3245,38,track_circuit,0.0,CLEAR,False,34.802,True,DEL-AGRA,reduce_speed
106,8.716,fog,False,7,fallen_tree,True,3806,18,accelerometer,0.0,CLEAR,True,35.13,False,CHN-BGLR,reroute
96,5.897,heavy_rain,False,4,water_logging,True,3547,53,accelerometer,73.71,CLEAR,True,25.668,False,CHN-BGLR,proceed_with_caution
49,8.44,clear,False,2,environmental_false_positive,False,3887,14,accelerometer,62.27,CLEAR,True,8.067,False,CHN-BGLR,proceed_with_caution
101,11.753,clear,False,8,unknown_obstruction,False,1084,37,accelerometer,95.98,OCCUPIED,False,42.227,False,KOL-HOW,reduce_speed
168,2.582,clear,True,6,boulder,False,4054,38,axle_counter,0.0,OCCUPIED,True,13.04,False,MUM-PUNE,reduce_speed
53,16.136,flood,True,2,fallen_tree,True,1845,62,vibration,99.37,OCCUPIED,False,27.851,False,HYB-SEC,proceed_with_caution
57,18.533,clear,False,5,equipment_failure_ahead,True,877,100,track_circuit,0.0,CLEAR,True,5.903,False,KOL-HOW,reroute
158,15.239,clear,False,7,track_buckling,False,2751,17,track_circuit,84.86,OCCUPIED,False,0.329,False,CHN-BGLR,reduce_speed
66,5.32,heavy_rain,False,5,environmental_false_positive,False,1251,96,accelerometer,0.0,OCCUPIED,True,20.465,False,HYB-SEC,proceed_with_caution
52,8.852,rain,False,6,signal_cable_theft,False,704,43,vibration,0.0,CLEAR,True,1.855,False,MUM-PUNE,reduce_speed
178,19.453,clear,False,8,unknown_obstruction,False,2503,92,vibration,0.0,OCCUPIED,False,30.52,True,CHN-BGLR,reduce_speed
184,12.487,clear,False,5,water_logging,False,3323,99,axle_counter,0.0,CLEAR,True,36.255,False,MUM-PUNE,proceed_with_caution
99,1.856,heavy_rain,True,5,equipment_failure_ahead,False,201,3,vibration,24.13,OCCUPIED,False,5.522,True,KOL-HOW,reduce_speed
76,0.955,heavy_rain,False,2,stranded_vehicle,False,52,58,vibration,0.0,CLEAR,True,39.239,False,MUM-PUNE,proceed_with_caution
108,2.105,heavy_rain,True,3,equipment_failure_ahead,False,812,18,accelerometer,0.0,CLEAR,True,6.503,False,DEL-AGRA,reduce_speed
195,11.179,heavy_rain,False,7,sensor_miscount,False,3478,56,accelerometer,73.17,OCCUPIED,True,6.356,False,MUM-PUNE,reduce_speed
180,2.361,heavy_rain,True,5,unknown_obstruction,True,4589,47,track_circuit,60.16,CLEAR,True,14.48,False,DEL-AGRA,reduce_speed
122,5.88,flood,True,3,equipment_failure_ahead,False,408,39,vibration,21.56,CLEAR,True,3.378,True,CHN-BGLR,proceed_with_caution
131,15.627,heavy_rain,True,6,sensor_miscount,True,1144,64,accelerometer,76.17,CLEAR,False,4.466,False,HYB-SEC,reduce_speed
146,6.78,clear,True,6,broken_rail,False,735,21,track_circuit,57.2,CLEAR,True,27.968,True,HYB-SEC,reduce_speed
190,10.435,snow,False,5,landslide_debris,True,4366,23,track_circuit,0.0,CLEAR,False,44.383,False,HYB-SEC,reroute
56,9.829,rain,False,4,track_buckling,False,4334,40,accelerometer,0.0,OCCUPIED,True,14.268,True,DEL-AGRA,proceed_with_caution
88,1.178,flood,False,3,unknown_obstruction,True,3204,12,vibration,14.25,CLEAR,False,44.975,True,MUM-PUNE,proceed_with_caution
171,10.172,heavy_rain,True,8,stranded_vehicle,True,3817,70,accelerometer,0.0,CLEAR,True,44.308,False,HYB-SEC,reduce_speed
187,13.031,clear,True,5,broken_rail,True,4109,26,axle_counter,0.0,OCCUPIED,True,21.188,False,CHN-BGLR,reroute
119,13.061,snow,True,2,broken_rail,True,2065,87,accelerometer,0.0,CLEAR,True,2.274,False,HYB-SEC,reduce_speed
76,16.61,clear,False,10,cattle_crossing,True,4145,40,vibration,63.52,CLEAR,True,16.082,False,HYB-SEC,reduce_speed
79,12.929,flood,True,5,landslide_debris,False,3394,71,accelerometer,0.0,OCCUPIED,True,3.876,True,CHN-BGLR,proceed_with_caution
141,16.549,rain,True,3,equipment_failure_ahead,False,79,15,accelerometer,0.0,CLEAR,True,0.989,False,KOL-HOW,proceed_with_caution
122,16.168,snow,True,9,water_logging,True,4047,90,axle_counter,0.71,CLEAR,True,25.016,True,MUM-PUNE,reduce_speed
199,11.303,heavy_rain,True,2,boulder,True,4678,29,vibration,0.0,OCCUPIED,True,26.647,False,HYB-SEC,reduce_speed
154,12.819,clear,False,2,water_logging,False,3343,35,track_circuit,68.02,CLEAR,True,2.173,False,DEL-AGRA,proceed_with_caution
159,6.325,rain,True,4,sensor_miscount,False,1858,88,accelerometer,0.0,CLEAR,True,3.142,False,DEL-AGRA,proceed_with_caution
196,15.944,snow,False,7,fallen_tree,True,1962,43,track_circuit,0.0,OCCUPIED,False,30.978,False,CHN-BGLR,reduce_speed
60,18.334,clear,False,8,unknown_obstruction,True,1054,7,accelerometer,5.48,CLEAR,True,27.963,False,CHN-BGLR,reduce_speed
150,4.662,heavy_rain,True,6,landslide_debris,False,3812,54,track_circuit,0.0,CLEAR,True,9.624,True,HYB-SEC,reduce_speed
94,18.087,heavy_rain,True,5,water_logging,False,3652,23,axle_counter,0.0,CLEAR,True,21.792,False,KOL-HOW,reduce_speed
82,2.948,flood,True,4,water_logging,False,4250,75,axle_counter,0.0,CLEAR,True,10.019,False,DEL-AGRA,proceed_with_caution
164,11.995,fog,True,5,water_logging,False,3439,42,axle_counter,0.0,CLEAR,False,31.938,False,CHN-BGLR,reduce_speed
129,16.145,clear,False,5,landslide_debris,False,614,45,track_circuit,0.0,CLEAR,True,29.284,False,DEL-AGRA,proceed_with_caution
117,3.483,clear,False,6,water_logging,False,2024,22,axle_counter,2.15,OCCUPIED,True,33.873,False,DEL-AGRA,reduce_speed
161,4.803,clear,False,6,signal_cable_theft,False,3563,91,track_circuit,0.0,OCCUPIED,True,18.91,False,HYB-SEC,reduce_speed
56,15.262,fog,True,7,stranded_vehicle,False,2694,31,track_circuit,62.95,OCCUPIED,False,48.419,False,MUM-PUNE,reduce_speed
61,3.349,snow,True,8,equipment_failure_ahead,False,4094,66,accelerometer,17.9,CLEAR,True,47.788,False,HYB-SEC,reduce_speed
194,12.995,flood,True,8,broken_rail,False,3253,27,vibration,42.5,CLEAR,False,18.705,False,MUM-PUNE,reduce_speed
177,7.031,clear,False,5,sensor_miscount,False,3705,59,accelerometer,40.9,CLEAR,True,8.978,False,DEL-AGRA,proceed_with_caution
173,10.256,clear,False,7,fallen_tree,True,594,46,track_circuit,54.6,CLEAR,True,15.136,False,KOL-HOW,reduce_speed
80,19.968,heavy_rain,False,6,stranded_vehicle,True,2463,36,vibration,78.31,OCCUPIED,False,37.89,True,HYB-SEC,reduce_speed
146,4.552,flood,False,3,fallen_tree,False,4537,96,accelerometer,72.25,CLEAR,True,42.29,False,CHN-BGLR,proceed_with_caution
187,0.602,rain,True,7,stranded_vehicle,False,89,63,vibration,33.98,CLEAR,False,38.142,False,KOL-HOW,emergency_stop
53,18.443,clear,True,8,water_logging,False,4949,77,accelerometer,0.0,OCCUPIED,True,19.322,False,KOL-HOW,reduce_speed
122,1.865,rain,True,5,landslide_debris,False,4952,62,track_circuit,0.0,OCCUPIED,True,10.295,False,HYB-SEC,emergency_stop
177,0.221,clear,False,8,cattle_crossing,True,917,16,accelerometer,0.0,CLEAR,False,10.324,False,KOL-HOW,emergency_stop
166,3.176,fog,True,4,fallen_tree,False,3769,35,axle_counter,0.0,CLEAR,False,30.242,False,KOL-HOW,reduce_speed
162,9.254,flood,True,2,environmental_false_positive,False,3748,44,vibration,0.0,CLEAR,True,30.887,False,CHN-BGLR,proceed_with_caution
190,1.911,clear,False,1,track_buckling,True,4415,37,track_circuit,0.0,OCCUPIED,True,38.093,True,KOL-HOW,emergency_stop
128,8.202,clear,True,3,landslide_debris,False,609,81,accelerometer,38.12,OCCUPIED,True,0.537,True,MUM-PUNE,proceed_with_caution
169,9.227,fog,True,6,unknown_obstruction,False,1158,60,vibration,0.0,OCCUPIED,True,8.862,True,CHN-BGLR,reduce_speed
47,13.548,fog,True,4,fallen_tree,False,4370,27,accelerometer,0.0,CLEAR,True,2.621,True,CHN-BGLR,reduce_speed
140,18.175,flood,True,1,landslide_debris,False,2771,24,track_circuit,0.0,OCCUPIED,False,8.394,True,CHN-BGLR,proceed_with_caution
127,11.241,snow,True,3,signal_cable_theft,False,3515,15,axle_counter,21.38,CLEAR,True,32.7,True,MUM-PUNE,reduce_speed
116,12.999,clear,False,2,fallen_tree,False,4915,63,track_circuit,0.0,CLEAR,True,16.218,False,CHN-BGLR,proceed_with_caution
79,6.641,flood,False,8,water_logging,False,3959,8,vibration,1.76,CLEAR,True,11.621,False,DEL-AGRA,reduce_speed
76,6.177,heavy_rain,False,6,sensor_miscount,True,1136,47,accelerometer,0.0,CLEAR,True,11.903,False,CHN-BGLR,reduce_speed
116,6.351,rain,False,1,equipment_failure_ahead,False,2373,96,track_circuit,22.9,CLEAR,True,2.704,False,MUM-PUNE,proceed_with_caution
101,12.161,fog,True,4,broken_rail,False,539,62,track_circuit,0.0,CLEAR,True,10.211,True,HYB-SEC,reduce_speed
97,4.726,snow,True,6,stranded_vehicle,True,1628,31,accelerometer,0.0,CLEAR,True,48.386,False,CHN-BGLR,reduce_speed
146,7.554,flood,True,5,sensor_miscount,False,1286,61,track_circuit,76.19,OCCUPIED,False,46.077,False,MUM-PUNE,proceed_with_caution
142,9.273,clear,False,4,sensor_miscount,False,2739,17,accelerometer,0.0,CLEAR,False,36.518,False,CHN-BGLR,proceed_with_caution
140,7.681,flood,True,9,boulder,False,328,15,accelerometer,0.0,CLEAR,True,12.763,False,KOL-HOW,emergency_stop
139,13.929,rain,False,8,unknown_obstruction,True,3923,4,vibration,0.0,CLEAR,True,13.067,False,MUM-PUNE,reduce_speed
86,0.247,heavy_rain,False,6,cattle_crossing,False,4811,10,axle_counter,0.0,OCCUPIED,True,15.111,False,CHN-BGLR,emergency_stop
67,2.185,fog,True,7,track_buckling,True,1726,95,accelerometer,0.0,OCCUPIED,False,0.079,True,CHN-BGLR,reduce_speed
155,3.413,fog,True,6,fallen_tree,False,4127,14,accelerometer,0.0,CLEAR,True,9.136,False,KOL-HOW,reduce_speed
157,12.537,flood,False,7,track_buckling,True,712,48,track_circuit,27.68,CLEAR,True,24.26,False,DEL-AGRA,reduce_speed
46,13.306,snow,False,1,fallen_tree,False,69,48,vibration,93.21,OCCUPIED,True,16.828,False,KOL-HOW,proceed_with_caution
137,13.302,snow,True,2,water_logging,False,830,0,accelerometer,87.05,OCCUPIED,False,6.943,False,HYB-SEC,reduce_speed
108,7.369,fog,False,6,broken_rail,False,1549,0,vibration,1.66,OCCUPIED,False,36.791,False,MUM-PUNE,reduce_speed
65,6.967,rain,False,8,broken_rail,False,832,93,accelerometer,0.0,OCCUPIED,False,43.812,False,HYB-SEC,reroute
122,16.647,snow,False,9,broken_rail,True,3665,14,accelerometer,0.0,CLEAR,True,47.21,False,DEL-AGRA,reduce_speed
86,18.58,fog,True,4,stranded_vehicle,True,2120,85,accelerometer,0.0,CLEAR,False,31.677,False,KOL-HOW,reduce_speed
198,1.293,flood,True,8,unknown_obstruction,False,3136,83,accelerometer,0.0,CLEAR,True,5.569,False,HYB-SEC,reduce_speed
74,11.457,fog,True,4,cattle_crossing,False,23,39,track_circuit,0.0,OCCUPIED,False,15.982,False,MUM-PUNE,reduce_speed
101,2.132,heavy_rain,True,7,water_logging,True,2441,28,accelerometer,0.0,CLEAR,True,33.268,False,DEL-AGRA,reduce_speed
76,5.469,rain,False,5,environmental_false_positive,False,4065,37,accelerometer,5.88,CLEAR,False,42.403,False,MUM-PUNE,proceed_with_caution
90,17.136,clear,False,4,environmental_false_positive,False,1314,2,accelerometer,33.74,OCCUPIED,False,19.553,False,KOL-HOW,proceed_with_caution
185,7.875,flood,True,6,sensor_miscount,False,453,90,vibration,0.0,CLEAR,True,24.122,False,MUM-PUNE,reduce_speed
47,7.245,fog,False,2,equipment_failure_ahead,False,1219,48,accelerometer,0.0,OCCUPIED,True,48.708,True,DEL-AGRA,proceed_with_caution
131,11.868,heavy_rain,False,6,cattle_crossing,True,983,30,accelerometer,0.0,CLEAR,True,34.59,False,DEL-AGRA,reduce_speed
142,5.504,snow,False,4,boulder,True,1009,62,axle_counter,2.3,CLEAR,False,39.717,True,CHN-BGLR,proceed_with_caution
121,11.428,fog,True,2,equipment_failure_ahead,False,3330,89,track_circuit,39.38,CLEAR,False,26.949,False,DEL-AGRA,reduce_speed
75,3.613,clear,False,3,signal_cable_theft,False,2584,15,track_circuit,0.0,CLEAR,True,12.838,False,DEL-AGRA,proceed_with_caution
138,19.326,heavy_rain,True,9,environmental_false_positive,True,2472,5,vibration,65.92,CLEAR,True,15.647,False,KOL-HOW,reduce_speed
70,13.252,heavy_rain,True,1,track_buckling,True,1773,17,axle_counter,59.18,CLEAR,True,3.718,False,CHN-BGLR,reduce_speed
161,1.665,clear,True,5,unknown_obstruction,True,1679,9,vibration,0.0,OCCUPIED,True,32.389,False,MUM-PUNE,emergency_stop
156,7.579,clear,False,3,stranded_vehicle,True,911,87,accelerometer,0.0,CLEAR,True,13.663,False,MUM-PUNE,proceed_with_caution
101,7.573,clear,True,8,track_buckling,False,2521,75,accelerometer,9.55,OCCUPIED,False,27.577,False,DEL-AGRA,reduce_speed
144,3.613,flood,False,6,equipment_failure_ahead,False,4881,51,accelerometer,59.23,CLEAR,True,7.775,True,CHN-BGLR,reduce_speed
139,14.15,clear,True,6,unknown_obstruction,False,3605,45,accelerometer,50.22,OCCUPIED,True,35.923,False,MUM-PUNE,reduce_speed
123,8.13,snow,True,2,boulder,True,1976,11,axle_counter,0.0,OCCUPIED,True,24.643,False,CHN-BGLR,reduce_speed
79,9.593,flood,True,10,signal_cable_theft,False,3331,1,axle_counter,0.0,OCCUPIED,False,37.483,False,HYB-SEC,emergency_stop
159,19.293,clear,False,8,signal_cable_theft,False,1442,9,vibration,83.94,OCCUPIED,True,18.955,False,DEL-AGRA,reduce_speed
183,17.016,fog,False,4,broken_rail,True,1755,0,accelerometer,21.75,OCCUPIED,False,25.776,False,CHN-BGLR,proceed_with_caution
59,7.115,snow,False,4,water_logging,True,2874,92,axle_counter,0.0,CLEAR,True,4.237,False,MUM-PUNE,proceed_with_caution
46,3.113,flood,False,3,cattle_crossing,False,2995,54,axle_counter,53.64,CLEAR,True,41.968,True,KOL-HOW,proceed_with_caution
95,2.213,clear,True,3,cattle_crossing,False,268,20,axle_counter,94.84,CLEAR,True,24.778,False,MUM-PUNE,proceed_with_caution
147,10.037,snow,False,7,cattle_crossing,True,893,2,axle_counter,0.0,OCCUPIED,True,33.916,False,HYB-SEC,reduce_speed
119,5.644,rain,True,5,sensor_miscount,True,4198,23,axle_counter,0.0,OCCUPIED,False,12.368,False,MUM-PUNE,reroute
71,14.023,snow,True,3,sensor_miscount,False,1228,29,track_circuit,0.0,CLEAR,True,7.31,True,MUM-PUNE,reduce_speed
149,10.499,clear,False,9,fallen_tree,False,3935,7,accelerometer,64.39,CLEAR,True,47.15,False,MUM-PUNE,emergency_stop
55,0.011,clear,False,4,stranded_vehicle,False,4978,12,accelerometer,18.48,CLEAR,True,4.844,True,HYB-SEC,proceed_with_caution
137,14.826,clear,False,7,signal_cable_theft,False,1961,83,vibration,21.0,CLEAR,True,31.478,False,DEL-AGRA,reduce_speed
93,3.859,flood,True,2,signal_cable_theft,False,2479,92,accelerometer,0.0,CLEAR,True,6.392,False,KOL-HOW,proceed_with_caution
188,19.503,snow,False,5,unknown_obstruction,True,3582,8,accelerometer,0.0,CLEAR,True,48.374,False,HYB-SEC,reroute
93,14.814,flood,True,6,signal_cable_theft,False,1365,56,accelerometer,56.25,CLEAR,True,9.203,True,MUM-PUNE,reduce_speed
176,9.109,clear,False,5,stranded_vehicle,False,2437,90,vibration,0.0,CLEAR,True,14.592,False,KOL-HOW,proceed_with_caution
58,12.848,clear,True,7,signal_cable_theft,True,2856,80,vibration,32.46,OCCUPIED,True,30.574,False,DEL-AGRA,reduce_speed
136,4.386,clear,False,3,landslide_debris,False,4788,13,accelerometer,94.57,OCCUPIED,True,27.544,False,MUM-PUNE,proceed_with_caution
146,3.113,clear,True,6,water_logging,True,3934,11,accelerometer,0.0,OCCUPIED,True,28.483,False,MUM-PUNE,reduce_speed
86,17.705,clear,False,6,fallen_tree,True,600,54,axle_counter,45.5,CLEAR,True,36.338,False,HYB-SEC,reroute
73,16.531,rain,False,6,landslide_debris,True,694,34,axle_counter,0.0,OCCUPIED,True,39.583,False,KOL-HOW,reroute
80,9.609,clear,False,5,track_buckling,False,3933,19,axle_counter,5.59,CLEAR,True,41.246,True,KOL-HOW,proceed_with_caution
151,2.837,flood,False,1,cattle_crossing,False,2904,83,vibration,22.59,CLEAR,False,45.081,False,DEL-AGRA,proceed_with_caution
117,7.146,flood,False,2,boulder,False,4962,19,axle_counter,42.86,CLEAR,True,7.511,False,KOL-HOW,proceed_with_caution
71,5.422,clear,False,4,stranded_vehicle,False,635,100,track_circuit,0.0,OCCUPIED,True,7.389,False,CHN-BGLR,proceed_with_caution
154,19.192,clear,True,2,track_buckling,True,3164,45,vibration,49.42,CLEAR,True,39.675,False,MUM-PUNE,proceed_with_caution
182,10.675,heavy_rain,True,7,cattle_crossing,True,3465,67,axle_counter,0.0,CLEAR,True,42.53,False,CHN-BGLR,reduce_speed
60,18.227,flood,True,7,equipment_failure_ahead,False,2424,58,axle_counter,83.53,CLEAR,False,2.793,True,MUM-PUNE,reduce_speed
153,7.434,clear,False,6,boulder,False,4875,20,track_circuit,0.0,CLEAR,True,28.459,False,MUM-PUNE,reduce_speed
80,14.962,rain,False,4,cattle_crossing,False,3647,100,track_circuit,0.0,CLEAR,True,30.209,True,MUM-PUNE,reroute
161,11.083,fog,False,8,signal_cable_theft,False,1872,54,axle_counter,0.0,CLEAR,False,6.257,False,HYB-SEC,reduce_speed
188,12.102,rain,True,6,broken_rail,False,3328,48,axle_counter,5.47,CLEAR,True,5.42,True,HYB-SEC,reduce_speed
106,5.644,rain,True,2,sensor_miscount,True,2542,24,axle_counter,0.0,CLEAR,True,28.506,True,CHN-BGLR,proceed_with_caution
124,0.17,rain,True,4,cattle_crossing,False,2586,96,accelerometer,0.0,OCCUPIED,True,20.364,False,DEL-AGRA,emergency_stop
51,11.744,snow,True,6,landslide_debris,True,1251,87,accelerometer,0.0,OCCUPIED,True,10.782,False,MUM-PUNE,reduce_speed
173,10.326,clear,False,6,equipment_failure_ahead,False,1084,43,vibration,36.03,CLEAR,False,34.144,False,HYB-SEC,reduce_speed
190,12.556,flood,True,7,track_buckling,False,2545,70,track_circuit,49.89,CLEAR,False,8.074,False,KOL-HOW,reduce_speed
162,5.159,clear,False,4,broken_rail,False,1160,15,accelerometer,3.96,CLEAR,False,45.857,True,KOL-HOW,proceed_with_caution
125,7.474,fog,False,5,stranded_vehicle,False,359,79,track_circuit,0.0,CLEAR,True,7.728,True,CHN-BGLR,proceed_with_caution
63,4.461,rain,False,6,water_logging,False,4393,59,track_circuit,0.0,OCCUPIED,False,38.411,True,KOL-HOW,reduce_speed
199,9.726,rain,False,5,stranded_vehicle,False,4475,19,accelerometer,0.0,CLEAR,True,30.054,False,KOL-HOW,proceed_with_caution
99,1.082,flood,False,8,environmental_false_positive,False,2074,81,axle_counter,0.0,CLEAR,True,43.689,False,CHN-BGLR,reduce_speed
111,3.682,fog,True,8,cattle_crossing,False,2442,21,axle_counter,34.93,CLEAR,True,39.193,False,CHN-BGLR,reduce_speed
144,16.46,fog,True,8,fallen_tree,True,4748,78,axle_counter,32.37,CLEAR,False,46.691,False,KOL-HOW,reduce_speed
149,5.256,flood,False,9,track_buckling,False,4748,12,track_circuit,0.0,CLEAR,True,8.305,False,KOL-HOW,emergency_stop
192,19.102,clear,False,4,stranded_vehicle,False,4123,15,accelerometer,64.89,CLEAR,True,41.409,False,KOL-HOW,proceed_with_caution
154,7.462,clear,False,3,cattle_crossing,False,3593,81,vibration,0.0,OCCUPIED,False,5.191,False,HYB-SEC,proceed_with_caution
184,1.994,clear,False,6,landslide_debris,False,3455,27,axle_counter,77.69,CLEAR,False,47.528,False,CHN-BGLR,reduce_speed
146,0.152,snow,True,3,stranded_vehicle,True,2176,39,accelerometer,0.0,OCCUPIED,True,0.777,True,KOL-HOW,reduce_speed
198,6.349,heavy_rain,True,5,cattle_crossing,True,3216,24,accelerometer,82.85,CLEAR,True,48.868,True,KOL-HOW,reduce_speed
70,14.2,rain,True,2,sensor_miscount,False,2141,70,axle_counter,0.0,CLEAR,True,0.577,False,MUM-PUNE,emergency_stop
65,11.436,heavy_rain,True,6,broken_rail,False,2943,23,axle_counter,0.0,CLEAR,True,12.263,False,CHN-BGLR,reduce_speed
115,1.659,fog,True,1,sensor_miscount,False,918,58,track_circuit,10.71,CLEAR,True,3.869,False,MUM-PUNE,reduce_speed
50,8.275,rain,True,6,fallen_tree,False,3084,40,accelerometer,0.0,CLEAR,False,32.983,False,DEL-AGRA,reduce_speed
133,9.678,rain,False,5,track_buckling,False,2094,15,axle_counter,0.0,CLEAR,False,10.815,False,MUM-PUNE,reduce_speed
77,5.352,clear,False,8,water_logging,False,2421,59,accelerometer,43.61,OCCUPIED,True,9.894,False,KOL-HOW,reduce_speed
195,6.232,clear,False,8,broken_rail,False,3664,54,vibration,0.0,CLEAR,True,28.357,False,DEL-AGRA,reduce_speed
175,5.061,flood,True,6,environmental_false_positive,False,4355,45,accelerometer,0.0,OCCUPIED,True,9.296,False,MUM-PUNE,reduce_speed
125,2.446,rain,True,1,water_logging,True,4658,41,axle_counter,56.16,CLEAR,True,10.873,False,HYB-SEC,proceed_with_caution
64,11.479,snow,False,6,cattle_crossing,False,2632,25,axle_counter,4.97,CLEAR,False,21.062,True,MUM-PUNE,reduce_speed
105,11.528,heavy_rain,True,6,sensor_miscount,False,3792,36,axle_counter,84.16,CLEAR,True,26.376,False,DEL-AGRA,reduce_speed
151,14.465,clear,True,6,cattle_crossing,True,2575,63,track_circuit,39.33,CLEAR,True,45.524,False,HYB-SEC,reduce_speed
47,2.775,clear,False,7,unknown_obstruction,False,1404,11,axle_counter,72.41,OCCUPIED,True,0.247,False,DEL-AGRA,reduce_speed
73,0.96,snow,True,4,unknown_obstruction,False,3119,34,axle_counter,92.49,CLEAR,True,7.4,False,CHN-BGLR,reduce_speed
178,10.552,fog,True,6,stranded_vehicle,False,3964,28,track_circuit,26.38,OCCUPIED,True,41.777,False,MUM-PUNE,reduce_speed
171,1.205,clear,True,3,cattle_crossing,True,866,43,axle_counter,81.4,OCCUPIED,True,22.701,True,HYB-SEC,emergency_stop
138,7.712,clear,False,6,fallen_tree,False,1549,8,vibration,42.31,OCCUPIED,True,5.103,False,DEL-AGRA,reduce_speed
162,3.741,clear,True,6,broken_rail,False,979,70,track_circuit,0.0,CLEAR,True,25.396,True,KOL-HOW,reduce_speed
142,14.64,clear,False,4,cattle_crossing,True,2270,67,accelerometer,0.0,CLEAR,True,47.949,False,DEL-AGRA,proceed_with_caution
106,1.317,heavy_rain,True,3,sensor_miscount,False,3324,50,accelerometer,10.13,CLEAR,True,10.179,False,HYB-SEC,reduce_speed
92,10.065,clear,False,5,stranded_vehicle,False,1964,21,vibration,0.0,CLEAR,False,7.092,True,CHN-BGLR,proceed_with_caution
112,17.625,clear,True,7,landslide_debris,False,3891,74,track_circuit,0.0,CLEAR,True,0.87,False,KOL-HOW,reduce_speed
87,15.1,heavy_rain,False,2,equipment_failure_ahead,False,3717,62,vibration,98.98,CLEAR,True,22.938,False,KOL-HOW,proceed_with_caution
197,9.687,flood,True,5,environmental_false_positive,True,3371,28,axle_counter,0.0,CLEAR,False,48.665,False,DEL-AGRA,reroute
72,19.309,flood,False,6,broken_rail,False,4326,22,vibration,91.03,OCCUPIED,True,20.865,False,KOL-HOW,reduce_speed
132,16.683,heavy_rain,True,7,sensor_miscount,False,2852,36,track_circuit,96.95,OCCUPIED,True,34.046,False,KOL-HOW,reduce_speed
122,9.736,fog,True,4,broken_rail,True,2328,75,track_circuit,5.32,CLEAR,True,41.706,True,MUM-PUNE,reduce_speed
173,13.307,clear,False,3,boulder,False,1178,93,axle_counter,0.0,CLEAR,True,46.647,False,CHN-BGLR,proceed_with_caution
70,17.861,flood,False,6,track_buckling,False,2651,74,axle_counter,0.0,CLEAR,True,9.976,False,KOL-HOW,reduce_speed
184,3.667,fog,False,7,boulder,True,3630,88,vibration,50.38,CLEAR,True,21.025,False,DEL-AGRA,reduce_speed
152,1.769,clear,True,8,equipment_failure_ahead,True,4205,47,axle_counter,62.09,CLEAR,False,6.297,False,CHN-BGLR,reduce_speed
162,16.784,flood,True,4,environmental_false_positive,True,4878,12,vibration,56.54,OCCUPIED,True,29.231,False,DEL-AGRA,proceed_with_caution
188,14.808,heavy_rain,True,3,environmental_false_positive,False,1277,38,vibration,0.0,OCCUPIED,True,10.035,True,MUM-PUNE,reduce_speed
69,4.944,clear,True,1,signal_cable_theft,False,465,15,vibration,0.0,OCCUPIED,False,27.336,False,CHN-BGLR,proceed_with_caution
155,2.925,heavy_rain,True,3,unknown_obstruction,False,1408,65,axle_counter,47.62,CLEAR,True,29.438,False,KOL-HOW,reduce_speed
72,9.279,fog,False,3,stranded_vehicle,False,4632,49,track_circuit,0.0,CLEAR,False,30.994,True,KOL-HOW,proceed_with_caution
162,5.538,rain,False,4,signal_cable_theft,True,4311,49,track_circuit,0.0,CLEAR,False,16.965,False,MUM-PUNE,proceed_with_caution
122,18.47,snow,True,7,broken_rail,False,3874,77,axle_counter,57.6,CLEAR,True,47.76,False,HYB-SEC,reduce_speed
52,17.041,clear,True,2,boulder,False,3912,41,axle_counter,0.0,CLEAR,False,36.408,False,CHN-BGLR,proceed_with_caution
109,2.289,clear,False,2,equipment_failure_ahead,False,251,22,vibration,10.77,CLEAR,False,28.689,True,KOL-HOW,proceed_with_caution
102,4.024,fog,True,7,equipment_failure_ahead,False,714,74,track_circuit,0.0,CLEAR,False,44.665,False,CHN-BGLR,reduce_speed
132,3.706,snow,False,8,environmental_false_positive,False,1567,26,accelerometer,50.09,CLEAR,True,6.894,True,CHN-BGLR,reduce_speed
190,1.563,flood,False,4,boulder,False,431,76,vibration,2.25,OCCUPIED,True,35.164,True,MUM-PUNE,emergency_stop
192,4.828,clear,False,6,stranded_vehicle,False,474,69,track_circuit,58.28,CLEAR,True,21.07,False,DEL-AGRA,reduce_speed
129,18.483,heavy_rain,False,7,fallen_tree,False,4629,78,track_circuit,0.0,OCCUPIED,True,30.622,True,HYB-SEC,reduce_speed
55,2.081,clear,False,3,water_logging,False,2495,100,axle_counter,0.0,CLEAR,False,9.809,False,CHN-BGLR,proceed_with_caution
186,9.643,fog,True,4,track_buckling,False,3506,70,axle_counter,0.0,OCCUPIED,False,18.385,True,CHN-BGLR,reduce_speed
68,11.772,clear,True,6,equipment_failure_ahead,False,4663,5,track_circuit,0.0,OCCUPIED,True,6.336,True,DEL-AGRA,reduce_speed
107,19.962,heavy_rain,True,4,environmental_false_positive,True,639,9,vibration,0.0,CLEAR,False,17.848,False,MUM-PUNE,reduce_speed
138,15.604,rain,True,6,signal_cable_theft,False,2622,89,track_circuit,5.4,OCCUPIED,True,13.989,False,MUM-PUNE,reduce_speed
123,14.838,heavy_rain,True,4,equipment_failure_ahead,True,1935,89,accelerometer,64.99,OCCUPIED,True,41.816,False,HYB-SEC,reduce_speed
66,1.194,snow,False,4,landslide_debris,False,3161,56,track_circuit,22.44,CLEAR,True,2.613,False,HYB-SEC,proceed_with_caution
200,15.09,flood,True,7,stranded_vehicle,False,4851,27,track_circuit,34.09,OCCUPIED,False,46.428,False,DEL-AGRA,reduce_speed
118,17.17,flood,False,5,sensor_miscount,False,4260,33,axle_counter,96.03,OCCUPIED,False,6.594,True,KOL-HOW,proceed_with_caution
183,5.916,clear,False,1,stranded_vehicle,False,2062,100,track_circuit,12.43,OCCUPIED,False,22.19,True,DEL-AGRA,proceed_with_caution
167,12.755,flood,True,5,sensor_miscount,False,2274,78,vibration,95.33,CLEAR,False,13.807,False,MUM-PUNE,proceed_with_caution
57,4.653,clear,False,3,signal_cable_theft,False,4760,40,track_circuit,0.0,CLEAR,False,12.953,False,KOL-HOW,proceed_with_caution
105,6.995,clear,True,5,signal_cable_theft,True,1681,41,vibration,82.91,CLEAR,True,14.154,True,HYB-SEC,reroute
149,17.948,rain,True,8,stranded_vehicle,False,1323,47,track_circuit,0.0,OCCUPIED,True,30.452,False,HYB-SEC,reduce_speed
193,14.257,fog,False,4,sensor_miscount,True,1239,48,track_circuit,0.0,CLEAR,False,31.516,False,HYB-SEC,proceed_with_caution
180,15.964,snow,False,6,signal_cable_theft,False,2215,24,vibration,91.11,CLEAR,False,18.098,False,DEL-AGRA,reduce_speed
149,7.238,rain,True,5,water_logging,False,4967,29,accelerometer,0.0,CLEAR,False,6.264,False,CHN-BGLR,proceed_with_caution
200,5.206,fog,True,4,boulder,False,4147,18,accelerometer,0.0,OCCUPIED,False,0.776,True,KOL-HOW,reduce_speed
165,14.857,fog,True,1,cattle_crossing,True,1377,9,axle_counter,51.49,OCCUPIED,True,20.116,False,KOL-HOW,reduce_speed
131,11.83,flood,False,10,landslide_debris,True,2917,57,accelerometer,63.08,CLEAR,True,6.73,True,HYB-SEC,reduce_speed
66,3.045,flood,True,6,environmental_false_positive,False,3117,41,accelerometer,17.67,OCCUPIED,True,14.867,False,HYB-SEC,reduce_speed
175,16.881,heavy_rain,True,4,water_logging,False,1183,5,axle_counter,43.05,CLEAR,True,4.973,False,DEL-AGRA,reduce_speed
102,17.707,rain,True,8,sensor_miscount,False,1907,85,vibration,0.0,CLEAR,True,8.443,False,DEL-AGRA,reduce_speed
94,0.133,heavy_rain,False,1,fallen_tree,True,4688,54,accelerometer,52.09,CLEAR,True,35.316,False,CHN-BGLR,proceed_with_caution
67,17.29,rain,False,6,boulder,False,657,95,axle_counter,72.74,CLEAR,True,22.673,False,DEL-AGRA,proceed_with_caution
54,8.668,rain,False,7,water_logging,True,4582,84,track_circuit,0.0,CLEAR,True,43.606,False,MUM-PUNE,reduce_speed
92,14.671,clear,True,3,boulder,False,1764,0,accelerometer,0.0,OCCUPIED,True,34.399,False,HYB-SEC,proceed_with_caution
180,13.139,rain,True,4,fallen_tree,False,3983,62,accelerometer,59.78,CLEAR,True,48.146,False,KOL-HOW,proceed_with_caution
108,13.248,rain,True,5,water_logging,False,2857,89,accelerometer,70.48,OCCUPIED,False,30.053,False,DEL-AGRA,proceed_with_caution
149,1.216,heavy_rain,False,4,water_logging,False,3630,54,accelerometer,0.0,CLEAR,False,16.992,False,KOL-HOW,proceed_with_caution
87,10.72,clear,False,2,sensor_miscount,False,1068,77,track_circuit,0.0,OCCUPIED,True,35.237,False,HYB-SEC,proceed_with_caution
98,7.242,clear,True,3,signal_cable_theft,False,1888,37,axle_counter,91.07,CLEAR,True,12.435,True,DEL-AGRA,proceed_with_caution
173,7.959,heavy_rain,True,3,stranded_vehicle,True,2035,4,vibration,74.99,CLEAR,True,37.026,False,DEL-AGRA,reduce_speed
151,0.403,heavy_rain,False,5,track_buckling,True,4828,50,axle_counter,83.15,OCCUPIED,True,37.174,False,CHN-BGLR,emergency_stop
192,9.428,clear,True,2,cattle_crossing,False,3969,36,axle_counter,38.24,OCCUPIED,False,38.135,False,CHN-BGLR,proceed_with_caution
146,15.424,flood,True,5,boulder,False,2733,18,track_circuit,0.0,CLEAR,False,29.67,True,CHN-BGLR,proceed_with_caution
190,15.212,rain,True,5,cattle_crossing,False,2777,19,track_circuit,32.14,OCCUPIED,True,10.461,False,CHN-BGLR,proceed_with_caution
105,6.437,rain,False,5,unknown_obstruction,False,677,13,accelerometer,69.93,CLEAR,True,25.997,True,MUM-PUNE,proceed_with_caution
54,17.71,flood,True,6,signal_cable_theft,False,4491,53,accelerometer,0.0,CLEAR,True,46.099,False,HYB-SEC,reduce_speed
189,13.004,flood,True,5,fallen_tree,False,3051,66,vibration,0.0,OCCUPIED,False,36.007,False,MUM-PUNE,proceed_with_caution
166,0.196,fog,True,3,boulder,False,55,39,axle_counter,0.0,CLEAR,True,3.055,False,MUM-PUNE,reduce_speed
102,6.899,fog,True,3,stranded_vehicle,False,3501,74,vibration,36.73,OCCUPIED,True,32.08,False,HYB-SEC,reduce_speed
116,3.567,fog,True,2,signal_cable_theft,False,3147,42,vibration,96.67,CLEAR,True,11.592,False,HYB-SEC,reduce_speed
45,6.467,clear,False,2,signal_cable_theft,False,3494,85,accelerometer,0.0,CLEAR,True,38.696,False,KOL-HOW,proceed_with_caution
180,1.564,heavy_rain,False,3,track_buckling,False,2285,91,axle_counter,83.99,CLEAR,False,34.268,False,CHN-BGLR,proceed_with_caution
138,17.107,clear,False,4,cattle_crossing,True,4595,24,accelerometer,0.0,CLEAR,True,9.744,False,KOL-HOW,proceed_with_caution
109,10.056,rain,True,4,environmental_false_positive,True,3931,50,track_circuit,99.57,CLEAR,True,28.609,True,CHN-BGLR,proceed_with_caution
170,3.475,fog,False,6,signal_cable_theft,False,322,47,track_circuit,0.0,OCCUPIED,True,42.547,True,DEL-AGRA,reduce_speed
60,6.285,fog,False,4,fallen_tree,False,146,42,vibration,0.0,OCCUPIED,True,47.215,False,CHN-BGLR,proceed_with_caution
60,1.299,fog,False,5,unknown_obstruction,True,1423,56,track_circuit,0.0,CLEAR,True,31.765,False,DEL-AGRA,reroute
75,6.829,heavy_rain,True,6,sensor_miscount,False,732,14,track_circuit,0.0,CLEAR,True,48.288,False,DEL-AGRA,reduce_speed
65,17.544,rain,False,4,environmental_false_positive,False,1575,95,axle_counter,31.05,OCCUPIED,True,7.021,False,MUM-PUNE,proceed_with_caution
96,3.542,clear,True,6,stranded_vehicle,True,2919,74,vibration,34.89,OCCUPIED,True,8.524,False,HYB-SEC,reduce_speed
98,19.875,heavy_rain,True,6,environmental_false_positive,False,1709,43,vibration,0.0,CLEAR,True,1.572,True,MUM-PUNE,reduce_speed
127,7.446,rain,True,6,landslide_debris,False,866,80,vibration,0.0,CLEAR,True,16.834,False,MUM-PUNE,reduce_speed
164,10.936,rain,False,5,sensor_miscount,False,4728,88,accelerometer,73.1,OCCUPIED,True,18.661,False,CHN-BGLR,proceed_with_caution
104,15.263,flood,False,5,cattle_crossing,False,2216,73,accelerometer,0.0,CLEAR,False,44.33,False,HYB-SEC,proceed_with_caution
80,2.598,flood,True,8,boulder,False,1168,44,accelerometer,39.6,CLEAR,True,44.148,False,DEL-AGRA,reduce_speed
156,1.803,snow,True,6,equipment_failure_ahead,False,3920,20,vibration,9.99,CLEAR,False,33.422,False,MUM-PUNE,reduce_speed
77,6.367,clear,False,4,water_logging,False,3488,76,accelerometer,53.41,CLEAR,False,29.321,False,HYB-SEC,proceed_with_caution
137,6.797,clear,False,6,equipment_failure_ahead,False,642,82,axle_counter,0.0,CLEAR,True,4.643,False,MUM-PUNE,reduce_speed
144,13.505,clear,False,4,cattle_crossing,True,3272,87,track_circuit,0.0,CLEAR,False,32.793,False,DEL-AGRA,proceed_with_caution
174,7.68,clear,False,5,environmental_false_positive,False,456,38,accelerometer,0.0,CLEAR,False,22.513,False,CHN-BGLR,proceed_with_caution
138,2.233,snow,True,5,equipment_failure_ahead,False,665,19,track_circuit,33.71,CLEAR,False,36.381,False,DEL-AGRA,reduce_speed
170,9.205,clear,True,6,water_logging,True,2774,86,vibration,0.0,CLEAR,True,17.844,True,KOL-HOW,reduce_speed
73,7.145,clear,True,6,fallen_tree,True,4392,12,axle_counter,72.68,CLEAR,True,48.593,False,MUM-PUNE,reduce_speed
179,11.381,flood,True,4,landslide_debris,True,838,48,track_circuit,33.78,CLEAR,True,47.518,False,DEL-AGRA,proceed_with_caution
74,15.873,rain,True,10,sensor_miscount,False,2006,88,track_circuit,37.42,CLEAR,False,13.739,False,MUM-PUNE,emergency_stop
199,7.973,fog,True,4,landslide_debris,False,163,100,accelerometer,65.72,CLEAR,True,48.795,False,MUM-PUNE,reduce_speed
101,1.274,fog,True,6,broken_rail,False,4886,42,accelerometer,0.0,CLEAR,True,41.131,True,CHN-BGLR,reduce_speed
144,5.114,fog,True,7,boulder,False,4608,44,track_circuit,20.76,CLEAR,False,22.575,False,MUM-PUNE,reduce_speed
135,11.298,clear,False,7,equipment_failure_ahead,False,4568,95,accelerometer,98.97,OCCUPIED,True,30.356,False,DEL-AGRA,reduce_speed
73,11.415,clear,True,3,equipment_failure_ahead,False,3295,70,accelerometer,0.0,CLEAR,True,15.97,False,DEL-AGRA,proceed_with_caution
126,10.046,fog,True,3,cattle_crossing,False,3810,36,accelerometer,0.0,CLEAR,True,41.493,False,MUM-PUNE,reduce_speed
193,13.062,clear,False,5,environmental_false_positive,True,1846,17,track_circuit,59.96,OCCUPIED,True,12.497,False,CHN-BGLR,reroute
50,14.859,flood,False,6,signal_cable_theft,False,1591,20,accelerometer,0.0,CLEAR,False,46.069,False,KOL-HOW,reduce_speed
192,9.224,clear,True,6,fallen_tree,False,3789,64,track_circuit,80.37,OCCUPIED,False,12.243,False,DEL-AGRA,proceed_with_caution
149,17.341,fog,False,7,boulder,False,2140,91,track_circuit,0.0,CLEAR,False,2.989,False,DEL-AGRA,reduce_speed
175,12.585,fog,True,7,boulder,True,2160,97,track_circuit,72.2,CLEAR,True,45.649,False,MUM-PUNE,reduce_speed
63,9.165,rain,False,6,equipment_failure_ahead,True,2429,88,accelerometer,33.07,CLEAR,True,29.721,False,MUM-PUNE,reduce_speed
139,11.271,clear,False,4,unknown_obstruction,True,2506,60,accelerometer,0.0,OCCUPIED,True,7.326,False,CHN-BGLR,proceed_with_caution
99,11.665,clear,True,1,water_logging,False,4243,51,accelerometer,0.0,OCCUPIED,True,29.357,False,HYB-SEC,proceed_with_caution
169,12.968,snow,False,5,broken_rail,False,126,85,track_circuit,34.24,CLEAR,True,30.432,False,DEL-AGRA,proceed_with_caution
162,11.388,rain,False,1,unknown_obstruction,False,4303,29,axle_counter,0.0,CLEAR,True,16.476,True,HYB-SEC,proceed_with_caution
182,17.452,snow,False,2,sensor_miscount,False,2014,32,axle_counter,0.0,CLEAR,False,8.872,False,KOL-HOW,proceed_with_caution
93,14.667,clear,False,8,track_buckling,False,508,26,axle_counter,24.39,CLEAR,True,39.071,False,DEL-AGRA,reduce_speed
66,9.521,clear,True,6,sensor_miscount,False,4673,1,accelerometer,0.0,OCCUPIED,True,32.131,False,HYB-SEC,reduce_speed
109,15.091,flood,False,5,track_buckling,False,3969,65,vibration,95.14,CLEAR,True,17.057,False,HYB-SEC,proceed_with_caution
91,9.752,rain,True,9,broken_rail,False,1474,8,accelerometer,0.0,OCCUPIED,True,31.894,False,MUM-PUNE,emergency_stop
104,4.264,clear,False,4,signal_cable_theft,False,2468,78,axle_counter,0.0,CLEAR,True,19.812,True,MUM-PUNE,proceed_with_caution
177,19.623,clear,False,7,equipment_failure_ahead,False,1883,33,accelerometer,93.43,CLEAR,True,36.335,False,KOL-HOW,reduce_speed
145,15.254,rain,True,8,landslide_debris,False,2906,82,axle_counter,97.5,CLEAR,False,10.43,False,KOL-HOW,reduce_speed
154,15.818,clear,False,5,fallen_tree,False,4130,56,vibration,0.0,CLEAR,False,47.075,False,DEL-AGRA,proceed_with_caution
169,4.997,rain,False,6,landslide_debris,True,2817,35,vibration,43.81,CLEAR,True,37.491,False,CHN-BGLR,reduce_speed
195,5.977,flood,True,2,fallen_tree,False,4487,97,vibration,55.67,CLEAR,True,38.495,False,KOL-HOW,proceed_with_caution
159,14.945,rain,True,4,fallen_tree,False,2738,25,vibration,0.0,CLEAR,True,21.367,False,DEL-AGRA,proceed_with_caution
176,7.469,clear,False,10,signal_cable_theft,False,2689,68,accelerometer,28.26,CLEAR,False,28.265,False,DEL-AGRA,emergency_stop
67,11.479,snow,True,6,fallen_tree,False,3540,35,accelerometer,0.0,CLEAR,True,32.392,False,HYB-SEC,reduce_speed
155,17.788,fog,True,4,sensor_miscount,False,164,1,axle_counter,0.0,CLEAR,True,33.727,False,CHN-BGLR,reduce_speed
192,18.507,clear,False,6,sensor_miscount,True,1224,26,vibration,0.0,CLEAR,False,1.973,True,KOL-HOW,reduce_speed
125,18.569,rain,False,3,track_buckling,False,2230,29,axle_counter,0.0,CLEAR,False,21.982,False,CHN-BGLR,emergency_stop
98,7.608,snow,True,4,fallen_tree,False,4845,15,track_circuit,0.0,CLEAR,True,47.035,False,KOL-HOW,reduce_speed
93,4.207,rain,True,5,broken_rail,True,927,58,track_circuit,0.73,CLEAR,False,17.734,False,DEL-AGRA,reroute
121,4.587,snow,False,6,equipment_failure_ahead,False,3871,2,vibration,72.96,CLEAR,False,8.868,True,HYB-SEC,reduce_speed
54,1.224,fog,False,7,environmental_false_positive,True,3408,20,accelerometer,0.0,OCCUPIED,False,9.081,False,DEL-AGRA,emergency_stop
97,6.121,clear,False,8,stranded_vehicle,False,243,100,track_circuit,33.16,CLEAR,False,45.679,True,CHN-BGLR,reduce_speed
88,3.163,fog,True,8,boulder,False,553,14,accelerometer,46.44,OCCUPIED,True,6.72,False,DEL-AGRA,reduce_speed
110,2.564,rain,False,4,sensor_miscount,False,799,61,accelerometer,0.0,CLEAR,True,40.272,True,DEL-AGRA,proceed_with_caution
117,17.738,fog,True,3,track_buckling,False,2476,42,accelerometer,66.84,OCCUPIED,True,21.101,False,HYB-SEC,reduce_speed
143,12.638,snow,False,9,landslide_debris,True,289,30,axle_counter,0.0,CLEAR,True,17.195,False,HYB-SEC,reduce_speed
161,12.426,flood,True,2,stranded_vehicle,False,4224,43,vibration,0.0,CLEAR,False,24.368,False,DEL-AGRA,proceed_with_caution
177,5.257,rain,False,5,landslide_debris,False,1044,12,axle_counter,0.0,CLEAR,False,6.315,False,CHN-BGLR,proceed_with_caution
66,19.326,flood,False,3,signal_cable_theft,True,1827,99,track_circuit,19.87,CLEAR,False,28.144,False,DEL-AGRA,proceed_with_caution
103,13.874,rain,False,3,track_buckling,True,1366,81,axle_counter,0.0,CLEAR,False,21.201,False,DEL-AGRA,proceed_with_caution
120,7.795,flood,True,5,broken_rail,False,1125,92,vibration,0.04,OCCUPIED,True,10.438,False,HYB-SEC,proceed_with_caution
150,2.806,clear,False,3,equipment_failure_ahead,False,1996,50,axle_counter,64.61,CLEAR,True,17.52,False,KOL-HOW,proceed_with_caution
194,18.887,rain,True,5,environmental_false_positive,True,2692,1,track_circuit,0.0,OCCUPIED,True,11.609,False,DEL-AGRA,reroute
84,1.408,heavy_rain,False,8,water_logging,False,345,48,vibration,11.28,CLEAR,True,35.488,False,CHN-BGLR,reduce_speed
71,1.771,clear,False,8,water_logging,True,4061,89,accelerometer,0.0,OCCUPIED,True,36.203,False,KOL-HOW,emergency_stop
109,19.662,rain,True,2,equipment_failure_ahead,False,4808,63,axle_counter,59.11,CLEAR,False,35.426,False,HYB-SEC,proceed_with_caution
142,0.842,heavy_rain,True,7,environmental_false_positive,False,4725,12,track_circuit,0.0,CLEAR,True,45.189,False,CHN-BGLR,reduce_speed
157,17.045,clear,False,5,cattle_crossing,False,3547,85,track_circuit,0.0,CLEAR,False,4.94,False,DEL-AGRA,proceed_with_caution
109,7.172,snow,False,4,fallen_tree,True,401,41,accelerometer,69.91,OCCUPIED,True,27.924,False,KOL-HOW,proceed_with_caution
89,16.894,snow,False,4,sensor_miscount,False,1874,40,vibration,0.0,CLEAR,True,24.86,True,CHN-BGLR,proceed_with_caution
169,7.012,snow,False,8,equipment_failure_ahead,True,1390,41,track_circuit,11.15,OCCUPIED,False,28.024,False,HYB-SEC,reduce_speed
64,3.972,heavy_rain,True,6,environmental_false_positive,False,2167,18,vibration,53.28,CLEAR,True,42.25,False,KOL-HOW,reduce_speed
127,19.989,flood,True,1,signal_cable_theft,True,2252,3,accelerometer,0.0,CLEAR,True,32.395,False,DEL-AGRA,proceed_with_caution
168,16.759,flood,True,5,sensor_miscount,True,1534,66,accelerometer,62.73,OCCUPIED,False,49.096,False,KOL-HOW,reroute
105,6.403,rain,True,8,track_buckling,False,2032,68,axle_counter,9.66,CLEAR,True,41.315,False,KOL-HOW,reduce_speed
186,16.422,fog,True,4,landslide_debris,False,3597,63,accelerometer,0.0,CLEAR,True,32.514,False,CHN-BGLR,reduce_speed
135,1.308,clear,False,5,unknown_obstruction,True,4906,62,accelerometer,0.0,OCCUPIED,True,22.606,False,KOL-HOW,emergency_stop
175,18.925,heavy_rain,True,5,environmental_false_positive,False,65,78,track_circuit,71.21,CLEAR,False,3.551,True,CHN-BGLR,reduce_speed
108,19.596,fog,False,9,track_buckling,True,4064,93,track_circuit,0.0,OCCUPIED,True,47.451,False,CHN-BGLR,reduce_speed
132,3.66,rain,True,3,cattle_crossing,False,4103,11,axle_counter,0.0,CLEAR,False,31.65,False,DEL-AGRA,proceed_with_caution
200,1.218,clear,False,6,boulder,True,4344,1,track_circuit,32.69,CLEAR,False,28.168,False,MUM-PUNE,reduce_speed
91,10.704,fog,False,2,environmental_false_positive,False,4922,47,axle_counter,0.0,CLEAR,False,22.255,False,HYB-SEC,proceed_with_caution
75,16.144,snow,True,4,water_logging,False,4844,66,axle_counter,90.02,CLEAR,True,30.66,False,CHN-BGLR,reduce_speed
144,15.681,heavy_rain,False,6,boulder,False,3005,18,axle_counter,96.04,CLEAR,True,17.916,False,CHN-BGLR,reduce_speed
196,1.976,flood,True,6,water_logging,False,4622,73,accelerometer,0.0,CLEAR,True,38.176,False,CHN-BGLR,reduce_speed
170,0.477,rain,True,5,sensor_miscount,False,4086,100,vibration,0.0,CLEAR,True,47.339,False,HYB-SEC,proceed_with_caution
89,12.819,heavy_rain,False,5,landslide_debris,False,3163,24,vibration,0.0,OCCUPIED,True,21.69,False,MUM-PUNE,proceed_with_caution
56,18.213,fog,True,8,fallen_tree,False,607,91,axle_counter,0.0,CLEAR,True,45.016,True,KOL-HOW,proceed_with_caution
129,19.688,fog,False,7,water_logging,False,3302,5,axle_counter,0.0,CLEAR,True,46.109,False,KOL-HOW,reduce_speed
114,8.184,flood,True,7,cattle_crossing,True,1562,99,accelerometer,0.0,CLEAR,True,34.8,False,MUM-PUNE,reduce_speed
85,18.044,clear,False,3,water_logging,True,2111,87,accelerometer,28.48,CLEAR,True,5.425,True,MUM-PUNE,proceed_with_caution
172,4.016,heavy_rain,True,1,broken_rail,True,1883,4,accelerometer,0.0,CLEAR,True,21.905,True,HYB-SEC,reduce_speed
173,15.336,fog,True,3,water_logging,True,126,19,vibration,85.95,OCCUPIED,True,10.032,False,CHN-BGLR,reduce_speed
174,1.273,flood,True,3,environmental_false_positive,False,217,56,track_circuit,84.34,CLEAR,True,48.209,True,DEL-AGRA,proceed_with_caution
88,14.482,heavy_rain,True,1,boulder,False,58,48,track_circuit,56.27,OCCUPIED,True,11.226,False,HYB-SEC,reduce_speed
166,18.744,clear,False,4,sensor_miscount,False,1956,87,accelerometer,61.26,OCCUPIED,True,23.956,False,CHN-BGLR,proceed_with_caution
81,5.737,rain,False,9,cattle_crossing,False,1323,47,track_circuit,43.17,CLEAR,True,35.534,False,MUM-PUNE,emergency_stop
135,4.162,clear,False,8,broken_rail,False,3646,49,accelerometer,36.36,CLEAR,True,26.497,False,MUM-PUNE,reduce_speed
138,18.007,flood,True,7,cattle_crossing,False,2524,27,accelerometer,0.0,CLEAR,True,45.234,False,HYB-SEC,reduce_speed
131,11.034,clear,True,4,signal_cable_theft,False,3638,3,axle_counter,0.0,CLEAR,False,28.168,True,CHN-BGLR,proceed_with_caution
83,8.226,snow,True,7,track_buckling,False,3996,40,track_circuit,0.0,CLEAR,True,43.112,True,DEL-AGRA,reduce_speed
96,14.872,flood,False,4,boulder,False,2594,74,accelerometer,0.0,CLEAR,True,28.094,False,MUM-PUNE,proceed_with_caution
149,3.166,clear,False,5,stranded_vehicle,False,2053,14,axle_counter,0.0,OCCUPIED,True,19.047,False,MUM-PUNE,proceed_with_caution
137,18.619,heavy_rain,True,3,landslide_debris,False,4653,44,vibration,98.78,CLEAR,True,15.005,False,MUM-PUNE,reduce_speed
95,19.232,flood,True,6,equipment_failure_ahead,True,4948,63,track_circuit,62.19,OCCUPIED,True,12.636,False,HYB-SEC,reduce_speed
126,18.116,clear,True,3,stranded_vehicle,True,3556,43,track_circuit,27.28,CLEAR,True,1.569,False,HYB-SEC,emergency_stop
142,3.993,clear,False,4,unknown_obstruction,False,3083,42,vibration,80.31,CLEAR,True,47.145,False,HYB-SEC,proceed_with_caution
66,18.267,clear,False,2,environmental_false_positive,False,4178,14,track_circuit,0.0,CLEAR,True,3.248,False,MUM-PUNE,proceed_with_caution
47,14.462,snow,False,4,sensor_miscount,True,4783,80,accelerometer,63.1,OCCUPIED,True,6.099,False,MUM-PUNE,proceed_with_caution
92,1.834,flood,False,1,equipment_failure_ahead,False,1732,6,track_circuit,0.0,CLEAR,True,49.396,False,MUM-PUNE,proceed_with_caution
196,17.3,fog,True,3,landslide_debris,True,1629,33,axle_counter,0.0,CLEAR,False,3.789,True,KOL-HOW,reduce_speed
146,12.706,clear,False,6,signal_cable_theft,False,1797,54,vibration,0.0,CLEAR,True,48.407,False,MUM-PUNE,reduce_speed
133,18.054,clear,True,6,cattle_crossing,True,3663,1,track_circuit,31.84,CLEAR,True,47.965,False,KOL-HOW,reduce_speed
167,7.409,fog,True,5,signal_cable_theft,False,1568,29,axle_counter,4.27,CLEAR,False,16.218,False,CHN-BGLR,reduce_speed
160,3.054,flood,False,4,landslide_debris,False,2604,48,axle_counter,0.0,CLEAR,False,45.268,True,MUM-PUNE,proceed_with_caution
165,2.998,clear,False,1,cattle_crossing,True,4510,35,axle_counter,18.99,CLEAR,False,7.991,False,DEL-AGRA,proceed_with_caution
127,14.12,clear,False,3,signal_cable_theft,False,1782,53,accelerometer,1.3,CLEAR,True,15.531,False,HYB-SEC,proceed_with_caution
117,6.822,clear,False,6,track_buckling,False,3889,8,track_circuit,44.71,CLEAR,False,34.414,False,KOL-HOW,reduce_speed
166,15.736,flood,True,5,water_logging,False,1051,41,axle_counter,0.0,OCCUPIED,True,28.165,False,KOL-HOW,proceed_with_caution
82,12.472,clear,True,5,sensor_miscount,False,2189,8,accelerometer,0.0,OCCUPIED,True,7.154,False,DEL-AGRA,proceed_with_caution
45,6.544,clear,False,5,track_buckling,False,2631,62,vibration,0.0,OCCUPIED,True,47.886,False,DEL-AGRA,proceed_with_caution
94,10.47,clear,False,3,cattle_crossing,False,99,38,vibration,20.42,CLEAR,True,38.119,True,CHN-BGLR,proceed_with_caution
159,12.518,flood,True,6,equipment_failure_ahead,False,2250,58,vibration,19.78,CLEAR,True,16.14,True,DEL-AGRA,reduce_speed
139,2.835,heavy_rain,False,4,landslide_debris,False,2663,50,axle_counter,0.0,CLEAR,True,37.825,True,HYB-SEC,proceed_with_caution
78,9.934,fog,False,3,boulder,False,1935,11,vibration,97.23,CLEAR,True,3.479,False,DEL-AGRA,proceed_with_caution
146,13.892,fog,True,2,fallen_tree,False,954,97,vibration,0.0,CLEAR,True,2.624,False,MUM-PUNE,reduce_speed
104,18.999,clear,False,3,water_logging,False,3252,2,vibration,49.22,CLEAR,True,29.483,False,HYB-SEC,proceed_with_caution
65,11.632,rain,True,8,track_buckling,False,1257,68,track_circuit,91.52,CLEAR,True,19.421,False,HYB-SEC,reduce_speed
111,7.853,clear,False,5,broken_rail,False,4202,98,accelerometer,0.0,CLEAR,False,37.141,False,MUM-PUNE,proceed_with_caution
121,16.659,fog,False,8,stranded_vehicle,False,455,82,axle_counter,56.68,CLEAR,True,0.618,False,KOL-HOW,reduce_speed
144,14.399,flood,True,4,equipment_failure_ahead,True,4037,61,vibration,0.0,CLEAR,True,0.014,True,DEL-AGRA,proceed_with_caution
45,6.069,flood,True,5,track_buckling,True,3025,27,axle_counter,97.09,CLEAR,True,1.12,False,DEL-AGRA,reroute
97,2.407,clear,False,8,equipment_failure_ahead,True,3913,22,track_circuit,0.0,CLEAR,False,34.746,False,DEL-AGRA,reduce_speed
84,4.31,rain,True,4,landslide_debris,False,3825,52,axle_counter,0.0,CLEAR,False,43.819,False,CHN-BGLR,proceed_with_caution
114,19.264,clear,True,6,equipment_failure_ahead,True,371,72,accelerometer,55.89,OCCUPIED,False,37.126,False,DEL-AGRA,reroute
165,10.892,rain,True,8,unknown_obstruction,False,1203,41,vibration,40.7,CLEAR,False,38.366,True,CHN-BGLR,reduce_speed
155,1.729,rain,True,3,water_logging,False,3702,96,axle_counter,88.97,CLEAR,False,31.253,False,HYB-SEC,proceed_with_caution
191,2.79,fog,False,3,unknown_obstruction,False,3442,14,track_circuit,0.0,CLEAR,True,47.114,False,KOL-HOW,proceed_with_caution
140,10.969,rain,True,6,cattle_crossing,True,2886,95,accelerometer,0.0,CLEAR,True,7.785,False,MUM-PUNE,reduce_speed
174,15.999,flood,True,8,unknown_obstruction,False,1991,96,accelerometer,0.0,CLEAR,True,40.725,True,DEL-AGRA,reduce_speed
63,1.34,clear,False,2,water_logging,False,96,89,vibration,34.32,CLEAR,True,29.485,False,HYB-SEC,proceed_with_caution
53,10.0,fog,True,4,broken_rail,False,3153,96,track_circuit,42.27,OCCUPIED,True,49.732,False,CHN-BGLR,reduce_speed
109,10.875,clear,True,6,unknown_obstruction,False,780,58,accelerometer,0.0,CLEAR,True,16.144,False,CHN-BGLR,reduce_speed
47,13.676,rain,True,6,landslide_debris,False,3650,8,axle_counter,46.32,OCCUPIED,True,36.217,False,DEL-AGRA,reduce_speed
160,5.868,rain,True,4,water_logging,False,1278,9,axle_counter,0.0,CLEAR,False,40.34,False,CHN-BGLR,proceed_with_caution
132,17.311,clear,False,5,unknown_obstruction,False,961,12,axle_counter,0.0,CLEAR,True,34.946,True,HYB-SEC,proceed_with_caution
184,2.127,rain,True,4,signal_cable_theft,False,558,8,track_circuit,26.28,CLEAR,True,12.162,False,MUM-PUNE,proceed_with_caution
191,3.736,clear,True,6,signal_cable_theft,False,2164,61,track_circuit,0.0,CLEAR,True,1.988,False,KOL-HOW,reduce_speed
47,7.437,fog,True,1,signal_cable_theft,False,4807,67,track_circuit,0.0,CLEAR,True,24.019,False,CHN-BGLR,reduce_speed
89,7.757,clear,False,5,equipment_failure_ahead,True,1050,65,axle_counter,0.0,CLEAR,False,3.63,True,CHN-BGLR,reroute
102,16.56,rain,True,6,landslide_debris,False,3242,3,axle_counter,67.17,CLEAR,True,43.347,False,MUM-PUNE,reduce_speed
175,17.775,flood,False,6,track_buckling,True,4280,36,accelerometer,77.31,CLEAR,True,28.084,False,MUM-PUNE,reduce_speed
116,7.865,clear,False,7,water_logging,False,4395,77,vibration,91.93,CLEAR,True,43.558,False,HYB-SEC,reduce_speed
191,2.745,heavy_rain,True,6,water_logging,False,525,32,vibration,93.42,CLEAR,True,46.341,False,MUM-PUNE,reduce_speed
123,3.837,rain,True,6,stranded_vehicle,True,3482,85,axle_counter,0.0,OCCUPIED,True,9.498,False,HYB-SEC,reduce_speed
163,11.635,clear,True,6,stranded_vehicle,False,1695,76,vibration,18.31,CLEAR,True,35.852,False,CHN-BGLR,reduce_speed
200,1.441,clear,True,4,signal_cable_theft,False,36,8,axle_counter,81.2,OCCUPIED,True,49.543,False,KOL-HOW,emergency_stop
113,1.02,rain,True,9,sensor_miscount,True,3591,49,vibration,0.0,CLEAR,False,49.709,True,DEL-AGRA,reduce_speed
113,2.548,heavy_rain,True,6,cattle_crossing,True,4651,7,track_circuit,11.14,CLEAR,True,11.022,False,KOL-HOW,reduce_speed
105,3.034,rain,True,4,fallen_tree,True,3149,26,track_circuit,0.0,CLEAR,True,48.704,False,DEL-AGRA,proceed_with_caution
101,4.84,snow,False,8,fallen_tree,True,35,30,vibration,43.52,CLEAR,True,42.364,False,CHN-BGLR,reduce_speed
143,17.012,fog,False,1,equipment_failure_ahead,True,4036,55,vibration,32.21,CLEAR,True,22.109,False,MUM-PUNE,proceed_with_caution
141,3.368,heavy_rain,True,3,water_logging,False,2047,91,vibration,89.85,CLEAR,True,1.214,False,MUM-PUNE,reduce_speed
50,7.777,clear,False,4,broken_rail,False,3658,54,track_circuit,43.74,CLEAR,True,49.855,False,MUM-PUNE,proceed_with_caution
177,11.982,heavy_rain,False,7,cattle_crossing,False,1882,11,axle_counter,0.0,CLEAR,True,12.757,True,MUM-PUNE,reduce_speed
92,4.582,clear,False,5,fallen_tree,False,437,73,axle_counter,28.82,OCCUPIED,False,11.812,False,MUM-PUNE,proceed_with_caution
70,5.381,clear,False,5,equipment_failure_ahead,False,3032,92,axle_counter,0.0,CLEAR,True,42.77,False,HYB-SEC,proceed_with_caution
59,7.876,heavy_rain,True,5,track_buckling,True,4998,47,vibration,46.24,CLEAR,True,12.411,False,DEL-AGRA,reduce_speed
45,5.744,rain,True,5,equipment_failure_ahead,False,4445,92,accelerometer,88.88,OCCUPIED,False,17.697,False,CHN-BGLR,proceed_with_caution
149,3.338,heavy_rain,False,2,landslide_debris,True,4923,47,vibration,11.55,CLEAR,True,1.194,False,DEL-AGRA,proceed_with_caution
82,8.999,snow,True,6,track_buckling,False,2483,50,axle_counter,0.0,OCCUPIED,True,19.962,False,KOL-HOW,reduce_speed
151,19.192,rain,True,3,environmental_false_positive,False,2430,47,track_circuit,35.06,OCCUPIED,False,3.906,False,HYB-SEC,proceed_with_caution
167,1.355,clear,False,4,signal_cable_theft,True,839,18,vibration,0.0,CLEAR,True,22.418,False,HYB-SEC,proceed_with_caution
117,7.359,fog,False,6,broken_rail,False,3560,97,track_circuit,0.0,OCCUPIED,True,41.236,False,CHN-BGLR,reduce_speed
81,2.844,fog,False,2,cattle_crossing,True,1814,5,track_circuit,0.0,CLEAR,True,20.879,False,MUM-PUNE,proceed_with_caution
98,0.011,heavy_rain,True,7,stranded_vehicle,False,551,28,accelerometer,0.0,OCCUPIED,True,3.998,False,KOL-HOW,reduce_speed
165,19.113,flood,True,5,unknown_obstruction,False,2684,67,axle_counter,66.78,OCCUPIED,False,12.265,False,CHN-BGLR,proceed_with_caution
175,6.011,rain,False,10,landslide_debris,False,2470,32,track_circuit,0.0,OCCUPIED,True,47.809,False,MUM-PUNE,emergency_stop
174,7.26,fog,False,5,water_logging,True,1996,20,accelerometer,0.0,OCCUPIED,False,2.845,False,CHN-BGLR,reroute
52,6.676,rain,True,4,broken_rail,False,4039,50,axle_counter,0.0,CLEAR,True,8.245,True,KOL-HOW,proceed_with_caution
70,1.642,snow,False,1,signal_cable_theft,False,766,89,axle_counter,0.0,CLEAR,True,14.571,False,KOL-HOW,proceed_with_caution
87,17.858,clear,False,1,sensor_miscount,True,333,78,track_circuit,0.0,OCCUPIED,False,41.21,False,KOL-HOW,proceed_with_caution
179,1.434,heavy_rain,False,3,broken_rail,False,2139,20,track_circuit,0.0,CLEAR,True,42.608,False,CHN-BGLR,proceed_with_caution
175,6.128,rain,False,7,cattle_crossing,False,1936,39,vibration,21.05,CLEAR,True,3.973,False,DEL-AGRA,reduce_speed
77,2.987,flood,True,7,unknown_obstruction,False,1969,91,accelerometer,0.0,OCCUPIED,True,33.582,False,KOL-HOW,reduce_speed
166,13.124,clear,False,4,water_logging,True,267,32,accelerometer,18.66,CLEAR,False,39.186,False,CHN-BGLR,proceed_with_caution
153,13.168,rain,False,6,unknown_obstruction,True,1354,32,accelerometer,9.32,CLEAR,False,12.001,False,KOL-HOW,reduce_speed
151,0.769,fog,True,4,water_logging,False,3065,43,track_circuit,0.0,CLEAR,True,32.933,False,HYB-SEC,reduce_speed
180,19.873,rain,False,6,cattle_crossing,False,332,58,vibration,53.88,CLEAR,True,20.367,False,DEL-AGRA,reduce_speed
163,18.282,flood,False,3,water_logging,False,1835,57,vibration,0.0,OCCUPIED,True,28.978,False,DEL-AGRA,proceed_with_caution
160,4.78,clear,True,1,boulder,False,2251,68,accelerometer,1.63,OCCUPIED,True,24.832,False,HYB-SEC,proceed_with_caution
74,17.105,clear,False,4,unknown_obstruction,False,4475,83,axle_counter,1.42,CLEAR,True,47.329,True,MUM-PUNE,proceed_with_caution
88,13.149,fog,False,5,cattle_crossing,True,1352,46,track_circuit,76.51,CLEAR,True,27.434,True,MUM-PUNE,reroute
45,19.072,snow,True,7,equipment_failure_ahead,False,1476,14,accelerometer,33.75,CLEAR,True,30.718,False,KOL-HOW,reduce_speed
144,16.132,rain,True,4,landslide_debris,False,717,8,axle_counter,0.0,CLEAR,True,9.709,False,KOL-HOW,reroute
155,2.071,snow,True,7,fallen_tree,True,3970,99,track_circuit,0.0,OCCUPIED,False,39.038,False,CHN-BGLR,reduce_speed
95,17.999,fog,True,3,sensor_miscount,False,3061,83,vibration,0.0,OCCUPIED,False,4.261,False,HYB-SEC,reduce_speed
196,2.715,snow,True,10,unknown_obstruction,False,991,79,track_circuit,78.61,CLEAR,True,21.282,True,DEL-AGRA,emergency_stop
80,13.918,rain,False,10,stranded_vehicle,False,3385,9,vibration,7.51,OCCUPIED,True,1.307,False,MUM-PUNE,emergency_stop
179,12.058,snow,False,4,boulder,False,2744,40,track_circuit,0.0,CLEAR,True,2.454,False,HYB-SEC,proceed_with_caution
65,16.232,flood,True,5,unknown_obstruction,False,4534,84,vibration,10.04,OCCUPIED,True,45.942,False,KOL-HOW,proceed_with_caution
62,1.886,clear,False,1,broken_rail,True,2968,51,track_circuit,0.0,CLEAR,True,32.424,False,DEL-AGRA,proceed_with_caution
100,14.575,clear,True,6,environmental_false_positive,False,3351,0,vibration,0.0,CLEAR,True,21.486,False,CHN-BGLR,reduce_speed
133,2.724,heavy_rain,False,5,sensor_miscount,True,2050,78,track_circuit,70.69,CLEAR,True,48.891,False,MUM-PUNE,reroute
192,3.687,fog,False,2,environmental_false_positive,True,339,29,axle_counter,0.0,CLEAR,True,10.907,False,HYB-SEC,reduce_speed
48,8.267,fog,True,5,track_buckling,False,1019,47,vibration,97.73,CLEAR,True,22.171,False,MUM-PUNE,reduce_speed
107,9.798,rain,False,5,stranded_vehicle,True,3807,20,track_circuit,0.0,OCCUPIED,True,10.192,True,KOL-HOW,reroute
154,15.381,clear,False,7,boulder,False,2859,38,axle_counter,44.93,OCCUPIED,False,13.482,False,CHN-BGLR,reduce_speed
105,12.904,clear,False,9,signal_cable_theft,False,1195,14,vibration,72.12,CLEAR,True,32.915,False,CHN-BGLR,reroute
72,4.825,flood,True,7,equipment_failure_ahead,False,4564,78,axle_counter,0.0,CLEAR,True,38.425,False,CHN-BGLR,reduce_speed
94,3.747,clear,False,6,cattle_crossing,True,2237,75,axle_counter,62.88,CLEAR,True,9.813,False,DEL-AGRA,reduce_speed
106,10.65,rain,True,5,signal_cable_theft,True,634,13,axle_counter,0.0,CLEAR,True,49.798,True,HYB-SEC,reroute
99,4.369,clear,True,4,sensor_miscount,False,2307,82,accelerometer,0.0,CLEAR,True,5.939,False,HYB-SEC,proceed_with_caution
106,0.883,fog,False,5,environmental_false_positive,False,62,62,axle_counter,79.57,CLEAR,True,11.466,False,DEL-AGRA,proceed_with_caution
136,15.067,rain,True,3,unknown_obstruction,True,4693,2,vibration,0.0,CLEAR,True,8.97,False,MUM-PUNE,proceed_with_caution
160,4.513,rain,True,2,unknown_obstruction,True,2464,87,accelerometer,0.0,OCCUPIED,True,18.904,True,DEL-AGRA,proceed_with_caution
152,2.17,fog,False,3,track_buckling,False,3570,29,axle_counter,26.61,OCCUPIED,True,49.861,False,HYB-SEC,proceed_with_caution
89,12.219,rain,False,4,stranded_vehicle,False,174,25,accelerometer,29.55,OCCUPIED,False,5.767,False,DEL-AGRA,proceed_with_caution
73,11.201,fog,True,6,unknown_obstruction,False,1117,6,axle_counter,0.0,OCCUPIED,True,2.538,False,HYB-SEC,reduce_speed
186,1.671,clear,False,2,stranded_vehicle,False,1125,22,track_circuit,0.0,CLEAR,False,34.939,True,MUM-PUNE,proceed_with_caution
184,1.603,clear,False,5,environmental_false_positive,True,2776,3,track_circuit,0.0,OCCUPIED,True,43.144,False,DEL-AGRA,emergency_stop
194,1.621,snow,False,5,equipment_failure_ahead,True,4425,82,vibration,0.0,OCCUPIED,False,15.642,False,HYB-SEC,emergency_stop
111,3.185,snow,True,3,environmental_false_positive,False,3915,36,accelerometer,0.0,CLEAR,False,14.449,False,DEL-AGRA,reduce_speed
174,8.694,rain,True,6,landslide_debris,False,2022,48,vibration,0.0,CLEAR,True,26.502,False,HYB-SEC,reduce_speed
113,10.234,rain,False,4,landslide_debris,False,1404,100,accelerometer,0.0,CLEAR,True,10.396,False,HYB-SEC,proceed_with_caution
49,15.447,heavy_rain,False,8,signal_cable_theft,True,538,7,vibration,0.0,OCCUPIED,True,26.429,False,HYB-SEC,reroute
111,19.243,clear,False,5,broken_rail,False,2049,66,axle_counter,0.0,CLEAR,True,13.39,True,DEL-AGRA,proceed_with_caution
120,14.52,rain,True,6,environmental_false_positive,False,3349,38,axle_counter,2.07,OCCUPIED,True,36.112,False,CHN-BGLR,reduce_speed
109,1.643,rain,False,7,stranded_vehicle,False,3203,20,vibration,94.61,OCCUPIED,False,2.116,False,MUM-PUNE,emergency_stop
184,13.664,rain,True,8,unknown_obstruction,True,703,60,accelerometer,30.77,OCCUPIED,True,47.999,False,DEL-AGRA,reduce_speed
139,4.829,fog,False,5,stranded_vehicle,False,1109,59,track_circuit,67.37,CLEAR,True,2.876,False,MUM-PUNE,proceed_with_caution
135,3.887,clear,False,6,unknown_obstruction,True,1827,18,track_circuit,9.01,CLEAR,False,39.369,False,HYB-SEC,reduce_speed
68,12.617,clear,True,3,cattle_crossing,False,1859,5,accelerometer,0.0,OCCUPIED,False,30.594,False,KOL-HOW,proceed_with_caution
173,17.168,clear,False,6,signal_cable_theft,False,97,23,axle_counter,0.0,CLEAR,True,20.751,False,HYB-SEC,proceed_with_caution
141,6.677,clear,False,5,unknown_obstruction,True,4893,15,accelerometer,0.0,CLEAR,True,17.29,False,DEL-AGRA,reroute
76,17.417,clear,False,5,boulder,False,1860,29,accelerometer,52.99,OCCUPIED,True,37.826,False,MUM-PUNE,proceed_with_caution
100,12.131,clear,False,2,broken_rail,True,2776,53,track_circuit,0.0,CLEAR,False,14.697,False,CHN-BGLR,proceed_with_caution
138,12.61,clear,False,4,broken_rail,False,3521,55,track_circuit,0.0,CLEAR,True,39.015,True,DEL-AGRA,proceed_with_caution
59,10.405,flood,True,4,sensor_miscount,True,233,49,axle_counter,0.0,CLEAR,False,4.997,True,MUM-PUNE,proceed_with_caution
58,16.348,rain,True,3,sensor_miscount,True,3985,54,axle_counter,62.12,CLEAR,False,5.791,False,HYB-SEC,emergency_stop
94,6.852,flood,True,7,signal_cable_theft,False,4340,17,accelerometer,0.0,CLEAR,True,6.207,True,KOL-HOW,reduce_speed
200,16.445,fog,True,10,sensor_miscount,False,2380,36,axle_counter,93.5,OCCUPIED,True,8.28,False,HYB-SEC,emergency_stop
191,16.161,fog,False,6,signal_cable_theft,False,4927,95,accelerometer,8.97,CLEAR,False,28.964,False,HYB-SEC,reduce_speed
71,5.888,rain,False,8,sensor_miscount,False,1602,22,axle_counter,0.0,CLEAR,True,48.456,False,HYB-SEC,reduce_speed
50,19.8,clear,False,4,boulder,False,3431,3,accelerometer,0.0,CLEAR,False,36.22,False,MUM-PUNE,proceed_with_caution
137,13.004,fog,False,5,environmental_false_positive,False,153,36,track_circuit,89.73,OCCUPIED,True,7.123,False,HYB-SEC,proceed_with_caution
82,8.125,clear,False,5,track_buckling,False,2189,11,accelerometer,57.29,CLEAR,True,41.461,True,CHN-BGLR,proceed_with_caution
82,15.33,clear,False,4,water_logging,False,994,32,axle_counter,77.72,CLEAR,True,39.814,False,HYB-SEC,proceed_with_caution
52,16.651,flood,True,6,landslide_debris,True,4219,55,accelerometer,90.73,CLEAR,True,41.686,False,HYB-SEC,reduce_speed
94,16.286,clear,False,9,landslide_debris,True,552,48,track_circuit,61.21,CLEAR,True,3.658,False,DEL-AGRA,reduce_speed
178,3.918,snow,True,5,cattle_crossing,False,422,93,vibration,22.05,CLEAR,False,22.032,False,CHN-BGLR,reduce_speed
159,17.709,fog,False,7,cattle_crossing,False,4894,17,vibration,0.0,OCCUPIED,True,31.269,False,CHN-BGLR,reduce_speed
189,13.986,flood,False,7,stranded_vehicle,True,4302,86,vibration,0.0,CLEAR,True,4.459,True,KOL-HOW,reduce_speed
96,6.895,flood,False,2,signal_cable_theft,False,3813,1,axle_counter,0.0,CLEAR,True,8.169,False,MUM-PUNE,proceed_with_caution
176,19.591,clear,False,5,signal_cable_theft,False,2835,48,track_circuit,19.04,CLEAR,True,14.836,False,DEL-AGRA,proceed_with_caution
193,6.46,clear,True,4,signal_cable_theft,True,784,55,vibration,0.0,CLEAR,True,12.506,True,CHN-BGLR,proceed_with_caution
163,14.818,flood,True,5,track_buckling,True,1332,81,track_circuit,0.0,CLEAR,True,25.971,False,MUM-PUNE,reroute
170,15.688,rain,False,5,equipment_failure_ahead,False,1907,69,axle_counter,0.0,CLEAR,False,20.421,False,HYB-SEC,proceed_with_caution
50,9.857,flood,False,5,environmental_false_positive,False,984,58,accelerometer,70.01,OCCUPIED,True,45.016,False,MUM-PUNE,proceed_with_caution
45,7.522,clear,True,6,track_buckling,True,2871,41,axle_counter,8.62,CLEAR,True,0.742,False,CHN-BGLR,reduce_speed
148,11.389,fog,False,5,equipment_failure_ahead,False,605,73,axle_counter,32.74,OCCUPIED,False,47.745,False,HYB-SEC,proceed_with_caution
155,12.469,clear,False,7,landslide_debris,False,1049,4,vibration,0.0,CLEAR,True,48.75,False,KOL-HOW,reduce_speed
78,5.963,clear,False,7,sensor_miscount,False,550,82,track_circuit,28.36,CLEAR,True,48.121,False,DEL-AGRA,reduce_speed
136,18.473,rain,True,5,broken_rail,False,1615,69,axle_counter,2.62,CLEAR,False,48.176,True,CHN-BGLR,proceed_with_caution
143,10.84,heavy_rain,False,5,cattle_crossing,False,1270,16,vibration,0.0,CLEAR,False,39.526,False,HYB-SEC,emergency_stop
105,7.374,clear,False,8,environmental_false_positive,False,2962,96,accelerometer,38.09,CLEAR,True,1.532,True,KOL-HOW,reduce_speed
132,17.05,clear,True,3,signal_cable_theft,False,4872,50,axle_counter,14.04,CLEAR,True,47.582,False,HYB-SEC,proceed_with_caution
101,17.326,snow,True,9,sensor_miscount,False,2796,51,axle_counter,26.07,CLEAR,False,36.121,False,MUM-PUNE,emergency_stop
87,19.373,rain,True,8,fallen_tree,False,1830,43,vibration,0.0,CLEAR,True,18.29,False,CHN-BGLR,reduce_speed
188,6.488,flood,False,6,equipment_failure_ahead,False,2153,28,track_circuit,0.0,OCCUPIED,False,41.216,True,DEL-AGRA,reduce_speed
87,0.938,heavy_rain,True,6,sensor_miscount,True,318,11,vibration,21.02,CLEAR,True,5.376,False,MUM-PUNE,reduce_speed
138,12.388,fog,True,5,unknown_obstruction,False,4306,12,axle_counter,79.88,OCCUPIED,True,47.99,False,MUM-PUNE,reduce_speed
72,5.67,fog,False,2,equipment_failure_ahead,False,3750,49,track_circuit,69.61,CLEAR,True,41.746,False,DEL-AGRA,proceed_with_caution
176,10.536,clear,False,4,track_buckling,False,2720,71,accelerometer,41.61,OCCUPIED,True,20.776,False,HYB-SEC,proceed_with_caution
87,2.764,clear,False,5,unknown_obstruction,False,2300,69,vibration,73.29,OCCUPIED,False,15.866,False,HYB-SEC,proceed_with_caution
122,19.16,heavy_rain,False,9,equipment_failure_ahead,False,2732,3,axle_counter,0.0,OCCUPIED,True,40.081,False,MUM-PUNE,emergency_stop
63,19.169,flood,True,7,boulder,False,2609,8,axle_counter,0.56,CLEAR,True,31.671,False,MUM-PUNE,reduce_speed
117,17.022,clear,False,4,sensor_miscount,False,4029,18,accelerometer,0.0,CLEAR,False,39.441,False,KOL-HOW,proceed_with_caution
46,2.595,clear,False,9,unknown_obstruction,True,3031,36,axle_counter,0.0,CLEAR,False,8.644,False,DEL-AGRA,reduce_speed
61,2.526,clear,False,7,environmental_false_positive,True,2507,79,track_circuit,0.0,OCCUPIED,True,20.768,False,MUM-PUNE,reduce_speed
51,10.65,rain,False,5,unknown_obstruction,True,3745,22,axle_counter,89.99,CLEAR,True,48.665,False,KOL-HOW,reroute
191,18.843,rain,True,6,signal_cable_theft,False,3725,48,axle_counter,72.96,CLEAR,False,35.914,False,CHN-BGLR,reduce_speed
100,3.966,rain,False,6,sensor_miscount,False,1534,3,vibration,0.0,CLEAR,True,30.74,False,MUM-PUNE,reduce_speed
128,13.145,fog,True,6,fallen_tree,False,1188,30,axle_counter,32.51,OCCUPIED,True,28.88,False,MUM-PUNE,reduce_speed
113,8.358,flood,True,6,unknown_obstruction,False,4049,28,axle_counter,80.82,CLEAR,True,16.631,False,HYB-SEC,reduce_speed
74,3.609,snow,True,7,sensor_miscount,False,1540,73,axle_counter,0.0,CLEAR,True,45.054,False,HYB-SEC,reduce_speed
99,9.807,fog,False,4,sensor_miscount,False,4261,31,axle_counter,0.0,CLEAR,True,36.46,False,DEL-AGRA,proceed_with_caution
56,5.306,clear,False,6,environmental_false_positive,False,4258,64,accelerometer,0.0,CLEAR,False,43.926,False,KOL-HOW,reduce_speed
145,18.486,fog,False,8,equipment_failure_ahead,False,341,25,track_circuit,27.81,CLEAR,True,4.1,False,HYB-SEC,reduce_speed
133,16.704,rain,True,3,unknown_obstruction,False,776,2,axle_counter,0.0,OCCUPIED,False,29.344,False,DEL-AGRA,proceed_with_caution
115,13.075,clear,False,3,sensor_miscount,False,50,73,accelerometer,0.0,CLEAR,True,4.646,False,MUM-PUNE,proceed_with_caution
83,2.311,fog,True,7,unknown_obstruction,False,3369,59,axle_counter,0.0,CLEAR,True,5.225,False,DEL-AGRA,reduce_speed
159,2.72,fog,True,6,signal_cable_theft,False,2047,25,axle_counter,0.0,CLEAR,True,26.807,False,CHN-BGLR,reduce_speed
122,15.533,fog,True,7,stranded_vehicle,True,748,36,track_circuit,78.98,CLEAR,True,16.858,True,KOL-HOW,reduce_speed
118,7.512,clear,True,7,fallen_tree,False,3014,44,accelerometer,0.0,OCCUPIED,False,0.062,False,HYB-SEC,reduce_speed
194,9.931,clear,True,2,broken_rail,True,2266,24,accelerometer,93.52,CLEAR,True,38.129,True,DEL-AGRA,proceed_with_caution
84,0.513,clear,False,8,cattle_crossing,True,1336,61,axle_counter,55.75,CLEAR,True,3.076,False,DEL-AGRA,emergency_stop
50,8.247,snow,True,7,signal_cable_theft,False,886,43,vibration,0.0,OCCUPIED,True,32.102,False,KOL-HOW,proceed_with_caution
137,18.16,clear,False,5,equipment_failure_ahead,False,3029,54,vibration,62.29,CLEAR,True,49.902,False,CHN-BGLR,proceed_with_caution
109,9.591,flood,True,7,stranded_vehicle,False,32,14,track_circuit,0.0,OCCUPIED,True,1.937,True,CHN-BGLR,proceed_with_caution
147,5.523,clear,False,5,cattle_crossing,False,4469,1,track_circuit,81.23,CLEAR,True,1.524,False,KOL-HOW,proceed_with_caution
95,10.167,rain,True,2,landslide_debris,False,1887,42,track_circuit,96.88,CLEAR,True,13.777,False,CHN-BGLR,proceed_with_caution
51,0.349,fog,True,4,signal_cable_theft,False,3670,54,accelerometer,59.62,CLEAR,True,0.273,True,MUM-PUNE,reduce_speed
157,18.439,clear,False,8,cattle_crossing,False,656,45,track_circuit,0.0,CLEAR,True,1.604,False,CHN-BGLR,reduce_speed
129,12.537,clear,True,2,boulder,True,4831,62,accelerometer,12.43,CLEAR,False,13.135,False,HYB-SEC,proceed_with_caution
114,11.483,fog,True,6,unknown_obstruction,True,1420,5,vibration,0.0,OCCUPIED,True,41.507,False,CHN-BGLR,reduce_speed
171,12.778,heavy_rain,False,3,sensor_miscount,False,995,53,accelerometer,60.3,CLEAR,False,47.773,True,CHN-BGLR,proceed_with_caution
167,11.42,clear,True,7,equipment_failure_ahead,False,1509,26,vibration,0.0,OCCUPIED,True,0.733,False,KOL-HOW,reduce_speed
80,0.526,rain,True,5,signal_cable_theft,False,875,11,accelerometer,0.0,CLEAR,True,31.541,False,KOL-HOW,proceed_with_caution
184,18.874,flood,False,3,environmental_false_positive,False,4692,65,accelerometer,0.0,CLEAR,True,1.121,False,HYB-SEC,proceed_with_caution
175,0.611,flood,False,2,signal_cable_theft,False,2140,38,axle_counter,0.0,CLEAR,False,17.803,False,MUM-PUNE,proceed_with_caution
174,7.476,rain,False,5,landslide_debris,False,2135,69,track_circuit,41.88,CLEAR,True,42.13,False,CHN-BGLR,proceed_with_caution
148,1.83,clear,False,2,track_buckling,False,4103,86,vibration,79.15,CLEAR,True,23.168,False,HYB-SEC,proceed_with_caution
167,13.292,fog,True,1,water_logging,True,975,33,track_circuit,79.01,CLEAR,True,24.718,False,MUM-PUNE,reduce_speed
186,11.164,clear,False,4,boulder,False,3780,74,accelerometer,0.0,OCCUPIED,False,35.101,False,HYB-SEC,proceed_with_caution
112,18.711,heavy_rain,True,4,signal_cable_theft,False,540,56,track_circuit,15.29,CLEAR,True,49.061,False,MUM-PUNE,reduce_speed
183,10.934,rain,True,9,equipment_failure_ahead,False,2188,68,accelerometer,0.0,CLEAR,False,6.873,False,CHN-BGLR,emergency_stop
179,8.903,flood,True,5,sensor_miscount,False,740,38,track_circuit,0.0,CLEAR,False,36.239,False,HYB-SEC,proceed_with_caution
97,14.295,clear,True,3,unknown_obstruction,False,13,43,axle_counter,0.0,OCCUPIED,True,25.552,False,DEL-AGRA,proceed_with_caution
116,15.01,rain,True,4,sensor_miscount,True,2614,83,track_circuit,87.3,CLEAR,False,20.82,False,CHN-BGLR,proceed_with_caution
61,15.448,rain,True,4,signal_cable_theft,False,4487,80,track_circuit,0.0,OCCUPIED,True,27.558,True,DEL-AGRA,proceed_with_caution
71,15.746,rain,False,6,cattle_crossing,False,2181,69,accelerometer,0.0,CLEAR,True,34.824,False,KOL-HOW,reduce_speed
124,13.774,rain,False,4,sensor_miscount,True,2578,84,track_circuit,0.0,OCCUPIED,True,2.929,False,CHN-BGLR,proceed_with_caution
142,17.783,clear,True,2,broken_rail,True,516,29,accelerometer,20.71,CLEAR,False,32.381,True,HYB-SEC,proceed_with_caution
59,7.58,rain,True,1,environmental_false_positive,False,2476,17,vibration,53.04,CLEAR,True,18.817,False,KOL-HOW,proceed_with_caution
187,12.268,fog,True,5,water_logging,False,2157,20,track_circuit,82.02,CLEAR,False,24.501,False,HYB-SEC,reduce_speed
123,15.36,heavy_rain,False,3,signal_cable_theft,False,246,54,axle_counter,24.25,CLEAR,True,19.063,True,MUM-PUNE,proceed_with_caution
119,1.084,rain,True,4,sensor_miscount,False,449,1,accelerometer,0.0,CLEAR,True,9.052,False,CHN-BGLR,proceed_with_caution
166,6.212,flood,True,4,boulder,False,859,10,axle_counter,0.0,CLEAR,False,42.589,False,KOL-HOW,proceed_with_caution
144,19.867,heavy_rain,True,8,signal_cable_theft,True,3897,75,accelerometer,48.12,OCCUPIED,True,43.731,True,HYB-SEC,reduce_speed
48,18.62,rain,True,3,unknown_obstruction,False,2165,21,accelerometer,0.0,OCCUPIED,True,26.438,False,CHN-BGLR,proceed_with_caution
195,14.59,rain,False,5,broken_rail,False,1392,47,vibration,0.0,CLEAR,True,27.875,False,HYB-SEC,proceed_with_caution
113,0.943,clear,False,5,stranded_vehicle,False,2346,83,accelerometer,0.0,OCCUPIED,False,3.835,True,MUM-PUNE,emergency_stop
159,5.709,fog,True,7,unknown_obstruction,False,705,57,accelerometer,90.12,OCCUPIED,True,14.673,False,MUM-PUNE,reduce_speed
187,10.778,clear,False,7,broken_rail,False,113,83,track_circuit,0.0,CLEAR,True,12.347,True,KOL-HOW,reduce_speed
143,12.178,clear,False,3,unknown_obstruction,False,1196,34,axle_counter,0.0,OCCUPIED,True,42.892,False,DEL-AGRA,proceed_with_caution
146,8.811,fog,True,5,boulder,False,2839,22,vibration,25.41,CLEAR,True,41.293,False,HYB-SEC,reduce_speed
166,12.055,fog,True,6,signal_cable_theft,True,2635,30,track_circuit,14.71,OCCUPIED,True,12.773,False,CHN-BGLR,reduce_speed
153,19.763,heavy_rain,True,7,equipment_failure_ahead,False,509,39,vibration,0.0,OCCUPIED,True,41.987,False,KOL-HOW,reduce_speed
67,17.237,clear,False,5,cattle_crossing,False,1443,34,axle_counter,0.0,CLEAR,True,11.773,False,DEL-AGRA,proceed_with_caution
185,9.999,clear,False,7,sensor_miscount,True,1422,66,track_circuit,0.0,CLEAR,True,40.811,True,MUM-PUNE,reduce_speed
61,13.833,clear,False,5,boulder,True,254,65,accelerometer,0.0,CLEAR,True,14.774,False,DEL-AGRA,reroute
105,17.955,flood,True,4,fallen_tree,False,706,75,track_circuit,78.62,CLEAR,False,42.811,False,MUM-PUNE,proceed_with_caution
195,6.328,rain,False,2,landslide_debris,True,148,58,accelerometer,0.0,CLEAR,False,47.173,False,HYB-SEC,proceed_with_caution
129,0.391,snow,False,5,environmental_false_positive,False,2210,11,track_circuit,1.3,OCCUPIED,True,4.327,True,MUM-PUNE,emergency_stop
159,10.833,clear,True,6,sensor_miscount,True,3855,5,track_circuit,0.0,CLEAR,True,14.71,True,HYB-SEC,reduce_speed
148,3.186,heavy_rain,False,7,signal_cable_theft,True,3560,71,track_circuit,47.25,OCCUPIED,True,1.532,False,CHN-BGLR,reduce_speed
64,11.387,rain,False,1,sensor_miscount,True,192,11,axle_counter,43.16,CLEAR,False,26.099,False,MUM-PUNE,proceed_with_caution
65,11.066,rain,True,8,sensor_miscount,False,1150,9,accelerometer,36.12,OCCUPIED,True,24.333,False,DEL-AGRA,reduce_speed
120,7.702,clear,True,2,signal_cable_theft,False,4527,18,vibration,9.19,OCCUPIED,True,8.851,True,CHN-BGLR,proceed_with_caution
160,1.068,heavy_rain,False,10,stranded_vehicle,False,3011,34,axle_counter,10.52,CLEAR,True,41.672,True,CHN-BGLR,emergency_stop
192,2.831,clear,False,4,landslide_debris,False,157,93,track_circuit,6.34,CLEAR,False,17.109,False,DEL-AGRA,proceed_with_caution
79,5.569,clear,False,10,signal_cable_theft,True,4597,78,vibration,88.74,CLEAR,True,26.009,False,HYB-SEC,reduce_speed
160,4.807,fog,True,5,cattle_crossing,False,4452,98,vibration,0.0,CLEAR,True,28.123,False,DEL-AGRA,reduce_speed
45,12.208,heavy_rain,False,8,boulder,False,715,40,axle_counter,0.0,OCCUPIED,True,40.847,False,DEL-AGRA,proceed_with_caution
56,0.657,clear,True,5,water_logging,False,47,61,vibration,0.0,OCCUPIED,True,15.613,False,KOL-HOW,emergency_stop
190,10.438,fog,True,5,fallen_tree,False,3386,44,axle_counter,59.52,OCCUPIED,False,20.671,False,HYB-SEC,reduce_speed
81,19.548,heavy_rain,True,4,signal_cable_theft,True,589,4,vibration,0.0,CLEAR,True,30.539,False,MUM-PUNE,reduce_speed
99,19.416,flood,False,6,broken_rail,True,1992,43,axle_counter,0.0,CLEAR,True,27.284,True,CHN-BGLR,reduce_speed
101,19.795,heavy_rain,False,8,signal_cable_theft,False,4492,38,axle_counter,0.0,CLEAR,False,45.388,False,KOL-HOW,reduce_speed
57,6.617,clear,True,7,stranded_vehicle,False,3233,46,accelerometer,61.99,CLEAR,False,7.973,False,DEL-AGRA,reduce_speed
130,18.046,heavy_rain,True,1,environmental_false_positive,False,235,85,track_circuit,0.0,OCCUPIED,False,23.135,False,CHN-BGLR,reduce_speed
49,2.846,flood,False,6,broken_rail,False,452,87,axle_counter,0.0,CLEAR,True,45.969,False,KOL-HOW,reduce_speed
90,19.964,clear,False,6,track_buckling,False,2580,100,vibration,0.0,CLEAR,False,37.977,False,DEL-AGRA,reduce_speed
99,17.256,clear,False,8,water_logging,False,4828,33,accelerometer,63.37,CLEAR,True,47.793,False,CHN-BGLR,reduce_speed
163,11.899,snow,True,4,unknown_obstruction,False,3009,82,track_circuit,0.0,CLEAR,False,14.392,False,MUM-PUNE,reduce_speed
48,4.065,snow,False,2,stranded_vehicle,False,267,27,accelerometer,4.56,CLEAR,True,31.343,False,MUM-PUNE,proceed_with_caution
89,19.197,rain,True,6,fallen_tree,False,4655,43,axle_counter,4.57,CLEAR,True,48.188,False,HYB-SEC,proceed_with_caution
154,18.858,rain,False,5,boulder,False,3608,61,vibration,0.0,OCCUPIED,True,34.719,True,MUM-PUNE,proceed_with_caution
118,6.135,heavy_rain,False,9,fallen_tree,True,3226,62,accelerometer,0.0,CLEAR,True,8.034,False,DEL-AGRA,reduce_speed
142,6.262,clear,True,4,stranded_vehicle,True,4411,32,axle_counter,0.0,CLEAR,True,38.955,False,MUM-PUNE,proceed_with_caution
62,0.305,snow,False,5,environmental_false_positive,False,3465,86,track_circuit,0.0,CLEAR,False,27.789,False,KOL-HOW,proceed_with_caution
74,1.768,clear,False,3,track_buckling,False,63,36,vibration,95.77,CLEAR,False,28.129,False,HYB-SEC,proceed_with_caution
92,1.755,snow,True,6,cattle_crossing,False,3247,5,axle_counter,0.0,CLEAR,False,8.959,True,MUM-PUNE,reduce_speed
92,1.555,rain,True,5,landslide_debris,False,1042,0,accelerometer,11.45,OCCUPIED,True,37.597,True,MUM-PUNE,emergency_stop
70,12.941,flood,False,6,boulder,False,4306,100,track_circuit,52.23,OCCUPIED,True,28.277,False,DEL-AGRA,reduce_speed
140,6.646,clear,False,6,water_logging,False,3809,88,accelerometer,0.0,CLEAR,True,35.441,False,KOL-HOW,reduce_speed
199,17.162,rain,True,9,sensor_miscount,False,4175,74,accelerometer,89.92,CLEAR,False,43.312,False,HYB-SEC,emergency_stop
167,3.25,fog,True,5,sensor_miscount,True,1054,80,axle_counter,0.0,CLEAR,True,13.937,False,MUM-PUNE,reduce_speed
179,14.955,flood,True,9,water_logging,False,1617,89,track_circuit,0.0,CLEAR,True,48.934,False,MUM-PUNE,emergency_stop
157,9.961,clear,False,2,boulder,True,1598,5,axle_counter,50.33,CLEAR,True,12.673,True,DEL-AGRA,proceed_with_caution
104,18.698,snow,True,5,cattle_crossing,False,796,78,axle_counter,0.0,CLEAR,True,49.533,True,DEL-AGRA,reduce_speed
200,0.818,rain,False,6,signal_cable_theft,True,248,33,axle_counter,84.21,CLEAR,True,8.11,False,MUM-PUNE,emergency_stop
48,10.022,rain,True,5,water_logging,False,3431,50,accelerometer,0.0,CLEAR,False,46.493,True,HYB-SEC,proceed_with_caution
60,6.064,rain,True,7,stranded_vehicle,False,306,56,accelerometer,0.0,CLEAR,True,9.428,False,CHN-BGLR,reduce_speed
199,7.539,rain,True,2,track_buckling,False,3564,15,track_circuit,0.0,CLEAR,False,33.273,False,KOL-HOW,proceed_with_caution
127,5.331,heavy_rain,True,6,signal_cable_theft,False,331,68,accelerometer,0.0,OCCUPIED,False,7.376,False,KOL-HOW,reduce_speed
198,11.418,fog,True,3,signal_cable_theft,False,1971,17,vibration,0.0,OCCUPIED,True,18.234,False,MUM-PUNE,reduce_speed
53,16.178,clear,True,2,water_logging,False,4343,63,accelerometer,2.8,CLEAR,True,36.388,False,HYB-SEC,proceed_with_caution
161,8.028,rain,False,6,stranded_vehicle,False,2758,25,vibration,96.71,CLEAR,True,42.862,False,HYB-SEC,reduce_speed
61,8.618,rain,False,2,track_buckling,False,3040,2,track_circuit,57.27,CLEAR,False,9.268,False,MUM-PUNE,proceed_with_caution
192,7.626,flood,True,5,boulder,False,1972,1,accelerometer,87.01,CLEAR,True,35.87,False,KOL-HOW,proceed_with_caution
118,1.053,clear,False,4,signal_cable_theft,False,2040,20,accelerometer,81.66,OCCUPIED,False,10.675,False,CHN-BGLR,emergency_stop
162,4.52,clear,False,6,landslide_debris,True,1009,63,vibration,0.0,OCCUPIED,True,36.494,False,HYB-SEC,reduce_speed
137,16.313,clear,False,6,track_buckling,False,4150,58,vibration,26.71,CLEAR,True,32.141,True,DEL-AGRA,reduce_speed
132,17.506,rain,False,3,broken_rail,False,1091,73,accelerometer,40.03,CLEAR,True,0.17,False,DEL-AGRA,proceed_with_caution
136,16.306,clear,False,8,boulder,True,3020,41,track_circuit,0.0,CLEAR,True,36.474,True,MUM-PUNE,reduce_speed
94,2.398,fog,True,4,sensor_miscount,False,1021,98,axle_counter,0.0,CLEAR,True,1.754,True,CHN-BGLR,reduce_speed
84,10.362,rain,True,8,landslide_debris,False,1537,73,accelerometer,78.41,CLEAR,True,30.769,False,MUM-PUNE,reduce_speed
83,12.799,clear,False,5,unknown_obstruction,False,4287,77,axle_counter,0.14,OCCUPIED,True,41.415,False,MUM-PUNE,proceed_with_caution
103,8.465,clear,True,4,landslide_debris,False,760,6,accelerometer,0.0,CLEAR,True,47.98,False,MUM-PUNE,proceed_with_caution
54,1.973,clear,False,3,boulder,False,4545,28,axle_counter,70.61,CLEAR,False,21.737,False,KOL-HOW,proceed_with_caution
148,9.57,clear,False,6,track_buckling,True,1785,88,axle_counter,0.0,OCCUPIED,True,31.737,False,KOL-HOW,reduce_speed
188,19.808,clear,False,5,unknown_obstruction,False,1518,22,vibration,40.5,CLEAR,False,49.645,False,KOL-HOW,proceed_with_caution
107,16.662,flood,False,6,equipment_failure_ahead,True,949,68,track_circuit,27.16,CLEAR,False,0.316,False,MUM-PUNE,reduce_speed
76,13.064,flood,True,1,environmental_false_positive,True,3166,22,accelerometer,66.11,CLEAR,True,41.409,False,KOL-HOW,proceed_with_caution
115,15.815,rain,True,4,sensor_miscount,True,1437,80,track_circuit,36.83,OCCUPIED,True,3.875,False,KOL-HOW,proceed_with_caution
190,18.667,clear,True,6,sensor_miscount,False,4850,41,accelerometer,54.71,OCCUPIED,True,40.171,False,DEL-AGRA,reduce_speed
85,13.333,rain,True,7,broken_rail,True,745,19,vibration,0.0,CLEAR,False,21.5,False,CHN-BGLR,reduce_speed
161,8.12,heavy_rain,True,5,fallen_tree,True,3502,62,accelerometer,0.0,CLEAR,True,33.748,True,KOL-HOW,reduce_speed
181,12.433,flood,False,5,fallen_tree,False,1713,80,vibration,0.0,CLEAR,True,15.438,True,HYB-SEC,proceed_with_caution
130,3.634,snow,True,1,boulder,False,2893,3,vibration,48.63,CLEAR,True,32.004,False,KOL-HOW,reduce_speed
45,2.806,fog,False,5,stranded_vehicle,False,3575,63,accelerometer,29.77,CLEAR,False,44.241,True,MUM-PUNE,proceed_with_caution
53,5.139,rain,True,1,fallen_tree,False,1817,60,axle_counter,3.76,OCCUPIED,True,30.823,False,CHN-BGLR,proceed_with_caution
189,13.001,flood,True,6,fallen_tree,False,415,88,vibration,0.0,CLEAR,True,8.076,True,CHN-BGLR,reduce_speed
105,19.749,rain,False,6,signal_cable_theft,False,4594,72,vibration,61.17,OCCUPIED,True,21.731,False,KOL-HOW,reduce_speed
119,14.907,flood,True,4,boulder,False,2511,78,track_circuit,0.0,OCCUPIED,True,35.284,False,KOL-HOW,proceed_with_caution
192,17.618,clear,False,4,signal_cable_theft,False,4608,21,axle_counter,22.45,CLEAR,True,36.148,False,MUM-PUNE,proceed_with_caution
181,12.851,fog,False,6,stranded_vehicle,True,1301,13,track_circuit,99.77,CLEAR,True,5.757,False,DEL-AGRA,reduce_speed
177,6.955,rain,True,6,cattle_crossing,False,3881,74,axle_counter,0.0,CLEAR,True,15.089,False,KOL-HOW,reduce_speed
102,11.331,clear,False,3,unknown_obstruction,False,883,17,track_circuit,20.4,CLEAR,True,17.812,False,CHN-BGLR,proceed_with_caution
165,19.277,heavy_rain,True,5,equipment_failure_ahead,True,4709,78,axle_counter,94.44,OCCUPIED,True,9.458,False,CHN-BGLR,reduce_speed
102,18.691,clear,False,1,fallen_tree,True,1513,24,accelerometer,0.0,CLEAR,True,15.501,False,KOL-HOW,proceed_with_caution
49,6.025,fog,False,6,cattle_crossing,False,3256,100,track_circuit,3.27,OCCUPIED,False,28.454,False,HYB-SEC,reduce_speed
67,12.933,clear,False,5,stranded_vehicle,True,2168,24,track_circuit,30.21,CLEAR,True,39.697,False,DEL-AGRA,reroute
116,8.442,snow,True,5,water_logging,False,1316,25,axle_counter,0.0,CLEAR,True,6.815,True,CHN-BGLR,reduce_speed
97,17.556,clear,True,3,stranded_vehicle,False,3622,8,track_circuit,67.03,OCCUPIED,True,40.789,False,CHN-BGLR,proceed_with_caution
133,15.018,rain,True,8,landslide_debris,True,3042,26,track_circuit,0.0,OCCUPIED,False,27.806,False,CHN-BGLR,reduce_speed
114,14.335,clear,False,3,track_buckling,False,3765,8,track_circuit,0.0,OCCUPIED,True,6.62,True,KOL-HOW,proceed_with_caution
150,18.326,snow,True,8,broken_rail,False,842,60,accelerometer,32.11,CLEAR,True,41.62,False,MUM-PUNE,reduce_speed
137,12.796,clear,True,7,broken_rail,True,3853,80,axle_counter,0.0,CLEAR,True,2.005,False,KOL-HOW,reduce_speed
117,14.252,snow,False,6,track_buckling,False,3986,31,axle_counter,0.0,OCCUPIED,True,4.227,False,DEL-AGRA,reduce_speed
55,4.714,flood,True,6,cattle_crossing,False,419,85,track_circuit,0.0,OCCUPIED,True,34.679,False,MUM-PUNE,reduce_speed
195,19.432,rain,False,6,track_buckling,False,906,63,track_circuit,0.0,OCCUPIED,False,37.422,False,HYB-SEC,reduce_speed
137,17.143,clear,True,2,track_buckling,False,2635,87,vibration,59.11,OCCUPIED,True,9.765,False,HYB-SEC,proceed_with_caution
119,5.889,clear,False,8,landslide_debris,False,4258,63,vibration,1.17,CLEAR,True,43.009,False,CHN-BGLR,reduce_speed
63,12.242,fog,False,3,environmental_false_positive,False,2118,79,axle_counter,0.0,CLEAR,False,37.054,False,KOL-HOW,proceed_with_caution
166,6.378,flood,True,8,sensor_miscount,True,3437,10,accelerometer,0.0,CLEAR,True,1.389,False,MUM-PUNE,reduce_speed
63,6.452,clear,False,8,cattle_crossing,True,1252,75,vibration,31.58,CLEAR,True,33.419,False,CHN-BGLR,reduce_speed
120,13.282,fog,False,1,cattle_crossing,True,2133,79,track_circuit,64.63,CLEAR,True,5.348,False,DEL-AGRA,proceed_with_caution
102,14.087,heavy_rain,True,7,boulder,True,1253,12,axle_counter,78.21,OCCUPIED,True,45.585,True,KOL-HOW,reduce_speed
184,8.343,snow,True,5,landslide_debris,True,4784,14,vibration,0.0,CLEAR,False,37.504,False,DEL-AGRA,reduce_speed
190,18.561,rain,False,5,environmental_false_positive,False,2013,40,vibration,77.59,CLEAR,True,43.511,False,DEL-AGRA,proceed_with_caution
100,5.924,fog,True,6,unknown_obstruction,False,1196,22,track_circuit,0.0,CLEAR,True,14.216,False,HYB-SEC,reduce_speed
117,14.655,flood,False,8,sensor_miscount,False,926,11,accelerometer,86.27,CLEAR,False,29.406,False,HYB-SEC,reduce_speed
69,13.034,fog,True,3,unknown_obstruction,False,477,28,accelerometer,0.0,OCCUPIED,False,35.312,True,KOL-HOW,reduce_speed
183,6.733,fog,True,3,boulder,True,390,41,axle_counter,0.0,CLEAR,True,17.764,False,CHN-BGLR,reduce_speed
189,15.346,heavy_rain,True,5,signal_cable_theft,False,1353,58,accelerometer,0.0,CLEAR,True,44.477,False,HYB-SEC,reduce_speed
97,4.29,rain,True,8,boulder,False,944,80,accelerometer,17.7,CLEAR,True,15.235,False,DEL-AGRA,reduce_speed
174,15.822,clear,True,3,sensor_miscount,True,4438,65,axle_counter,0.0,CLEAR,True,42.807,False,KOL-HOW,proceed_with_caution
50,8.121,snow,False,5,boulder,False,3471,96,vibration,0.0,CLEAR,False,26.911,True,KOL-HOW,proceed_with_caution
77,9.342,clear,False,5,broken_rail,False,916,45,accelerometer,0.0,CLEAR,True,33.037,True,DEL-AGRA,proceed_with_caution
83,14.03,snow,True,6,cattle_crossing,False,1409,78,vibration,0.0,CLEAR,True,15.402,False,HYB-SEC,reduce_speed
128,4.47,clear,True,5,environmental_false_positive,True,3650,94,vibration,0.0,CLEAR,True,7.136,False,CHN-BGLR,reroute
61,15.289,flood,True,4,landslide_debris,False,4542,100,accelerometer,30.7,CLEAR,True,30.89,False,CHN-BGLR,proceed_with_caution
94,16.055,flood,False,7,boulder,False,1996,36,accelerometer,51.9,CLEAR,False,26.822,False,CHN-BGLR,reduce_speed
52,5.304,heavy_rain,True,7,track_buckling,False,4226,50,track_circuit,0.0,CLEAR,False,1.57,False,CHN-BGLR,reroute
199,18.035,clear,True,5,stranded_vehicle,False,2079,45,track_circuit,0.0,CLEAR,True,27.777,False,DEL-AGRA,proceed_with_caution
183,11.021,rain,False,6,stranded_vehicle,False,878,70,vibration,0.0,CLEAR,False,22.354,False,DEL-AGRA,reduce_speed
133,14.404,clear,False,5,sensor_miscount,False,4896,45,axle_counter,1.73,CLEAR,True,13.053,False,CHN-BGLR,proceed_with_caution
120,8.64,fog,True,5,broken_rail,False,169,83,track_circuit,0.0,CLEAR,True,1.746,True,MUM-PUNE,reduce_speed
76,0.952,flood,True,4,stranded_vehicle,True,4886,5,accelerometer,48.39,OCCUPIED,True,46.456,False,KOL-HOW,emergency_stop
141,2.835,flood,False,2,water_logging,False,3583,61,axle_counter,31.54,OCCUPIED,True,42.755,True,DEL-AGRA,proceed_with_caution
120,8.792,clear,True,5,broken_rail,False,2496,69,vibration,68.47,CLEAR,True,21.854,True,MUM-PUNE,proceed_with_caution
170,16.609,rain,False,4,unknown_obstruction,False,842,21,track_circuit,0.0,CLEAR,True,47.325,False,DEL-AGRA,proceed_with_caution
105,18.463,snow,False,6,broken_rail,False,3496,98,vibration,0.0,CLEAR,True,35.618,False,KOL-HOW,reduce_speed
123,3.406,heavy_rain,False,3,water_logging,True,957,64,vibration,0.0,CLEAR,True,45.812,False,DEL-AGRA,proceed_with_caution
111,8.965,heavy_rain,True,5,equipment_failure_ahead,False,1769,45,axle_counter,29.76,CLEAR,False,23.062,False,KOL-HOW,reduce_speed
162,3.989,flood,True,8,fallen_tree,True,1905,62,track_circuit,0.0,CLEAR,True,43.692,True,MUM-PUNE,reduce_speed
198,19.608,fog,True,1,broken_rail,False,1444,71,track_circuit,0.0,CLEAR,True,0.482,False,CHN-BGLR,reduce_speed
125,3.631,fog,True,4,water_logging,False,1752,41,axle_counter,0.0,CLEAR,True,5.369,False,CHN-BGLR,reduce_speed
142,9.931,clear,False,5,cattle_crossing,False,4863,50,track_circuit,0.0,CLEAR,True,29.383,False,CHN-BGLR,proceed_with_caution
132,1.053,rain,True,6,landslide_debris,False,928,6,vibration,0.0,CLEAR,True,46.556,False,MUM-PUNE,reduce_speed
197,8.192,clear,False,8,track_buckling,False,3203,35,vibration,61.93,CLEAR,True,28.052,False,CHN-BGLR,reduce_speed
134,15.085,fog,True,5,boulder,False,430,22,axle_counter,7.15,OCCUPIED,True,44.86,False,DEL-AGRA,reduce_speed
183,3.751,clear,False,7,boulder,False,2698,96,vibration,91.59,OCCUPIED,False,39.495,False,MUM-PUNE,reduce_speed
85,10.461,snow,True,5,boulder,True,1792,81,track_circuit,20.99,OCCUPIED,False,5.704,True,MUM-PUNE,reduce_speed
182,1.596,flood,False,4,landslide_debris,False,195,94,axle_counter,83.34,CLEAR,True,15.781,False,CHN-BGLR,proceed_with_caution
101,16.462,heavy_rain,True,6,environmental_false_positive,False,4143,68,track_circuit,75.45,OCCUPIED,True,41.807,False,MUM-PUNE,reduce_speed
76,2.437,clear,True,6,landslide_debris,True,4373,16,accelerometer,30.74,CLEAR,True,21.33,False,HYB-SEC,reduce_speed
70,17.112,heavy_rain,False,1,water_logging,True,1121,38,axle_counter,0.0,CLEAR,False,46.633,False,HYB-SEC,proceed_with_caution
147,2.797,rain,True,3,water_logging,False,4921,51,axle_counter,0.0,OCCUPIED,True,0.356,False,KOL-HOW,proceed_with_caution
155,1.807,flood,False,4,environmental_false_positive,True,2748,49,accelerometer,23.94,CLEAR,True,39.493,True,CHN-BGLR,proceed_with_caution
55,13.2,rain,False,8,broken_rail,False,3753,3,axle_counter,54.47,OCCUPIED,True,20.493,False,MUM-PUNE,reduce_speed
141,16.145,heavy_rain,True,7,environmental_false_positive,False,296,13,accelerometer,95.89,CLEAR,True,26.771,False,KOL-HOW,reduce_speed
140,19.267,clear,True,6,signal_cable_theft,True,4027,27,track_circuit,26.41,CLEAR,True,46.681,False,DEL-AGRA,reduce_speed
114,9.066,clear,False,5,sensor_miscount,False,1741,2,accelerometer,0.0,CLEAR,True,34.759,False,HYB-SEC,proceed_with_caution
45,11.393,fog,True,5,stranded_vehicle,False,4180,58,vibration,87.12,CLEAR,False,41.558,False,HYB-SEC,reduce_speed
170,2.466,rain,True,3,environmental_false_positive,False,4538,71,track_circuit,78.88,OCCUPIED,False,38.783,False,DEL-AGRA,proceed_with_caution
196,10.078,flood,True,2,broken_rail,True,3859,56,vibration,0.0,OCCUPIED,True,14.198,False,DEL-AGRA,proceed_with_caution
47,12.101,clear,False,2,water_logging,True,3443,2,axle_counter,54.5,CLEAR,True,8.343,True,KOL-HOW,proceed_with_caution
104,17.889,snow,False,6,water_logging,False,1107,0,vibration,0.0,CLEAR,False,24.737,False,KOL-HOW,reduce_speed
114,7.425,clear,False,7,environmental_false_positive,True,3964,91,vibration,0.0,CLEAR,True,47.606,True,HYB-SEC,reduce_speed
110,17.311,fog,True,3,track_buckling,False,4073,38,axle_counter,0.0,CLEAR,False,32.284,False,CHN-BGLR,reduce_speed
58,0.709,heavy_rain,True,5,boulder,False,1772,6,accelerometer,1.2,CLEAR,True,2.805,False,DEL-AGRA,reroute
105,7.818,snow,False,6,boulder,False,1620,52,track_circuit,1.0,CLEAR,True,2.997,False,MUM-PUNE,reduce_speed
48,0.52,snow,True,6,boulder,True,293,83,accelerometer,0.0,CLEAR,True,19.034,True,HYB-SEC,reduce_speed
144,9.912,clear,True,1,stranded_vehicle,False,2298,95,accelerometer,79.23,CLEAR,True,40.387,False,CHN-BGLR,proceed_with_caution
123,4.898,rain,True,9,fallen_tree,False,2411,100,axle_counter,0.0,CLEAR,True,7.204,True,HYB-SEC,emergency_stop
49,11.667,clear,False,7,equipment_failure_ahead,False,1486,48,track_circuit,0.0,CLEAR,True,15.79,False,MUM-PUNE,reduce_speed
164,12.054,clear,False,5,environmental_false_positive,True,2835,88,vibration,58.43,CLEAR,True,5.288,False,DEL-AGRA,reroute
193,18.444,flood,True,7,signal_cable_theft,False,2349,93,accelerometer,25.53,OCCUPIED,False,25.685,False,MUM-PUNE,reduce_speed
47,10.004,flood,True,5,landslide_debris,False,1900,56,track_circuit,0.0,CLEAR,True,30.986,False,DEL-AGRA,proceed_with_caution
148,11.426,clear,False,5,equipment_failure_ahead,False,1661,50,axle_counter,83.36,OCCUPIED,True,13.451,False,CHN-BGLR,proceed_with_caution
85,2.345,clear,False,5,water_logging,True,1545,18,track_circuit,0.0,CLEAR,False,34.316,False,DEL-AGRA,reroute
98,15.227,rain,True,1,signal_cable_theft,False,2047,37,accelerometer,0.0,CLEAR,True,26.055,False,HYB-SEC,proceed_with_caution
75,8.124,clear,True,5,boulder,False,1257,30,axle_counter,0.0,OCCUPIED,False,29.099,False,HYB-SEC,proceed_with_caution
56,7.764,fog,True,6,stranded_vehicle,False,683,70,accelerometer,48.0,CLEAR,True,1.153,False,HYB-SEC,reduce_speed
108,8.691,fog,False,6,fallen_tree,False,685,12,track_circuit,31.83,CLEAR,True,7.076,False,KOL-HOW,reduce_speed
111,16.098,clear,False,2,fallen_tree,False,1969,35,accelerometer,41.11,CLEAR,False,30.36,False,HYB-SEC,proceed_with_caution
148,8.639,clear,True,2,landslide_debris,False,2197,82,track_circuit,0.0,CLEAR,True,6.889,False,CHN-BGLR,proceed_with_caution
45,2.986,snow,False,3,signal_cable_theft,False,583,63,vibration,0.0,CLEAR,False,17.926,False,CHN-BGLR,proceed_with_caution
101,6.889,flood,True,1,boulder,True,785,98,axle_counter,55.17,CLEAR,True,20.934,True,MUM-PUNE,proceed_with_caution
133,11.289,flood,True,7,cattle_crossing,True,269,7,accelerometer,0.0,CLEAR,True,1.177,True,HYB-SEC,reduce_speed
67,0.592,clear,False,6,track_buckling,True,1051,72,accelerometer,0.0,CLEAR,True,13.225,False,KOL-HOW,reroute
128,4.488,rain,False,8,equipment_failure_ahead,True,3137,92,track_circuit,97.06,CLEAR,False,48.923,False,MUM-PUNE,reduce_speed
51,2.141,clear,True,3,water_logging,False,1689,93,vibration,0.0,CLEAR,True,48.055,True,CHN-BGLR,proceed_with_caution
126,15.137,clear,False,2,broken_rail,False,1511,50,accelerometer,98.69,OCCUPIED,False,19.371,False,CHN-BGLR,proceed_with_caution
115,19.671,snow,False,6,broken_rail,False,3358,69,accelerometer,51.06,OCCUPIED,True,23.354,True,MUM-PUNE,reduce_speed
137,0.301,fog,True,8,equipment_failure_ahead,False,4110,72,accelerometer,0.0,CLEAR,True,13.594,False,DEL-AGRA,reduce_speed
141,10.954,rain,False,3,water_logging,False,3555,32,vibration,16.36,CLEAR,True,48.495,False,KOL-HOW,proceed_with_caution
67,15.328,fog,True,6,broken_rail,False,4488,70,track_circuit,53.12,CLEAR,False,21.452,False,KOL-HOW,reduce_speed
173,17.489,snow,True,3,boulder,False,2281,75,accelerometer,53.68,CLEAR,False,0.914,False,DEL-AGRA,reduce_speed
86,16.304,clear,False,3,unknown_obstruction,True,1537,31,track_circuit,11.85,CLEAR,True,47.553,False,MUM-PUNE,proceed_with_caution
174,7.701,clear,False,3,landslide_debris,False,1661,13,accelerometer,0.0,CLEAR,False,1.622,True,KOL-HOW,proceed_with_caution
74,4.814,rain,False,5,boulder,False,3832,97,accelerometer,0.0,OCCUPIED,False,44.205,True,KOL-HOW,proceed_with_caution
58,14.435,heavy_rain,True,6,stranded_vehicle,False,3832,67,vibration,0.0,CLEAR,True,47.91,False,KOL-HOW,reduce_speed
50,9.451,fog,True,5,broken_rail,False,38,60,axle_counter,0.0,OCCUPIED,True,47.275,True,DEL-AGRA,reduce_speed
165,19.519,heavy_rain,True,8,environmental_false_positive,False,4827,81,accelerometer,25.13,OCCUPIED,True,24.258,False,DEL-AGRA,reduce_speed
72,17.993,rain,True,7,signal_cable_theft,True,4507,46,vibration,0.0,CLEAR,True,33.456,False,MUM-PUNE,reduce_speed
92,3.245,rain,False,4,landslide_debris,False,3159,77,accelerometer,55.15,CLEAR,True,0.996,False,KOL-HOW,proceed_with_caution
75,4.918,heavy_rain,False,8,water_logging,False,1173,11,vibration,0.0,OCCUPIED,False,41.173,False,DEL-AGRA,reduce_speed
95,7.28,clear,False,8,environmental_false_positive,False,2123,100,axle_counter,0.0,OCCUPIED,True,31.0,False,HYB-SEC,reduce_speed
119,10.068,heavy_rain,True,1,boulder,False,4930,9,track_circuit,0.0,CLEAR,True,45.58,False,KOL-HOW,reduce_speed
144,13.966,fog,True,7,fallen_tree,False,2713,29,vibration,0.0,CLEAR,True,5.925,False,CHN-BGLR,reduce_speed
84,9.812,snow,False,6,cattle_crossing,False,1011,40,accelerometer,24.68,CLEAR,False,43.211,True,DEL-AGRA,reduce_speed
129,16.144,flood,True,6,equipment_failure_ahead,False,4160,12,vibration,0.0,CLEAR,False,2.281,False,HYB-SEC,reduce_speed
143,0.377,clear,True,4,equipment_failure_ahead,False,3039,98,vibration,42.29,CLEAR,True,3.233,True,CHN-BGLR,proceed_with_caution
163,2.45,snow,True,4,environmental_false_positive,False,1893,61,track_circuit,21.65,CLEAR,False,26.504,False,CHN-BGLR,reduce_speed
122,10.065,clear,False,5,track_buckling,False,1337,72,axle_counter,33.23,CLEAR,True,7.375,False,HYB-SEC,proceed_with_caution
56,8.974,rain,True,3,broken_rail,False,3100,87,axle_counter,0.0,OCCUPIED,False,47.154,False,HYB-SEC,proceed_with_caution
151,13.833,rain,True,2,signal_cable_theft,False,4138,60,track_circuit,0.0,OCCUPIED,True,46.806,False,HYB-SEC,proceed_with_caution
130,15.603,clear,False,4,water_logging,False,4309,77,axle_counter,47.43,OCCUPIED,False,16.369,False,CHN-BGLR,proceed_with_caution
125,3.837,snow,False,4,broken_rail,True,3890,64,accelerometer,49.98,CLEAR,True,42.527,False,DEL-AGRA,proceed_with_caution
111,2.943,snow,True,3,cattle_crossing,False,1076,58,axle_counter,0.0,CLEAR,True,24.107,True,DEL-AGRA,reduce_speed
170,8.519,snow,True,5,cattle_crossing,True,2422,20,vibration,11.4,OCCUPIED,True,27.673,True,MUM-PUNE,reduce_speed
193,0.157,snow,True,7,track_buckling,True,1486,95,accelerometer,0.0,CLEAR,False,13.307,False,KOL-HOW,reduce_speed
153,10.927,clear,False,5,equipment_failure_ahead,True,1779,10,accelerometer,92.39,OCCUPIED,True,17.122,True,DEL-AGRA,reroute
92,8.265,clear,False,4,stranded_vehicle,False,1843,14,accelerometer,15.99,OCCUPIED,True,12.083,False,HYB-SEC,proceed_with_caution
146,15.125,heavy_rain,True,2,water_logging,False,4515,41,track_circuit,0.0,OCCUPIED,True,23.101,True,CHN-BGLR,reduce_speed
85,17.896,snow,True,4,water_logging,False,2455,98,accelerometer,5.95,OCCUPIED,True,32.294,False,CHN-BGLR,reduce_speed
122,7.118,heavy_rain,True,5,sensor_miscount,False,4813,47,track_circuit,0.0,CLEAR,True,15.068,True,CHN-BGLR,reduce_speed
50,3.393,snow,True,6,boulder,False,1417,76,track_circuit,0.0,OCCUPIED,False,47.225,False,MUM-PUNE,reduce_speed
183,11.448,clear,True,3,track_buckling,False,1586,31,axle_counter,0.0,CLEAR,True,7.698,False,KOL-HOW,proceed_with_caution
74,12.364,flood,False,9,stranded_vehicle,False,283,28,accelerometer,58.09,CLEAR,True,9.682,False,MUM-PUNE,proceed_with_caution
108,7.882,clear,True,5,landslide_debris,False,228,44,axle_counter,12.24,OCCUPIED,True,43.985,True,KOL-HOW,proceed_with_caution
198,12.296,rain,False,2,fallen_tree,False,3298,25,track_circuit,48.11,CLEAR,True,3.278,True,MUM-PUNE,proceed_with_caution
68,11.327,snow,False,4,equipment_failure_ahead,True,1094,23,accelerometer,0.0,CLEAR,True,36.127,True,CHN-BGLR,proceed_with_caution
126,3.023,clear,False,6,cattle_crossing,True,852,18,track_circuit,89.04,CLEAR,False,11.428,True,HYB-SEC,reduce_speed
181,18.048,fog,True,3,landslide_debris,True,877,8,vibration,69.11,CLEAR,True,13.545,False,MUM-PUNE,reduce_speed
121,4.755,fog,False,5,broken_rail,False,4853,59,axle_counter,0.0,CLEAR,False,42.998,True,DEL-AGRA,proceed_with_caution
110,12.566,clear,False,6,signal_cable_theft,False,4849,23,track_circuit,30.25,CLEAR,True,31.702,False,MUM-PUNE,reduce_speed
88,11.778,flood,False,5,boulder,False,478,21,vibration,46.73,OCCUPIED,True,44.171,False,HYB-SEC,proceed_with_caution
179,10.608,rain,False,5,equipment_failure_ahead,False,3591,90,accelerometer,0.0,CLEAR,True,19.895,True,HYB-SEC,proceed_with_caution
100,17.245,rain,False,4,water_logging,True,4807,50,axle_counter,0.0,CLEAR,True,37.749,False,KOL-HOW,proceed_with_caution
148,3.36,fog,False,4,track_buckling,False,1555,75,vibration,0.0,CLEAR,False,39.646,False,KOL-HOW,proceed_with_caution
89,11.88,heavy_rain,False,6,environmental_false_positive,False,1404,88,accelerometer,3.98,CLEAR,True,41.552,False,DEL-AGRA,reduce_speed
94,3.702,rain,True,4,landslide_debris,True,1907,78,track_circuit,0.0,CLEAR,True,38.151,False,MUM-PUNE,proceed_with_caution
163,1.873,clear,False,3,landslide_debris,False,3449,2,axle_counter,0.0,CLEAR,True,5.545,False,CHN-BGLR,proceed_with_caution
156,17.406,clear,False,3,signal_cable_theft,False,2909,1,track_circuit,0.0,CLEAR,True,21.183,False,CHN-BGLR,proceed_with_caution
73,4.112,snow,False,3,cattle_crossing,True,2131,36,track_circuit,96.5,CLEAR,True,4.957,False,KOL-HOW,proceed_with_caution
162,3.574,fog,True,8,signal_cable_theft,False,3452,96,track_circuit,0.0,OCCUPIED,True,9.003,False,KOL-HOW,reduce_speed
166,6.556,snow,True,5,broken_rail,True,718,63,axle_counter,0.0,CLEAR,True,28.018,False,KOL-HOW,reduce_speed
172,3.364,clear,True,5,water_logging,False,4114,49,vibration,0.0,CLEAR,False,38.636,False,MUM-PUNE,proceed_with_caution
152,11.188,snow,True,6,track_buckling,True,3564,93,vibration,0.0,OCCUPIED,True,16.945,False,KOL-HOW,reduce_speed
113,3.488,rain,True,4,water_logging,False,4953,2,track_circuit,0.0,CLEAR,True,33.598,True,CHN-BGLR,proceed_with_caution
69,5.872,fog,True,8,signal_cable_theft,True,1748,58,track_circuit,39.62,CLEAR,False,42.162,False,KOL-HOW,reduce_speed
151,16.982,clear,True,7,equipment_failure_ahead,True,4543,100,track_circuit,36.77,OCCUPIED,True,18.638,False,HYB-SEC,reduce_speed
83,9.056,flood,False,3,boulder,True,4245,39,vibration,4.1,CLEAR,False,19.253,False,MUM-PUNE,proceed_with_caution
154,0.665,snow,False,3,fallen_tree,False,3490,75,axle_counter,21.13,CLEAR,True,10.55,False,CHN-BGLR,proceed_with_caution
75,10.96,flood,True,6,cattle_crossing,False,3904,73,vibration,0.0,OCCUPIED,True,32.352,False,MUM-PUNE,reduce_speed
198,16.167,rain,True,5,fallen_tree,False,1684,38,axle_counter,69.64,OCCUPIED,True,42.192,False,KOL-HOW,proceed_with_caution
122,11.42,snow,True,2,broken_rail,True,4605,54,track_circuit,54.51,CLEAR,True,20.357,False,DEL-AGRA,reduce_speed
86,11.558,rain,False,8,landslide_debris,False,4763,74,axle_counter,0.0,CLEAR,True,26.825,True,DEL-AGRA,reduce_speed
127,19.316,rain,False,7,fallen_tree,False,3758,94,track_circuit,53.39,CLEAR,True,29.366,True,MUM-PUNE,reduce_speed
105,19.45,heavy_rain,True,7,water_logging,False,4937,88,track_circuit,11.3,OCCUPIED,True,20.927,True,CHN-BGLR,reduce_speed
132,16.391,clear,False,1,stranded_vehicle,False,4355,20,vibration,23.2,CLEAR,True,2.715,True,DEL-AGRA,proceed_with_caution
151,9.43,heavy_rain,False,1,environmental_false_positive,False,2230,84,axle_counter,67.78,OCCUPIED,True,43.185,False,DEL-AGRA,proceed_with_caution
109,17.65,fog,True,6,track_buckling,False,4196,11,vibration,0.15,OCCUPIED,True,2.72,False,MUM-PUNE,reduce_speed
159,17.597,clear,True,5,signal_cable_theft,True,547,58,axle_counter,0.0,CLEAR,True,8.693,False,KOL-HOW,reroute
128,15.045,snow,True,7,broken_rail,True,4168,84,vibration,0.0,CLEAR,True,13.781,True,HYB-SEC,emergency_stop
198,17.691,fog,True,2,equipment_failure_ahead,False,3220,16,track_circuit,0.0,OCCUPIED,True,6.002,True,MUM-PUNE,reduce_speed
112,5.612,rain,True,7,cattle_crossing,False,1516,82,vibration,33.4,OCCUPIED,True,0.548,False,MUM-PUNE,reduce_speed
140,4.299,fog,True,6,track_buckling,False,3766,46,axle_counter,0.9,CLEAR,True,40.818,False,MUM-PUNE,reduce_speed
159,0.015,fog,False,4,cattle_crossing,False,2535,5,vibration,35.49,CLEAR,False,34.996,False,KOL-HOW,proceed_with_caution
49,19.418,clear,False,7,stranded_vehicle,False,4188,69,axle_counter,11.89,OCCUPIED,True,18.472,False,CHN-BGLR,reduce_speed
77,4.616,flood,True,5,broken_rail,False,4343,52,vibration,0.0,CLEAR,True,40.83,False,MUM-PUNE,proceed_with_caution
110,3.72,clear,False,3,cattle_crossing,False,1065,1,accelerometer,0.0,OCCUPIED,False,28.46,False,MUM-PUNE,proceed_with_caution
196,18.174,rain,False,6,track_buckling,False,4951,93,axle_counter,21.53,OCCUPIED,True,25.738,False,CHN-BGLR,reduce_speed
156,0.247,rain,True,4,track_buckling,True,2070,77,axle_counter,0.0,CLEAR,False,48.802,False,MUM-PUNE,proceed_with_caution
52,0.088,rain,True,4,environmental_false_positive,False,3830,51,axle_counter,0.0,OCCUPIED,True,32.603,False,DEL-AGRA,emergency_stop
189,1.414,fog,True,1,signal_cable_theft,False,4070,41,axle_counter,90.11,CLEAR,True,27.007,False,CHN-BGLR,reduce_speed
79,5.937,fog,True,6,unknown_obstruction,False,465,66,axle_counter,0.0,CLEAR,False,49.666,False,DEL-AGRA,reduce_speed
147,2.502,clear,False,8,equipment_failure_ahead,False,288,83,vibration,0.0,OCCUPIED,True,32.944,False,DEL-AGRA,reduce_speed
70,18.729,rain,True,4,broken_rail,True,2388,0,vibration,24.79,CLEAR,True,8.168,False,DEL-AGRA,proceed_with_caution
125,17.008,rain,True,2,broken_rail,False,1399,9,accelerometer,99.06,CLEAR,True,37.878,False,MUM-PUNE,proceed_with_caution
130,16.667,clear,False,6,unknown_obstruction,True,1634,66,accelerometer,19.34,CLEAR,True,9.192,False,KOL-HOW,reduce_speed
185,12.179,rain,False,5,landslide_debris,False,4388,53,axle_counter,77.45,OCCUPIED,False,44.243,False,CHN-BGLR,proceed_with_caution
200,1.426,clear,False,1,unknown_obstruction,False,2936,11,accelerometer,0.0,OCCUPIED,True,3.923,False,MUM-PUNE,emergency_stop
63,11.167,clear,False,1,water_logging,False,657,93,track_circuit,32.1,CLEAR,False,30.958,False,MUM-PUNE,proceed_with_caution
146,0.938,clear,False,5,landslide_debris,True,4825,31,track_circuit,71.68,OCCUPIED,True,13.815,True,MUM-PUNE,emergency_stop
184,2.992,snow,True,5,environmental_false_positive,True,3144,50,axle_counter,0.0,CLEAR,True,41.038,False,KOL-HOW,reduce_speed
50,13.201,fog,True,1,cattle_crossing,False,4991,89,vibration,9.05,CLEAR,True,30.016,False,MUM-PUNE,reduce_speed
96,1.11,rain,True,9,stranded_vehicle,True,179,64,track_circuit,76.21,CLEAR,True,48.248,False,DEL-AGRA,reduce_speed
75,11.99,clear,False,5,unknown_obstruction,False,2321,28,track_circuit,0.0,OCCUPIED,True,4.812,False,HYB-SEC,proceed_with_caution
86,16.007,clear,True,6,boulder,False,3313,4,vibration,0.0,CLEAR,True,30.031,False,DEL-AGRA,reduce_speed
138,14.223,flood,True,6,equipment_failure_ahead,True,4366,86,axle_counter,0.0,CLEAR,False,14.464,False,HYB-SEC,reduce_speed
192,5.446,fog,False,5,cattle_crossing,False,1093,52,axle_counter,24.82,OCCUPIED,True,48.811,True,CHN-BGLR,proceed_with_caution
49,2.595,heavy_rain,True,5,broken_rail,True,3190,66,accelerometer,0.0,CLEAR,True,19.79,False,DEL-AGRA,reduce_speed
180,17.742,clear,True,6,stranded_vehicle,False,4474,75,track_circuit,0.0,CLEAR,True,49.422,True,MUM-PUNE,reduce_speed
79,0.466,clear,True,3,fallen_tree,False,3778,96,vibration,56.84,CLEAR,True,32.463,True,CHN-BGLR,proceed_with_caution
181,8.608,fog,True,9,water_logging,False,4048,37,vibration,25.78,OCCUPIED,True,6.853,False,HYB-SEC,emergency_stop
118,18.515,clear,True,2,signal_cable_theft,True,4606,15,accelerometer,34.79,CLEAR,True,41.948,False,KOL-HOW,proceed_with_caution
87,11.942,rain,False,3,broken_rail,False,438,40,accelerometer,0.0,OCCUPIED,True,40.543,False,KOL-HOW,proceed_with_caution
47,5.927,clear,False,3,cattle_crossing,False,3336,2,axle_counter,0.0,CLEAR,True,3.55,False,DEL-AGRA,proceed_with_caution
68,8.463,clear,False,4,landslide_debris,False,3614,73,track_circuit,0.0,CLEAR,True,12.265,False,CHN-BGLR,proceed_with_caution
141,19.373,clear,False,4,boulder,False,2630,88,accelerometer,58.35,OCCUPIED,True,46.679,True,HYB-SEC,proceed_with_caution
156,19.288,heavy_rain,False,7,cattle_crossing,False,3529,42,accelerometer,0.0,CLEAR,True,30.364,False,HYB-SEC,reduce_speed
46,7.485,heavy_rain,True,7,fallen_tree,False,3927,60,track_circuit,0.0,OCCUPIED,False,5.013,True,DEL-AGRA,reduce_speed
106,4.34,rain,False,3,unknown_obstruction,False,3934,27,axle_counter,21.03,CLEAR,True,43.429,False,KOL-HOW,proceed_with_caution
146,18.695,clear,False,5,sensor_miscount,False,1540,33,axle_counter,0.0,CLEAR,False,11.192,False,KOL-HOW,proceed_with_caution
106,13.72,clear,True,2,unknown_obstruction,False,544,54,axle_counter,0.0,CLEAR,True,10.621,False,DEL-AGRA,proceed_with_caution
200,0.182,heavy_rain,False,4,water_logging,False,2699,34,vibration,12.68,CLEAR,False,16.18,False,HYB-SEC,proceed_with_caution
101,2.486,clear,True,7,equipment_failure_ahead,True,2024,27,axle_counter,18.43,OCCUPIED,False,7.527,True,CHN-BGLR,reduce_speed
64,8.283,clear,False,6,landslide_debris,False,3301,38,accelerometer,2.83,CLEAR,True,2.618,False,DEL-AGRA,reduce_speed
173,15.923,rain,True,4,unknown_obstruction,False,3884,90,vibration,0.0,OCCUPIED,True,33.77,False,CHN-BGLR,proceed_with_caution
87,8.561,rain,True,4,landslide_debris,False,3530,20,track_circuit,0.0,OCCUPIED,True,25.418,False,CHN-BGLR,proceed_with_caution
150,14.579,snow,True,5,water_logging,False,4812,26,track_circuit,0.0,OCCUPIED,True,28.537,False,HYB-SEC,reduce_speed
198,15.792,fog,True,8,signal_cable_theft,False,4837,94,vibration,0.0,OCCUPIED,True,40.022,False,CHN-BGLR,reduce_speed
100,2.551,rain,False,9,stranded_vehicle,False,840,16,track_circuit,0.0,CLEAR,False,16.477,False,KOL-HOW,emergency_stop
63,3.649,clear,False,6,track_buckling,True,1591,75,vibration,93.9,CLEAR,False,31.849,False,CHN-BGLR,reduce_speed
61,16.945,fog,False,5,track_buckling,True,4317,82,accelerometer,5.78,CLEAR,True,19.221,True,MUM-PUNE,reroute
139,8.016,clear,False,9,sensor_miscount,False,2230,50,track_circuit,75.3,CLEAR,True,31.177,False,CHN-BGLR,emergency_stop
106,19.421,fog,False,7,broken_rail,True,3245,15,track_circuit,0.0,CLEAR,True,4.184,False,DEL-AGRA,reduce_speed
126,14.649,rain,False,5,stranded_vehicle,False,4292,51,vibration,32.78,OCCUPIED,True,49.56,True,CHN-BGLR,proceed_with_caution
58,7.728,clear,False,5,equipment_failure_ahead,False,4359,16,vibration,68.33,CLEAR,True,12.768,True,MUM-PUNE,proceed_with_caution
111,1.374,snow,True,6,stranded_vehicle,True,1662,25,accelerometer,91.21,CLEAR,False,41.825,False,DEL-AGRA,reduce_speed
107,8.164,rain,True,6,equipment_failure_ahead,False,1270,27,accelerometer,0.0,OCCUPIED,True,2.426,False,HYB-SEC,reduce_speed
116,14.934,flood,True,6,landslide_debris,False,3559,81,track_circuit,82.37,CLEAR,False,45.965,False,CHN-BGLR,reduce_speed
84,11.105,clear,True,4,sensor_miscount,True,117,38,vibration,91.44,CLEAR,False,18.882,False,KOL-HOW,proceed_with_caution
48,11.461,flood,True,6,fallen_tree,False,164,43,track_circuit,14.04,CLEAR,False,12.549,True,DEL-AGRA,proceed_with_caution
135,18.227,flood,False,7,water_logging,False,153,59,axle_counter,0.0,CLEAR,True,37.205,False,CHN-BGLR,proceed_with_caution
137,12.193,rain,False,2,stranded_vehicle,True,3494,94,vibration,0.0,CLEAR,True,37.731,True,HYB-SEC,proceed_with_caution
146,13.927,fog,False,4,sensor_miscount,False,2014,82,axle_counter,16.83,CLEAR,True,36.129,False,HYB-SEC,proceed_with_caution
152,16.773,clear,True,5,boulder,False,3642,24,track_circuit,0.0,OCCUPIED,True,48.33,False,DEL-AGRA,proceed_with_caution
180,18.466,flood,False,2,signal_cable_theft,False,2425,99,axle_counter,88.64,OCCUPIED,True,20.716,False,DEL-AGRA,proceed_with_caution
105,2.67,flood,False,3,broken_rail,True,4127,74,track_circuit,0.0,CLEAR,True,28.66,True,CHN-BGLR,proceed_with_caution
183,12.554,clear,False,6,signal_cable_theft,True,3827,57,vibration,0.0,CLEAR,True,24.82,False,HYB-SEC,reduce_speed
184,10.816,flood,False,7,unknown_obstruction,True,4222,8,vibration,58.32,CLEAR,True,29.052,False,HYB-SEC,reduce_speed
87,8.1,fog,True,5,signal_cable_theft,False,3377,26,track_circuit,0.0,CLEAR,True,7.547,False,DEL-AGRA,reduce_speed
199,0.557,flood,False,6,signal_cable_theft,False,4489,12,axle_counter,92.84,OCCUPIED,False,4.915,False,DEL-AGRA,emergency_stop
147,7.76,rain,False,9,landslide_debris,False,395,58,axle_counter,0.0,CLEAR,True,27.664,False,MUM-PUNE,emergency_stop
156,13.227,fog,False,5,landslide_debris,True,2600,5,accelerometer,49.08,CLEAR,True,25.928,False,MUM-PUNE,reroute
135,13.81,clear,True,5,fallen_tree,False,1409,84,axle_counter,10.02,CLEAR,True,42.208,False,DEL-AGRA,proceed_with_caution
179,9.569,fog,False,7,fallen_tree,False,2305,33,track_circuit,0.0,CLEAR,True,3.195,False,DEL-AGRA,reduce_speed
84,18.724,fog,False,7,landslide_debris,True,4398,56,track_circuit,32.43,OCCUPIED,False,30.087,False,HYB-SEC,reduce_speed
160,12.358,flood,True,7,track_buckling,True,2488,99,vibration,35.72,CLEAR,False,28.725,False,MUM-PUNE,reduce_speed
154,19.076,rain,False,2,fallen_tree,False,2625,61,axle_counter,0.0,OCCUPIED,True,47.245,False,MUM-PUNE,proceed_with_caution
82,13.251,fog,True,5,signal_cable_theft,False,1717,90,track_circuit,0.0,CLEAR,True,35.261,False,MUM-PUNE,reduce_speed
89,6.002,clear,False,10,water_logging,True,2852,80,vibration,53.75,OCCUPIED,True,23.328,False,KOL-HOW,reduce_speed
110,7.776,snow,False,4,environmental_false_positive,False,4472,36,track_circuit,92.16,CLEAR,False,46.454,True,DEL-AGRA,proceed_with_caution
86,17.951,rain,True,6,cattle_crossing,False,598,82,vibration,0.0,CLEAR,False,41.889,False,CHN-BGLR,proceed_with_caution
196,5.103,clear,False,6,equipment_failure_ahead,False,221,94,axle_counter,0.0,CLEAR,True,31.846,False,MUM-PUNE,reduce_speed
83,8.495,clear,False,4,unknown_obstruction,True,4803,49,axle_counter,0.0,CLEAR,True,6.156,False,CHN-BGLR,proceed_with_caution
45,2.791,flood,True,4,fallen_tree,True,272,17,axle_counter,0.0,CLEAR,True,1.981,False,MUM-PUNE,proceed_with_caution
186,4.414,flood,True,4,unknown_obstruction,True,3895,57,track_circuit,32.74,CLEAR,True,13.717,True,MUM-PUNE,proceed_with_caution
134,1.253,snow,True,4,water_logging,False,2526,17,accelerometer,0.0,CLEAR,True,37.58,False,DEL-AGRA,reduce_speed
136,14.701,snow,False,8,environmental_false_positive,False,4783,97,axle_counter,63.94,CLEAR,True,44.04,False,KOL-HOW,reduce_speed
185,6.468,clear,False,6,water_logging,False,1716,100,vibration,77.95,OCCUPIED,True,7.034,False,HYB-SEC,reduce_speed
165,15.101,clear,False,2,water_logging,True,695,47,accelerometer,0.0,CLEAR,True,13.036,False,CHN-BGLR,proceed_with_caution
126,4.273,rain,True,6,stranded_vehicle,True,2649,36,axle_counter,44.08,CLEAR,True,2.588,False,KOL-HOW,reduce_speed
182,9.608,clear,True,4,sensor_miscount,True,764,8,vibration,22.88,CLEAR,True,5.194,False,CHN-BGLR,proceed_with_caution
161,1.946,clear,False,5,signal_cable_theft,False,2477,16,vibration,0.0,CLEAR,True,41.893,True,CHN-BGLR,proceed_with_caution
107,18.49,fog,False,4,stranded_vehicle,True,1617,1,accelerometer,0.0,CLEAR,True,25.11,False,KOL-HOW,proceed_with_caution
128,18.31,clear,True,4,boulder,True,1266,3,accelerometer,0.0,CLEAR,True,15.988,False,MUM-PUNE,reroute
108,4.116,rain,False,3,track_buckling,False,2286,4,track_circuit,0.0,OCCUPIED,True,9.209,True,KOL-HOW,proceed_with_caution
69,19.218,fog,False,6,boulder,True,1711,32,vibration,0.0,CLEAR,True,18.181,False,DEL-AGRA,reduce_speed
198,5.083,clear,False,5,stranded_vehicle,False,1784,38,axle_counter,50.06,OCCUPIED,True,22.136,False,MUM-PUNE,proceed_with_caution
154,3.867,heavy_rain,True,2,equipment_failure_ahead,False,2931,31,accelerometer,75.04,CLEAR,False,12.125,False,HYB-SEC,reduce_speed
165,16.608,rain,True,7,boulder,False,1464,49,accelerometer,37.09,CLEAR,True,24.396,False,MUM-PUNE,reduce_speed
175,1.212,clear,False,5,boulder,True,3036,28,axle_counter,40.43,CLEAR,False,38.873,False,CHN-BGLR,reroute
104,6.761,rain,True,6,unknown_obstruction,False,1052,97,vibration,0.0,CLEAR,False,35.354,False,CHN-BGLR,reduce_speed
71,6.775,clear,True,6,environmental_false_positive,False,3437,25,axle_counter,0.0,OCCUPIED,True,27.426,False,CHN-BGLR,reduce_speed
150,15.696,heavy_rain,True,5,stranded_vehicle,False,4845,81,axle_counter,0.0,CLEAR,True,11.23,False,DEL-AGRA,reduce_speed
176,13.116,flood,False,2,fallen_tree,True,1715,60,axle_counter,37.95,CLEAR,False,38.663,False,KOL-HOW,proceed_with_caution
168,19.179,rain,False,1,track_buckling,False,2263,73,axle_counter,0.0,OCCUPIED,True,9.823,False,CHN-BGLR,proceed_with_caution
116,16.767,rain,False,10,environmental_false_positive,True,2439,44,accelerometer,0.0,CLEAR,True,37.403,False,HYB-SEC,reduce_speed
100,7.908,rain,True,5,environmental_false_positive,True,909,23,accelerometer,70.25,OCCUPIED,True,4.422,False,DEL-AGRA,reroute
102,4.369,flood,True,2,boulder,False,890,21,vibration,0.0,CLEAR,False,12.345,False,HYB-SEC,reduce_speed
104,5.444,clear,True,5,environmental_false_positive,False,3958,84,axle_counter,95.7,CLEAR,True,2.28,False,KOL-HOW,proceed_with_caution
63,17.3,clear,False,3,boulder,False,4469,11,track_circuit,40.05,CLEAR,False,33.146,True,DEL-AGRA,proceed_with_caution
86,17.873,rain,True,5,cattle_crossing,False,985,51,track_circuit,0.0,OCCUPIED,True,12.322,True,MUM-PUNE,proceed_with_caution
129,6.047,flood,True,3,landslide_debris,True,1627,9,accelerometer,6.14,CLEAR,True,24.283,False,HYB-SEC,proceed_with_caution
142,1.175,flood,True,5,unknown_obstruction,False,4069,14,axle_counter,0.0,CLEAR,True,42.38,True,MUM-PUNE,proceed_with_caution
46,3.231,rain,False,5,environmental_false_positive,True,763,15,axle_counter,84.04,OCCUPIED,True,6.836,False,DEL-AGRA,reroute
156,9.529,heavy_rain,True,5,stranded_vehicle,False,1546,77,track_circuit,0.0,CLEAR,True,15.083,False,CHN-BGLR,reduce_speed
118,3.386,heavy_rain,False,2,stranded_vehicle,False,633,90,axle_counter,8.24,CLEAR,True,29.841,False,MUM-PUNE,proceed_with_caution
109,16.283,rain,True,10,track_buckling,False,4080,94,vibration,0.0,CLEAR,True,24.328,False,CHN-BGLR,emergency_stop
115,10.412,heavy_rain,False,4,cattle_crossing,False,4160,72,axle_counter,0.0,CLEAR,True,31.433,False,CHN-BGLR,proceed_with_caution
147,4.164,flood,True,5,track_buckling,False,1519,57,track_circuit,45.57,CLEAR,False,18.081,False,KOL-HOW,proceed_with_caution
50,13.267,clear,True,7,environmental_false_positive,False,921,28,track_circuit,98.68,CLEAR,False,21.049,True,DEL-AGRA,reduce_speed
71,17.539,heavy_rain,True,6,cattle_crossing,False,4921,7,vibration,0.0,CLEAR,True,0.385,False,MUM-PUNE,reduce_speed
134,17.404,clear,False,3,track_buckling,False,1492,22,axle_counter,28.39,CLEAR,False,26.3,False,HYB-SEC,proceed_with_caution
45,5.458,clear,True,6,stranded_vehicle,False,958,29,vibration,0.0,OCCUPIED,False,17.351,True,KOL-HOW,reduce_speed
158,18.553,flood,True,6,sensor_miscount,True,72,55,vibration,11.77,OCCUPIED,True,2.047,False,HYB-SEC,reroute
183,0.344,clear,True,8,boulder,False,2708,31,vibration,7.72,OCCUPIED,True,38.106,False,DEL-AGRA,emergency_stop
165,11.113,clear,False,4,environmental_false_positive,True,308,22,track_circuit,0.0,CLEAR,True,17.218,False,HYB-SEC,proceed_with_caution
103,9.293,flood,True,2,track_buckling,True,3652,32,axle_counter,82.2,CLEAR,True,40.716,False,KOL-HOW,proceed_with_caution
196,11.443,snow,False,1,equipment_failure_ahead,True,4727,94,track_circuit,83.41,CLEAR,True,14.902,False,HYB-SEC,proceed_with_caution
48,7.545,heavy_rain,False,4,cattle_crossing,False,1923,57,vibration,0.0,CLEAR,True,22.208,True,MUM-PUNE,proceed_with_caution
121,11.755,heavy_rain,True,3,fallen_tree,False,4204,35,axle_counter,47.89,CLEAR,True,30.643,False,KOL-HOW,reduce_speed
172,17.194,snow,True,7,equipment_failure_ahead,True,2320,86,axle_counter,0.0,OCCUPIED,True,15.074,True,DEL-AGRA,reduce_speed
77,6.156,rain,False,4,cattle_crossing,False,2693,68,vibration,31.53,OCCUPIED,True,1.44,True,CHN-BGLR,proceed_with_caution
86,5.551,rain,True,2,equipment_failure_ahead,True,1192,79,vibration,67.57,CLEAR,False,42.416,False,HYB-SEC,proceed_with_caution
144,4.527,clear,True,8,track_buckling,False,3223,23,track_circuit,0.0,CLEAR,False,30.012,False,DEL-AGRA,reduce_speed
183,18.552,rain,True,2,environmental_false_positive,True,1452,51,accelerometer,60.41,OCCUPIED,False,19.811,False,KOL-HOW,proceed_with_caution
76,16.78,flood,True,5,stranded_vehicle,False,2945,0,axle_counter,15.12,CLEAR,True,5.312,False,MUM-PUNE,proceed_with_caution
170,12.084,heavy_rain,True,2,landslide_debris,False,1515,90,vibration,43.03,CLEAR,False,18.829,False,KOL-HOW,reduce_speed
139,7.078,clear,False,1,broken_rail,False,1178,29,track_circuit,28.57,OCCUPIED,False,6.836,False,CHN-BGLR,proceed_with_caution
181,15.368,rain,True,4,broken_rail,False,2017,56,track_circuit,0.0,CLEAR,False,17.637,False,DEL-AGRA,proceed_with_caution
172,8.558,fog,True,5,landslide_debris,False,3867,82,accelerometer,0.0,OCCUPIED,True,4.327,False,KOL-HOW,reduce_speed
63,15.943,clear,False,3,fallen_tree,True,942,50,accelerometer,62.61,CLEAR,True,23.891,False,KOL-HOW,proceed_with_caution
169,2.462,clear,False,3,track_buckling,False,4243,92,vibration,64.71,CLEAR,False,4.189,False,MUM-PUNE,proceed_with_caution
55,0.578,clear,False,5,water_logging,False,2022,72,axle_counter,0.0,CLEAR,True,17.229,False,HYB-SEC,proceed_with_caution
98,2.536,rain,True,9,unknown_obstruction,True,4031,84,axle_counter,80.14,CLEAR,True,44.119,False,MUM-PUNE,reduce_speed
69,1.967,clear,True,7,cattle_crossing,False,1350,89,accelerometer,0.0,CLEAR,False,43.841,False,KOL-HOW,reduce_speed
91,19.868,clear,False,4,equipment_failure_ahead,False,4015,46,accelerometer,31.4,CLEAR,False,13.009,False,KOL-HOW,proceed_with_caution
116,16.283,clear,False,6,boulder,True,3342,80,axle_counter,31.49,CLEAR,False,20.94,False,KOL-HOW,reduce_speed
58,17.327,clear,False,6,cattle_crossing,False,1479,76,axle_counter,0.0,CLEAR,True,10.776,False,KOL-HOW,reduce_speed
192,2.205,clear,False,7,water_logging,False,1534,18,axle_counter,29.27,CLEAR,False,34.479,False,DEL-AGRA,reduce_speed
171,14.461,rain,True,7,water_logging,True,4267,37,track_circuit,0.0,CLEAR,True,6.698,False,HYB-SEC,reduce_speed
81,15.483,flood,True,6,track_buckling,False,4658,89,vibration,31.67,CLEAR,False,22.263,False,CHN-BGLR,reduce_speed
178,8.527,fog,True,2,track_buckling,False,1251,3,track_circuit,89.13,CLEAR,True,19.385,False,HYB-SEC,reduce_speed
99,8.457,flood,True,5,landslide_debris,False,4183,21,accelerometer,0.0,CLEAR,True,42.591,False,KOL-HOW,proceed_with_caution
156,17.534,clear,False,1,water_logging,False,2303,72,track_circuit,0.0,CLEAR,True,38.18,True,HYB-SEC,proceed_with_caution
45,1.549,rain,False,4,boulder,False,4356,91,track_circuit,0.0,CLEAR,True,25.479,False,DEL-AGRA,proceed_with_caution
60,5.637,fog,True,2,cattle_crossing,False,4179,43,track_circuit,68.71,CLEAR,True,5.151,False,MUM-PUNE,reduce_speed
135,10.114,rain,True,6,landslide_debris,True,3313,66,vibration,38.14,CLEAR,False,22.54,False,DEL-AGRA,reduce_speed
84,17.772,heavy_rain,False,6,cattle_crossing,False,4328,88,axle_counter,0.0,CLEAR,True,25.798,False,HYB-SEC,reduce_speed
190,11.426,clear,False,4,water_logging,False,4280,25,axle_counter,0.0,CLEAR,True,16.042,True,HYB-SEC,proceed_with_caution
136,12.872,clear,True,4,water_logging,False,1238,69,vibration,0.0,OCCUPIED,True,29.663,False,MUM-PUNE,proceed_with_caution
81,1.885,rain,False,6,water_logging,False,555,87,vibration,53.94,OCCUPIED,True,24.244,False,DEL-AGRA,emergency_stop
46,3.032,snow,True,3,broken_rail,True,3157,55,axle_counter,0.0,CLEAR,False,35.506,True,MUM-PUNE,reduce_speed
121,8.529,rain,False,1,signal_cable_theft,False,1570,0,accelerometer,0.0,CLEAR,False,11.188,False,MUM-PUNE,proceed_with_caution
165,9.118,snow,False,6,boulder,False,4116,37,axle_counter,31.9,CLEAR,False,9.921,False,DEL-AGRA,proceed_with_caution
57,16.546,clear,False,4,fallen_tree,True,2387,62,axle_counter,0.0,CLEAR,True,42.438,False,CHN-BGLR,proceed_with_caution
154,18.694,clear,False,6,broken_rail,True,2998,90,accelerometer,34.99,CLEAR,True,14.8,False,CHN-BGLR,reduce_speed
118,15.58,clear,True,6,water_logging,True,2316,17,accelerometer,68.22,CLEAR,True,10.015,False,MUM-PUNE,reduce_speed
111,4.878,heavy_rain,False,1,landslide_debris,False,2340,61,axle_counter,0.0,CLEAR,False,29.337,True,KOL-HOW,emergency_stop
62,7.939,clear,False,3,landslide_debris,True,277,17,accelerometer,0.0,CLEAR,False,45.487,False,HYB-SEC,proceed_with_caution
126,5.78,clear,False,3,broken_rail,False,4926,23,track_circuit,28.37,CLEAR,True,12.607,False,HYB-SEC,proceed_with_caution
144,17.061,flood,False,3,track_buckling,True,1711,11,accelerometer,69.27,CLEAR,True,25.922,False,HYB-SEC,proceed_with_caution
196,18.033,snow,False,5,track_buckling,True,332,4,axle_counter,2.08,CLEAR,True,33.327,False,DEL-AGRA,reroute
188,15.314,heavy_rain,True,7,broken_rail,False,3292,83,axle_counter,0.0,OCCUPIED,True,21.04,False,MUM-PUNE,reduce_speed
96,16.236,fog,True,2,unknown_obstruction,True,439,67,axle_counter,6.6,CLEAR,False,40.477,False,HYB-SEC,reduce_speed
104,6.718,clear,False,2,signal_cable_theft,False,4926,96,axle_counter,0.0,CLEAR,True,46.173,False,CHN-BGLR,proceed_with_caution
151,7.878,clear,False,6,signal_cable_theft,False,684,17,axle_counter,67.44,CLEAR,True,49.207,False,KOL-HOW,reduce_speed
110,15.382,flood,False,7,unknown_obstruction,True,733,4,vibration,0.0,CLEAR,False,0.418,False,CHN-BGLR,reduce_speed
173,5.804,heavy_rain,True,5,boulder,False,1156,85,accelerometer,60.64,OCCUPIED,False,17.799,True,DEL-AGRA,reduce_speed
167,13.802,rain,True,5,cattle_crossing,False,1036,84,axle_counter,0.0,CLEAR,True,33.24,False,DEL-AGRA,proceed_with_caution
86,9.198,rain,True,6,track_buckling,False,3573,56,track_circuit,0.0,CLEAR,True,47.48,False,KOL-HOW,reduce_speed
199,13.52,heavy_rain,False,9,landslide_debris,False,4767,74,axle_counter,0.0,CLEAR,True,23.831,False,CHN-BGLR,emergency_stop
171,7.604,heavy_rain,True,7,signal_cable_theft,False,4369,3,vibration,0.0,OCCUPIED,False,14.545,False,DEL-AGRA,reduce_speed
129,9.657,snow,True,5,track_buckling,False,2897,50,vibration,80.14,CLEAR,True,48.85,False,DEL-AGRA,reduce_speed
56,0.087,fog,False,4,sensor_miscount,False,1492,66,accelerometer,56.12,CLEAR,True,2.489,False,DEL-AGRA,proceed_with_caution
49,2.47,heavy_rain,False,3,environmental_false_positive,True,4164,50,track_circuit,0.0,CLEAR,False,20.075,False,KOL-HOW,proceed_with_caution
103,17.02,clear,False,3,boulder,False,138,49,axle_counter,0.0,OCCUPIED,True,9.778,False,KOL-HOW,proceed_with_caution
153,2.778,flood,False,5,water_logging,True,2371,3,vibration,0.0,OCCUPIED,False,15.254,False,HYB-SEC,reroute
171,5.114,rain,False,5,broken_rail,False,2974,82,vibration,25.32,CLEAR,True,3.279,False,CHN-BGLR,proceed_with_caution
152,7.079,flood,False,3,unknown_obstruction,False,4160,25,vibration,0.0,CLEAR,False,32.746,False,MUM-PUNE,proceed_with_caution
100,8.684,snow,True,4,water_logging,True,250,84,accelerometer,47.28,CLEAR,True,30.447,False,CHN-BGLR,reduce_speed
100,13.138,heavy_rain,False,4,unknown_obstruction,False,4901,88,vibration,0.0,CLEAR,False,39.522,False,DEL-AGRA,proceed_with_caution
197,3.497,fog,True,5,unknown_obstruction,False,428,58,axle_counter,0.0,CLEAR,True,22.342,False,CHN-BGLR,reduce_speed
196,6.295,snow,False,8,environmental_false_positive,False,49,30,track_circuit,0.0,CLEAR,False,5.497,True,MUM-PUNE,reduce_speed
121,19.849,fog,True,3,signal_cable_theft,True,1728,43,axle_counter,0.0,OCCUPIED,True,38.589,False,MUM-PUNE,reduce_speed
129,3.762,snow,False,6,boulder,True,1967,84,vibration,57.61,OCCUPIED,True,17.898,False,KOL-HOW,reduce_speed
142,18.122,rain,False,4,unknown_obstruction,True,2987,63,axle_counter,52.85,CLEAR,True,4.012,False,CHN-BGLR,proceed_with_caution
65,11.692,snow,True,2,environmental_false_positive,False,2503,44,vibration,0.0,CLEAR,True,46.19,False,CHN-BGLR,reduce_speed
151,9.113,snow,True,4,boulder,False,1160,11,vibration,83.05,OCCUPIED,False,38.125,False,CHN-BGLR,reduce_speed
153,0.575,clear,True,2,equipment_failure_ahead,False,3223,20,track_circuit,0.0,CLEAR,True,30.175,False,DEL-AGRA,proceed_with_caution
198,6.721,clear,True,6,landslide_debris,False,276,91,vibration,0.0,OCCUPIED,True,33.859,False,CHN-BGLR,reduce_speed
89,19.045,snow,True,7,equipment_failure_ahead,False,4565,67,track_circuit,30.86,OCCUPIED,True,14.588,True,MUM-PUNE,reduce_speed
147,5.956,snow,True,6,signal_cable_theft,True,1955,13,axle_counter,25.54,CLEAR,True,18.93,True,HYB-SEC,reduce_speed
119,11.809,fog,False,6,fallen_tree,False,4280,90,axle_counter,0.0,CLEAR,True,11.251,False,DEL-AGRA,reduce_speed
194,9.676,snow,True,6,water_logging,True,1214,87,track_circuit,94.87,CLEAR,True,39.113,False,DEL-AGRA,reduce_speed
86,10.185,clear,False,3,sensor_miscount,True,448,93,accelerometer,0.0,CLEAR,True,12.309,False,DEL-AGRA,proceed_with_caution
162,8.703,rain,True,7,water_logging,True,4219,87,accelerometer,48.73,CLEAR,True,29.743,False,DEL-AGRA,reduce_speed
110,5.483,clear,True,7,track_buckling,True,3100,95,axle_counter,0.0,OCCUPIED,False,15.484,False,DEL-AGRA,reduce_speed
147,9.052,rain,True,3,equipment_failure_ahead,True,79,77,axle_counter,27.31,CLEAR,True,3.44,False,MUM-PUNE,proceed_with_caution
174,1.925,rain,True,3,signal_cable_theft,False,3666,22,track_circuit,4.85,CLEAR,True,18.765,True,KOL-HOW,proceed_with_caution
105,10.708,clear,False,4,fallen_tree,True,4517,94,axle_counter,0.0,OCCUPIED,True,26.149,False,CHN-BGLR,proceed_with_caution
105,10.749,snow,False,6,environmental_false_positive,False,3933,31,accelerometer,60.02,OCCUPIED,True,15.313,False,CHN-BGLR,reduce_speed
135,2.588,clear,True,6,equipment_failure_ahead,True,3892,1,accelerometer,0.0,CLEAR,True,39.714,False,HYB-SEC,reduce_speed
91,4.334,rain,True,4,equipment_failure_ahead,True,4795,96,track_circuit,62.22,CLEAR,False,21.016,False,HYB-SEC,proceed_with_caution
74,12.001,rain,True,5,fallen_tree,False,962,88,accelerometer,75.01,CLEAR,True,5.328,False,CHN-BGLR,proceed_with_caution
101,18.799,rain,True,5,broken_rail,True,4470,67,accelerometer,0.0,CLEAR,True,34.37,False,KOL-HOW,reroute
122,5.942,flood,True,4,broken_rail,False,1799,0,vibration,0.0,CLEAR,True,38.957,False,MUM-PUNE,proceed_with_caution
92,5.91,clear,True,6,signal_cable_theft,False,1707,53,vibration,47.92,CLEAR,True,48.848,False,HYB-SEC,reduce_speed
100,7.548,flood,True,9,landslide_debris,True,4444,28,accelerometer,0.0,CLEAR,True,42.147,False,HYB-SEC,reduce_speed
82,15.589,fog,False,8,boulder,False,1383,61,track_circuit,0.0,CLEAR,True,13.211,False,MUM-PUNE,reduce_speed
160,3.407,clear,False,4,boulder,False,177,11,track_circuit,44.64,CLEAR,False,24.023,False,HYB-SEC,proceed_with_caution
178,13.123,snow,False,5,stranded_vehicle,False,3686,79,track_circuit,0.0,CLEAR,True,13.958,False,KOL-HOW,proceed_with_caution
69,11.058,rain,True,2,landslide_debris,False,4044,27,vibration,0.0,CLEAR,True,41.455,True,CHN-BGLR,proceed_with_caution
135,8.973,rain,True,7,cattle_crossing,True,4898,39,accelerometer,0.0,CLEAR,False,10.563,False,HYB-SEC,reduce_speed
58,7.839,flood,False,3,landslide_debris,True,1707,82,track_circuit,49.96,OCCUPIED,True,39.767,False,DEL-AGRA,proceed_with_caution
94,8.432,snow,True,7,boulder,False,4326,42,vibration,0.0,CLEAR,True,2.814,False,MUM-PUNE,reduce_speed
140,10.318,fog,True,3,unknown_obstruction,False,1930,87,track_circuit,15.31,OCCUPIED,True,31.606,True,KOL-HOW,reduce_speed
72,8.759,flood,True,7,unknown_obstruction,False,2653,71,track_circuit,62.94,OCCUPIED,False,44.902,False,DEL-AGRA,reduce_speed
93,8.116,flood,True,6,cattle_crossing,True,4910,33,vibration,0.0,OCCUPIED,True,15.917,True,CHN-BGLR,reduce_speed
107,0.174,clear,False,5,cattle_crossing,False,2776,99,track_circuit,65.06,CLEAR,True,44.096,False,CHN-BGLR,proceed_with_caution
53,11.248,clear,False,6,track_buckling,False,3785,61,axle_counter,0.0,CLEAR,True,3.327,False,HYB-SEC,reduce_speed
160,0.576,flood,False,2,environmental_false_positive,True,2416,1,axle_counter,0.0,CLEAR,False,47.255,True,HYB-SEC,proceed_with_caution
103,16.215,snow,True,6,fallen_tree,True,1932,55,vibration,0.0,CLEAR,True,32.441,False,KOL-HOW,reduce_speed
186,17.452,snow,True,6,environmental_false_positive,True,2299,31,vibration,0.73,CLEAR,True,44.722,True,HYB-SEC,reduce_speed
131,8.331,clear,True,6,sensor_miscount,True,2540,63,vibration,0.0,OCCUPIED,True,15.996,False,MUM-PUNE,reduce_speed
68,13.688,rain,False,5,track_buckling,False,633,85,track_circuit,0.0,CLEAR,True,13.358,False,HYB-SEC,proceed_with_caution
89,4.837,clear,False,4,sensor_miscount,False,3478,76,axle_counter,77.54,CLEAR,True,4.664,False,DEL-AGRA,proceed_with_caution
94,12.177,heavy_rain,True,6,fallen_tree,False,2513,16,vibration,0.0,CLEAR,True,33.667,False,MUM-PUNE,reduce_speed
121,13.491,clear,False,3,fallen_tree,True,3881,47,track_circuit,93.91,CLEAR,True,36.583,False,KOL-HOW,proceed_with_caution
108,14.549,clear,True,8,track_buckling,False,2824,2,accelerometer,26.9,OCCUPIED,True,43.098,True,HYB-SEC,reduce_speed
140,12.176,flood,False,8,environmental_false_positive,False,2047,72,accelerometer,80.67,CLEAR,True,30.047,False,CHN-BGLR,reduce_speed
162,2.492,clear,False,3,landslide_debris,False,4832,43,vibration,13.64,CLEAR,True,14.24,False,CHN-BGLR,proceed_with_caution
156,8.594,heavy_rain,True,6,stranded_vehicle,False,3357,89,track_circuit,0.0,OCCUPIED,False,21.662,True,KOL-HOW,reduce_speed
65,0.526,flood,False,7,stranded_vehicle,False,3680,13,vibration,39.22,CLEAR,False,0.003,False,HYB-SEC,emergency_stop
50,13.724,rain,True,6,stranded_vehicle,False,1490,26,vibration,69.43,CLEAR,True,21.747,False,DEL-AGRA,reduce_speed
116,6.484,flood,False,6,equipment_failure_ahead,False,4733,29,accelerometer,0.0,CLEAR,False,45.06,False,HYB-SEC,reduce_speed
182,11.757,rain,False,7,boulder,False,282,16,vibration,0.0,CLEAR,False,49.95,False,MUM-PUNE,reduce_speed
122,10.283,flood,False,6,equipment_failure_ahead,False,4247,82,vibration,57.3,OCCUPIED,False,33.559,True,HYB-SEC,reduce_speed
66,0.435,clear,True,7,broken_rail,False,3101,76,vibration,0.0,CLEAR,True,46.033,False,MUM-PUNE,emergency_stop
170,9.193,flood,True,6,landslide_debris,False,3182,41,accelerometer,0.0,OCCUPIED,True,15.202,False,HYB-SEC,reduce_speed
198,7.55,heavy_rain,False,3,boulder,False,1243,25,axle_counter,37.08,CLEAR,False,37.139,True,MUM-PUNE,proceed_with_caution
122,5.599,flood,True,5,cattle_crossing,True,3397,17,accelerometer,24.5,CLEAR,True,2.057,False,HYB-SEC,reroute
171,5.299,heavy_rain,True,7,water_logging,False,2359,83,axle_counter,94.09,CLEAR,True,9.513,False,KOL-HOW,reduce_speed
106,9.524,snow,True,5,stranded_vehicle,True,1241,2,accelerometer,42.13,CLEAR,True,17.537,False,DEL-AGRA,reduce_speed
98,13.035,rain,True,6,landslide_debris,False,391,73,vibration,73.85,CLEAR,True,25.312,False,KOL-HOW,reduce_speed
179,19.664,rain,False,6,cattle_crossing,False,2811,23,axle_counter,0.0,OCCUPIED,True,1.595,False,DEL-AGRA,reduce_speed
164,0.578,clear,False,6,boulder,True,2021,39,vibration,0.0,CLEAR,True,29.893,False,CHN-BGLR,emergency_stop
67,10.952,flood,False,4,fallen_tree,False,3678,100,vibration,0.0,CLEAR,True,22.434,False,HYB-SEC,proceed_with_caution
175,9.737,fog,True,6,unknown_obstruction,False,3285,85,accelerometer,0.0,OCCUPIED,True,18.643,True,CHN-BGLR,reduce_speed
140,0.336,heavy_rain,False,2,unknown_obstruction,True,1916,88,axle_counter,0.0,CLEAR,True,21.141,False,DEL-AGRA,proceed_with_caution
106,12.463,snow,True,8,boulder,True,2914,8,axle_counter,87.57,CLEAR,True,15.376,False,MUM-PUNE,reduce_speed
109,9.076,snow,False,4,stranded_vehicle,False,2487,16,track_circuit,18.8,CLEAR,True,44.86,False,MUM-PUNE,proceed_with_caution
174,9.617,clear,True,4,boulder,False,3338,52,vibration,92.57,CLEAR,True,4.509,False,KOL-HOW,proceed_with_caution
47,2.827,fog,True,3,cattle_crossing,False,4388,10,vibration,21.0,CLEAR,True,24.448,False,KOL-HOW,reduce_speed
59,16.177,snow,True,6,environmental_false_positive,False,632,21,accelerometer,0.0,CLEAR,True,31.042,False,MUM-PUNE,reduce_speed
101,6.221,clear,False,5,signal_cable_theft,False,346,93,track_circuit,0.0,OCCUPIED,False,9.454,True,HYB-SEC,proceed_with_caution
85,2.056,clear,False,4,broken_rail,False,1993,97,track_circuit,0.0,CLEAR,True,7.737,False,KOL-HOW,proceed_with_caution
147,1.762,clear,True,4,environmental_false_positive,False,1613,6,track_circuit,0.0,CLEAR,False,14.842,False,HYB-SEC,proceed_with_caution
57,12.333,fog,False,5,sensor_miscount,False,2572,40,accelerometer,40.68,CLEAR,False,16.277,False,DEL-AGRA,proceed_with_caution
92,11.953,fog,True,5,sensor_miscount,False,4908,34,vibration,15.27,CLEAR,True,30.906,False,DEL-AGRA,proceed_with_caution
142,19.644,flood,True,6,landslide_debris,True,4322,81,axle_counter,16.0,CLEAR,False,20.225,True,HYB-SEC,reduce_speed
66,12.656,clear,False,8,cattle_crossing,True,3131,79,accelerometer,0.0,CLEAR,True,24.828,False,DEL-AGRA,reduce_speed
190,4.608,clear,False,6,environmental_false_positive,False,1070,97,axle_counter,55.13,CLEAR,True,7.288,True,CHN-BGLR,reduce_speed
131,12.314,clear,False,4,fallen_tree,False,1010,18,vibration,8.84,CLEAR,False,2.235,False,HYB-SEC,proceed_with_caution
50,14.13,snow,True,6,signal_cable_theft,False,3123,5,vibration,0.0,OCCUPIED,False,13.107,False,KOL-HOW,reduce_speed
112,9.023,flood,False,6,sensor_miscount,False,351,91,track_circuit,0.0,CLEAR,False,29.221,False,CHN-BGLR,reduce_speed
54,1.875,clear,False,6,water_logging,False,1112,28,accelerometer,53.08,OCCUPIED,True,21.278,False,HYB-SEC,emergency_stop
97,7.787,clear,False,5,track_buckling,False,1140,75,track_circuit,0.0,OCCUPIED,False,27.801,True,KOL-HOW,proceed_with_caution
159,18.051,heavy_rain,True,5,landslide_debris,True,146,26,vibration,12.13,OCCUPIED,True,39.882,False,MUM-PUNE,reduce_speed
190,5.797,flood,True,6,boulder,True,4625,93,track_circuit,0.0,CLEAR,True,11.968,False,DEL-AGRA,reduce_speed
100,12.792,rain,False,4,fallen_tree,True,3236,63,track_circuit,80.78,OCCUPIED,False,20.201,False,CHN-BGLR,proceed_with_caution
83,11.86,rain,True,7,environmental_false_positive,False,1530,20,axle_counter,0.0,OCCUPIED,True,10.917,False,MUM-PUNE,reduce_speed
176,6.857,flood,True,4,cattle_crossing,False,3364,81,accelerometer,50.24,CLEAR,False,10.941,False,KOL-HOW,proceed_with_caution
166,6.694,snow,True,4,fallen_tree,True,3922,41,vibration,68.37,CLEAR,True,25.147,False,KOL-HOW,reduce_speed
115,1.74,rain,False,6,stranded_vehicle,False,3170,87,axle_counter,42.85,OCCUPIED,False,32.596,False,HYB-SEC,emergency_stop
102,5.364,clear,False,7,boulder,False,3580,39,track_circuit,61.14,CLEAR,True,46.768,True,DEL-AGRA,reduce_speed
174,16.364,clear,True,2,equipment_failure_ahead,True,318,10,vibration,0.0,CLEAR,True,6.313,False,HYB-SEC,proceed_with_caution
198,3.348,clear,False,5,sensor_miscount,False,2091,55,track_circuit,0.0,CLEAR,False,9.827,False,DEL-AGRA,proceed_with_caution
101,8.773,snow,True,7,signal_cable_theft,False,3991,13,vibration,32.63,CLEAR,True,12.252,True,CHN-BGLR,reduce_speed
169,17.116,flood,False,7,cattle_crossing,False,1138,63,axle_counter,4.81,OCCUPIED,True,34.838,False,HYB-SEC,reduce_speed
84,14.212,clear,False,4,broken_rail,False,1267,64,vibration,0.0,OCCUPIED,False,47.463,False,MUM-PUNE,proceed_with_caution
172,9.08,snow,False,5,boulder,False,3174,23,accelerometer,25.98,CLEAR,True,13.35,False,DEL-AGRA,proceed_with_caution
50,16.624,heavy_rain,False,2,equipment_failure_ahead,False,4675,12,track_circuit,45.61,CLEAR,True,33.879,False,DEL-AGRA,proceed_with_caution
87,6.781,heavy_rain,False,5,stranded_vehicle,False,1466,66,axle_counter,51.73,CLEAR,True,21.999,False,CHN-BGLR,proceed_with_caution
54,9.628,heavy_rain,True,4,sensor_miscount,True,1732,81,vibration,22.27,CLEAR,True,5.092,False,HYB-SEC,reduce_speed
45,16.601,clear,True,6,landslide_debris,False,1984,38,track_circuit,34.58,CLEAR,True,49.705,False,DEL-AGRA,reduce_speed
109,9.247,rain,False,7,sensor_miscount,False,1979,84,track_circuit,81.86,CLEAR,True,8.647,False,CHN-BGLR,reduce_speed
110,2.077,rain,True,6,unknown_obstruction,False,2541,12,accelerometer,53.4,CLEAR,True,15.704,False,MUM-PUNE,reduce_speed
134,11.054,flood,False,6,sensor_miscount,False,2828,62,vibration,83.29,OCCUPIED,True,20.439,True,HYB-SEC,reduce_speed
75,15.534,clear,False,3,unknown_obstruction,False,2483,56,track_circuit,30.06,CLEAR,True,29.645,False,DEL-AGRA,proceed_with_caution
196,9.783,flood,False,7,fallen_tree,False,1029,71,vibration,71.36,OCCUPIED,True,10.838,False,KOL-HOW,reduce_speed
76,9.23,rain,True,7,boulder,True,3779,44,track_circuit,0.0,OCCUPIED,True,1.763,False,HYB-SEC,reduce_speed
53,9.778,clear,False,6,signal_cable_theft,False,811,50,axle_counter,10.98,CLEAR,False,33.229,False,HYB-SEC,reduce_speed
108,7.059,rain,True,5,fallen_tree,False,2926,90,accelerometer,0.0,CLEAR,True,26.917,False,DEL-AGRA,proceed_with_caution
133,16.405,clear,False,6,boulder,True,396,77,accelerometer,91.08,CLEAR,True,48.779,False,CHN-BGLR,reduce_speed
125,9.596,flood,False,5,broken_rail,False,522,88,vibration,0.0,CLEAR,False,48.67,False,DEL-AGRA,proceed_with_caution
103,16.092,fog,False,5,water_logging,False,1266,49,track_circuit,51.37,CLEAR,False,20.754,False,CHN-BGLR,proceed_with_caution
62,2.83,flood,True,7,cattle_crossing,False,4788,13,track_circuit,0.0,OCCUPIED,False,8.312,False,MUM-PUNE,reduce_speed
141,1.652,clear,True,5,environmental_false_positive,False,1212,42,vibration,39.43,CLEAR,True,31.456,False,KOL-HOW,proceed_with_caution
126,5.603,clear,False,2,boulder,False,4370,85,vibration,8.53,OCCUPIED,True,48.319,False,MUM-PUNE,proceed_with_caution
183,2.005,heavy_rain,True,5,unknown_obstruction,False,2475,99,track_circuit,53.71,OCCUPIED,False,13.009,False,MUM-PUNE,proceed_with_caution
178,4.877,clear,True,4,landslide_debris,False,921,23,accelerometer,0.0,OCCUPIED,True,0.081,False,CHN-BGLR,proceed_with_caution
168,0.924,rain,True,10,environmental_false_positive,False,3577,13,axle_counter,77.55,CLEAR,True,0.129,False,CHN-BGLR,emergency_stop
151,3.711,clear,True,3,stranded_vehicle,False,4238,50,track_circuit,0.0,CLEAR,False,11.119,False,MUM-PUNE,proceed_with_caution
129,15.917,clear,True,5,stranded_vehicle,True,692,51,track_circuit,0.0,CLEAR,True,39.231,False,HYB-SEC,emergency_stop
169,12.903,fog,True,3,environmental_false_positive,False,4893,57,track_circuit,0.0,OCCUPIED,True,28.693,True,HYB-SEC,reduce_speed
47,9.247,rain,True,9,fallen_tree,True,2049,81,accelerometer,72.86,OCCUPIED,True,0.172,True,CHN-BGLR,reduce_speed
51,11.008,flood,True,4,stranded_vehicle,False,1169,77,axle_counter,19.9,CLEAR,False,41.378,True,HYB-SEC,proceed_with_caution
137,8.973,clear,False,4,boulder,False,2779,32,accelerometer,57.39,CLEAR,False,36.72,False,DEL-AGRA,proceed_with_caution
93,1.736,heavy_rain,True,5,environmental_false_positive,False,3960,72,track_circuit,93.17,OCCUPIED,False,22.69,False,CHN-BGLR,reduce_speed
51,3.845,rain,True,5,landslide_debris,False,2495,9,axle_counter,25.36,CLEAR,True,19.608,False,MUM-PUNE,proceed_with_caution
196,6.415,fog,True,4,stranded_vehicle,True,4575,58,accelerometer,45.75,OCCUPIED,True,13.991,False,HYB-SEC,reduce_speed
104,16.855,rain,False,5,fallen_tree,True,1859,22,vibration,58.01,OCCUPIED,False,22.559,False,CHN-BGLR,reroute
132,2.326,clear,True,5,signal_cable_theft,False,4815,38,accelerometer,0.0,OCCUPIED,True,49.541,False,KOL-HOW,proceed_with_caution
58,9.1,clear,False,6,water_logging,False,2458,61,accelerometer,0.0,CLEAR,True,49.661,False,KOL-HOW,reduce_speed
134,8.367,rain,True,5,equipment_failure_ahead,False,1373,49,axle_counter,29.6,CLEAR,False,1.236,False,DEL-AGRA,proceed_with_caution
142,10.568,clear,False,5,cattle_crossing,False,4844,93,axle_counter,92.22,CLEAR,True,46.574,False,CHN-BGLR,reroute
161,8.781,flood,True,1,environmental_false_positive,True,4638,52,axle_counter,37.62,CLEAR,True,37.271,False,CHN-BGLR,proceed_with_caution
59,18.927,snow,False,9,boulder,True,4901,53,axle_counter,0.0,CLEAR,False,32.658,True,MUM-PUNE,reduce_speed
106,1.038,clear,True,6,fallen_tree,True,3115,2,accelerometer,0.0,OCCUPIED,False,18.892,False,KOL-HOW,emergency_stop
45,7.977,fog,True,3,water_logging,False,3219,41,axle_counter,0.0,CLEAR,True,24.12,False,DEL-AGRA,reduce_speed
112,5.076,snow,False,5,stranded_vehicle,False,2800,31,track_circuit,0.0,CLEAR,True,48.154,False,HYB-SEC,proceed_with_caution
158,8.204,rain,False,9,water_logging,False,254,61,accelerometer,55.06,CLEAR,True,9.021,False,HYB-SEC,emergency_stop
108,17.754,clear,False,1,boulder,False,2680,71,accelerometer,0.0,OCCUPIED,False,33.092,False,CHN-BGLR,proceed_with_caution
85,18.394,snow,True,3,equipment_failure_ahead,False,2071,20,vibration,56.74,CLEAR,False,23.694,False,CHN-BGLR,reduce_speed
47,4.689,clear,False,5,signal_cable_theft,True,46,2,vibration,0.0,CLEAR,True,16.924,True,DEL-AGRA,reroute
45,1.645,clear,False,4,water_logging,False,557,50,vibration,0.0,CLEAR,True,2.778,False,CHN-BGLR,proceed_with_caution
126,13.005,flood,True,2,track_buckling,False,4688,57,vibration,0.0,CLEAR,False,2.77,False,KOL-HOW,proceed_with_caution
93,4.033,heavy_rain,True,4,broken_rail,True,1958,88,axle_counter,0.0,CLEAR,False,43.221,False,HYB-SEC,reduce_speed
169,1.51,clear,False,5,signal_cable_theft,False,3780,0,track_circuit,0.0,CLEAR,True,49.061,False,MUM-PUNE,reduce_speed
191,2.614,rain,True,5,signal_cable_theft,False,2900,16,axle_counter,0.0,OCCUPIED,True,0.188,False,MUM-PUNE,proceed_with_caution
174,3.231,heavy_rain,False,4,environmental_false_positive,False,2653,15,track_circuit,0.0,OCCUPIED,True,4.164,False,DEL-AGRA,proceed_with_caution
162,6.054,rain,False,10,stranded_vehicle,False,2459,71,accelerometer,82.67,CLEAR,True,30.065,False,HYB-SEC,emergency_stop
121,13.063,clear,False,9,broken_rail,False,1940,97,accelerometer,70.83,CLEAR,False,12.894,True,KOL-HOW,emergency_stop
122,12.453,flood,True,5,sensor_miscount,False,3093,46,accelerometer,11.03,OCCUPIED,False,11.14,False,DEL-AGRA,proceed_with_caution
191,0.938,heavy_rain,False,4,signal_cable_theft,False,2441,16,vibration,47.09,OCCUPIED,True,36.05,False,DEL-AGRA,emergency_stop
135,9.659,rain,True,2,track_buckling,False,1143,16,vibration,0.0,OCCUPIED,True,39.095,False,HYB-SEC,proceed_with_caution
113,18.459,fog,False,2,boulder,False,1224,59,axle_counter,0.0,OCCUPIED,True,9.114,False,DEL-AGRA,proceed_with_caution
129,8.422,flood,False,1,landslide_debris,False,4283,34,axle_counter,0.0,CLEAR,True,26.374,False,CHN-BGLR,proceed_with_caution
192,10.774,clear,True,7,equipment_failure_ahead,False,2656,78,accelerometer,68.44,OCCUPIED,False,4.121,False,HYB-SEC,proceed_with_caution
86,14.835,clear,False,7,cattle_crossing,False,359,92,axle_counter,0.0,CLEAR,False,31.808,False,CHN-BGLR,proceed_with_caution
124,6.022,snow,True,5,unknown_obstruction,False,2615,33,track_circuit,71.44,CLEAR,True,20.028,False,MUM-PUNE,reduce_speed
155,8.857,fog,True,7,sensor_miscount,True,1619,39,axle_counter,68.39,CLEAR,True,42.684,False,HYB-SEC,reduce_speed
133,3.49,snow,True,6,water_logging,False,2042,65,track_circuit,0.0,CLEAR,True,13.862,False,MUM-PUNE,reduce_speed
153,6.205,flood,False,3,equipment_failure_ahead,False,2086,2,vibration,19.09,CLEAR,True,17.342,False,DEL-AGRA,proceed_with_caution
78,6.533,clear,False,5,boulder,False,2930,41,accelerometer,5.41,CLEAR,True,13.669,True,KOL-HOW,proceed_with_caution
63,1.574,rain,False,4,water_logging,False,1088,41,axle_counter,0.0,OCCUPIED,False,3.768,True,MUM-PUNE,emergency_stop
133,18.068,fog,True,6,unknown_obstruction,False,2090,97,track_circuit,61.65,CLEAR,True,42.916,False,CHN-BGLR,reduce_speed
145,8.645,flood,True,8,environmental_false_positive,False,2284,52,axle_counter,1.74,CLEAR,True,42.269,True,HYB-SEC,reduce_speed
155,4.749,flood,True,7,landslide_debris,False,609,40,track_circuit,0.0,CLEAR,True,19.271,False,CHN-BGLR,reduce_speed
64,6.121,rain,False,6,cattle_crossing,True,4148,5,track_circuit,0.0,OCCUPIED,False,20.88,True,DEL-AGRA,reduce_speed
169,16.621,heavy_rain,True,5,signal_cable_theft,False,323,35,accelerometer,65.64,OCCUPIED,True,5.694,False,CHN-BGLR,reduce_speed
67,10.549,fog,False,8,sensor_miscount,True,2881,80,track_circuit,66.08,CLEAR,True,27.84,False,CHN-BGLR,reduce_speed
48,9.583,heavy_rain,True,5,landslide_debris,False,4548,14,vibration,0.0,CLEAR,True,14.136,False,MUM-PUNE,reduce_speed
52,19.189,fog,True,7,sensor_miscount,False,4273,97,vibration,10.32,CLEAR,True,27.431,False,DEL-AGRA,reduce_speed
189,0.706,rain,True,5,unknown_obstruction,False,3062,8,vibration,0.0,CLEAR,True,21.555,False,HYB-SEC,proceed_with_caution
98,19.938,snow,True,6,signal_cable_theft,True,3605,26,axle_counter,0.0,CLEAR,True,48.066,False,MUM-PUNE,reduce_speed
167,9.642,rain,True,6,boulder,False,4574,61,track_circuit,0.0,OCCUPIED,True,14.159,False,MUM-PUNE,proceed_with_caution
59,2.77,clear,False,7,water_logging,False,483,43,vibration,0.0,CLEAR,False,1.824,False,HYB-SEC,reduce_speed
171,8.029,heavy_rain,True,5,broken_rail,True,3102,12,accelerometer,0.0,OCCUPIED,False,12.437,False,DEL-AGRA,emergency_stop
102,6.257,clear,False,6,fallen_tree,False,4038,88,vibration,10.64,CLEAR,True,37.73,True,HYB-SEC,reduce_speed
70,10.437,clear,False,3,water_logging,True,2691,80,accelerometer,0.0,CLEAR,True,11.223,False,DEL-AGRA,proceed_with_caution
160,17.062,fog,False,2,water_logging,True,3032,66,track_circuit,0.0,OCCUPIED,False,8.3,False,DEL-AGRA,proceed_with_caution
155,0.869,rain,True,2,track_buckling,True,1051,62,vibration,77.13,CLEAR,True,27.844,False,CHN-BGLR,proceed_with_caution
145,12.23,clear,False,7,stranded_vehicle,False,1282,1,axle_counter,16.01,CLEAR,True,26.835,False,MUM-PUNE,reduce_speed
163,4.694,clear,True,4,fallen_tree,False,910,68,track_circuit,69.55,CLEAR,True,40.609,False,DEL-AGRA,proceed_with_caution
191,8.175,clear,False,1,broken_rail,False,767,64,track_circuit,0.0,OCCUPIED,False,18.918,False,HYB-SEC,proceed_with_caution
169,8.184,rain,True,7,stranded_vehicle,True,380,28,vibration,0.0,CLEAR,True,5.182,False,HYB-SEC,reduce_speed
132,18.433,rain,False,3,water_logging,False,3654,75,track_circuit,30.97,CLEAR,True,0.068,False,DEL-AGRA,proceed_with_caution
161,2.002,flood,False,5,signal_cable_theft,True,188,25,track_circuit,26.27,OCCUPIED,True,15.735,True,MUM-PUNE,reroute
165,11.993,fog,False,5,stranded_vehicle,True,1769,57,vibration,25.83,CLEAR,False,12.347,True,MUM-PUNE,reroute
118,1.779,flood,False,5,stranded_vehicle,True,3166,2,axle_counter,16.78,CLEAR,False,35.141,False,KOL-HOW,reroute
106,1.752,flood,False,2,signal_cable_theft,False,2732,37,accelerometer,0.0,CLEAR,True,19.425,False,DEL-AGRA,proceed_with_caution
178,8.0,clear,False,7,cattle_crossing,False,4793,66,vibration,0.0,CLEAR,False,12.323,False,DEL-AGRA,reduce_speed
161,15.959,flood,True,2,broken_rail,False,1827,83,accelerometer,31.32,CLEAR,False,40.794,False,CHN-BGLR,proceed_with_caution
63,8.847,clear,False,6,landslide_debris,False,2287,78,track_circuit,0.0,CLEAR,True,47.241,False,KOL-HOW,reduce_speed
116,4.549,rain,True,6,stranded_vehicle,False,3345,89,vibration,0.0,CLEAR,False,24.002,False,MUM-PUNE,reduce_speed
45,17.529,rain,False,4,unknown_obstruction,False,4790,23,accelerometer,62.65,CLEAR,True,5.583,False,CHN-BGLR,proceed_with_caution
71,19.889,rain,True,5,stranded_vehicle,False,1277,34,accelerometer,0.0,OCCUPIED,True,37.312,False,KOL-HOW,proceed_with_caution
129,19.395,rain,True,6,broken_rail,False,3188,70,accelerometer,66.38,OCCUPIED,False,47.948,False,MUM-PUNE,reduce_speed
168,18.348,flood,True,8,cattle_crossing,True,2990,71,track_circuit,0.0,OCCUPIED,True,6.265,False,DEL-AGRA,reduce_speed
145,13.95,rain,True,6,water_logging,False,3230,38,accelerometer,20.86,CLEAR,False,33.131,False,KOL-HOW,reduce_speed
104,11.986,clear,True,6,broken_rail,False,821,92,accelerometer,0.0,CLEAR,True,41.688,False,KOL-HOW,proceed_with_caution
58,0.142,rain,False,7,equipment_failure_ahead,False,463,10,vibration,42.41,CLEAR,True,9.626,False,KOL-HOW,emergency_stop
176,1.638,fog,False,7,landslide_debris,True,4565,65,axle_counter,0.0,CLEAR,True,48.576,False,HYB-SEC,reduce_speed
188,17.054,fog,True,3,fallen_tree,True,2170,85,vibration,52.92,CLEAR,False,23.31,False,CHN-BGLR,reduce_speed
126,14.493,flood,True,3,boulder,False,4354,70,axle_counter,0.0,CLEAR,False,26.313,False,KOL-HOW,proceed_with_caution
102,16.569,rain,True,5,equipment_failure_ahead,True,3584,77,axle_counter,0.0,CLEAR,True,29.553,False,CHN-BGLR,reroute
107,2.947,clear,False,6,unknown_obstruction,False,1878,84,axle_counter,0.0,OCCUPIED,True,44.276,False,CHN-BGLR,reduce_speed
89,7.611,flood,False,5,stranded_vehicle,False,4660,41,axle_counter,93.63,CLEAR,True,38.081,False,HYB-SEC,proceed_with_caution
154,15.335,flood,False,5,boulder,False,961,9,vibration,0.0,CLEAR,True,1.215,False,DEL-AGRA,proceed_with_caution
66,16.818,rain,True,4,environmental_false_positive,False,467,98,accelerometer,0.0,OCCUPIED,True,46.454,True,KOL-HOW,proceed_with_caution
49,14.265,fog,True,4,fallen_tree,False,962,52,axle_counter,88.63,CLEAR,True,7.288,False,KOL-HOW,reduce_speed
89,12.45,snow,True,6,sensor_miscount,False,3847,98,axle_counter,0.0,CLEAR,True,24.443,False,KOL-HOW,reduce_speed
82,5.097,flood,True,6,boulder,True,1784,50,accelerometer,1.18,CLEAR,True,47.892,False,CHN-BGLR,reduce_speed
187,5.833,clear,False,3,landslide_debris,False,4458,5,vibration,0.0,CLEAR,False,34.971,False,MUM-PUNE,proceed_with_caution
188,2.786,flood,True,9,track_buckling,False,332,60,axle_counter,8.32,CLEAR,True,17.657,False,HYB-SEC,emergency_stop
165,2.675,clear,True,5,landslide_debris,False,1138,69,accelerometer,0.0,CLEAR,False,24.503,False,MUM-PUNE,proceed_with_caution
85,12.494,rain,False,4,boulder,False,169,2,vibration,0.0,CLEAR,True,34.432,False,MUM-PUNE,proceed_with_caution
98,13.802,flood,True,5,broken_rail,True,1981,41,track_circuit,0.0,CLEAR,False,33.483,False,KOL-HOW,reroute
97,11.486,rain,False,7,track_buckling,False,4599,3,track_circuit,87.12,CLEAR,True,44.993,False,CHN-BGLR,reduce_speed
123,0.185,rain,True,1,water_logging,True,2080,8,track_circuit,38.95,CLEAR,True,0.214,False,KOL-HOW,proceed_with_caution
186,0.549,fog,True,6,broken_rail,False,1179,74,accelerometer,0.0,CLEAR,True,14.786,True,DEL-AGRA,reduce_speed
149,12.305,clear,False,5,unknown_obstruction,False,1608,15,vibration,83.65,CLEAR,True,34.816,True,HYB-SEC,proceed_with_caution
185,3.862,rain,True,5,stranded_vehicle,True,2230,94,track_circuit,95.46,CLEAR,True,46.921,False,MUM-PUNE,reroute
72,1.739,clear,False,7,water_logging,False,3576,23,accelerometer,0.0,CLEAR,True,49.159,False,HYB-SEC,proceed_with_caution
136,16.047,clear,False,7,landslide_debris,False,4867,60,track_circuit,83.68,CLEAR,False,42.17,False,MUM-PUNE,reduce_speed
101,7.36,flood,False,8,equipment_failure_ahead,True,2995,76,axle_counter,4.52,CLEAR,True,22.246,False,DEL-AGRA,reduce_speed
159,19.789,clear,False,3,unknown_obstruction,False,2724,59,accelerometer,97.16,OCCUPIED,True,43.399,True,CHN-BGLR,emergency_stop
136,19.36,flood,True,8,landslide_debris,False,903,44,axle_counter,0.0,CLEAR,False,29.756,False,DEL-AGRA,reduce_speed
162,8.652,clear,False,2,signal_cable_theft,False,4238,75,axle_counter,0.7,CLEAR,False,37.024,False,HYB-SEC,proceed_with_caution
192,17.677,fog,False,2,boulder,False,2699,89,accelerometer,0.0,CLEAR,True,37.408,False,KOL-HOW,proceed_with_caution
138,14.678,clear,False,5,sensor_miscount,False,4208,83,track_circuit,54.61,OCCUPIED,False,23.371,False,DEL-AGRA,proceed_with_caution
47,12.901,flood,True,5,stranded_vehicle,False,2444,100,vibration,31.26,OCCUPIED,True,5.516,False,CHN-BGLR,proceed_with_caution
88,14.876,flood,True,6,water_logging,True,1912,38,accelerometer,0.0,CLEAR,True,40.017,False,KOL-HOW,reduce_speed
98,18.418,flood,True,8,environmental_false_positive,False,4660,94,track_circuit,46.21,CLEAR,False,22.522,False,CHN-BGLR,reduce_speed
186,1.441,fog,True,4,fallen_tree,False,329,62,axle_counter,5.68,CLEAR,True,34.335,False,CHN-BGLR,reduce_speed
94,6.326,flood,True,6,broken_rail,False,1795,49,axle_counter,0.0,OCCUPIED,True,14.126,False,MUM-PUNE,reduce_speed
132,2.598,heavy_rain,True,6,landslide_debris,False,1846,11,axle_counter,92.97,CLEAR,True,11.895,False,KOL-HOW,reduce_speed
160,3.118,clear,False,2,track_buckling,False,2022,34,accelerometer,48.73,CLEAR,True,44.311,False,KOL-HOW,proceed_with_caution
160,19.734,rain,True,9,landslide_debris,True,940,60,vibration,7.36,OCCUPIED,True,46.667,False,KOL-HOW,reduce_speed
73,15.319,snow,True,5,environmental_false_positive,False,1218,61,track_circuit,84.27,CLEAR,False,5.168,True,MUM-PUNE,reduce_speed
105,13.124,heavy_rain,False,4,stranded_vehicle,True,4576,88,vibration,0.0,OCCUPIED,True,16.192,False,HYB-SEC,proceed_with_caution
149,4.245,clear,False,1,broken_rail,False,4424,77,vibration,0.0,CLEAR,True,20.497,False,HYB-SEC,proceed_with_caution
150,0.707,clear,False,6,fallen_tree,False,3098,92,axle_counter,94.8,OCCUPIED,True,9.187,False,MUM-PUNE,emergency_stop
131,13.531,rain,True,5,sensor_miscount,True,3796,3,track_circuit,0.0,CLEAR,True,29.201,False,KOL-HOW,reroute
198,9.512,rain,True,2,track_buckling,False,4525,83,axle_counter,0.0,CLEAR,True,41.954,False,MUM-PUNE,proceed_with_caution
82,2.249,rain,False,3,broken_rail,True,1429,53,track_circuit,0.0,OCCUPIED,True,32.618,False,KOL-HOW,proceed_with_caution
125,5.721,snow,True,5,signal_cable_theft,False,3654,21,axle_counter,0.0,CLEAR,True,25.928,False,DEL-AGRA,reduce_speed
87,8.428,flood,True,2,stranded_vehicle,True,3443,46,vibration,13.74,CLEAR,True,28.393,False,DEL-AGRA,proceed_with_caution
112,8.799,flood,False,4,water_logging,True,3786,27,accelerometer,55.01,CLEAR,True,26.817,True,DEL-AGRA,proceed_with_caution
114,8.331,fog,True,5,landslide_debris,False,717,18,accelerometer,0.0,CLEAR,True,26.123,False,MUM-PUNE,reduce_speed
147,13.74,flood,True,6,cattle_crossing,True,3594,3,track_circuit,34.16,CLEAR,True,21.212,False,CHN-BGLR,reduce_speed
96,1.485,clear,False,6,cattle_crossing,False,3876,73,vibration,0.0,CLEAR,True,44.878,False,KOL-HOW,reduce_speed
105,19.66,fog,False,4,cattle_crossing,False,704,73,track_circuit,97.71,CLEAR,True,0.138,False,CHN-BGLR,emergency_stop
147,9.718,snow,False,4,landslide_debris,False,857,92,track_circuit,47.13,CLEAR,True,21.232,False,KOL-HOW,proceed_with_caution
160,13.988,heavy_rain,False,4,boulder,False,2693,8,track_circuit,0.0,CLEAR,True,40.762,False,KOL-HOW,reduce_speed
57,2.972,clear,False,5,track_buckling,False,1891,90,axle_counter,0.0,OCCUPIED,True,45.061,False,HYB-SEC,proceed_with_caution
162,13.489,rain,False,7,water_logging,False,4918,54,vibration,59.5,OCCUPIED,True,38.004,False,CHN-BGLR,reduce_speed
111,13.379,fog,True,4,cattle_crossing,True,2870,99,axle_counter,0.0,OCCUPIED,False,42.539,True,MUM-PUNE,reduce_speed
103,17.368,flood,False,7,cattle_crossing,False,4990,57,accelerometer,53.36,OCCUPIED,True,26.51,False,DEL-AGRA,reduce_speed
198,13.146,rain,False,5,sensor_miscount,False,4238,65,track_circuit,0.0,CLEAR,True,40.974,False,CHN-BGLR,proceed_with_caution
136,8.884,fog,True,1,sensor_miscount,False,3587,26,axle_counter,0.0,CLEAR,False,36.832,True,DEL-AGRA,reduce_speed
177,7.439,flood,False,2,signal_cable_theft,True,3485,65,vibration,0.0,CLEAR,True,28.844,True,MUM-PUNE,proceed_with_caution
95,13.017,fog,False,7,landslide_debris,False,336,19,axle_counter,65.66,CLEAR,True,48.39,False,MUM-PUNE,reroute
86,16.453,clear,False,8,broken_rail,False,4499,13,axle_counter,96.84,CLEAR,True,30.443,False,CHN-BGLR,reduce_speed
89,11.677,clear,False,8,broken_rail,False,2074,87,accelerometer,0.0,CLEAR,True,22.901,False,HYB-SEC,reduce_speed
81,12.43,clear,False,5,cattle_crossing,False,4134,66,accelerometer,58.97,OCCUPIED,True,13.939,False,CHN-BGLR,proceed_with_caution
105,5.553,flood,True,6,track_buckling,False,4771,88,axle_counter,0.0,CLEAR,False,21.748,False,KOL-HOW,reduce_speed
193,4.176,clear,False,3,sensor_miscount,True,1264,35,vibration,78.76,CLEAR,True,39.416,False,DEL-AGRA,proceed_with_caution
137,8.192,clear,False,3,track_buckling,False,1976,7,accelerometer,2.82,CLEAR,True,1.513,False,MUM-PUNE,proceed_with_caution
78,8.99,clear,False,3,landslide_debris,True,3614,86,axle_counter,80.84,CLEAR,True,32.435,False,CHN-BGLR,proceed_with_caution
93,17.232,rain,False,2,environmental_false_positive,True,4463,89,track_circuit,0.0,CLEAR,True,37.915,True,CHN-BGLR,proceed_with_caution
121,6.934,rain,False,4,cattle_crossing,False,2907,55,vibration,70.87,CLEAR,False,8.262,False,HYB-SEC,proceed_with_caution
88,18.297,clear,False,5,cattle_crossing,False,2599,78,vibration,39.01,CLEAR,True,7.816,False,HYB-SEC,proceed_with_caution
54,6.567,rain,True,2,fallen_tree,False,1382,78,accelerometer,0.0,CLEAR,True,0.839,False,CHN-BGLR,proceed_with_caution
77,15.753,flood,False,6,signal_cable_theft,False,3511,69,vibration,0.0,CLEAR,False,49.078,False,MUM-PUNE,reroute
102,16.623,rain,True,2,unknown_obstruction,True,1500,85,axle_counter,82.39,CLEAR,True,43.504,False,KOL-HOW,proceed_with_caution
153,3.47,rain,False,2,equipment_failure_ahead,False,3720,63,track_circuit,5.59,CLEAR,True,35.286,False,DEL-AGRA,proceed_with_caution
101,14.909,snow,False,2,signal_cable_theft,False,3681,2,vibration,70.92,CLEAR,False,7.62,False,KOL-HOW,proceed_with_caution
102,19.622,heavy_rain,False,8,broken_rail,False,2411,13,track_circuit,0.0,CLEAR,True,31.882,False,CHN-BGLR,reduce_speed
180,7.819,rain,False,7,cattle_crossing,False,2443,35,vibration,74.61,CLEAR,True,9.371,True,DEL-AGRA,reduce_speed
184,12.046,clear,False,5,unknown_obstruction,False,96,84,accelerometer,0.0,CLEAR,True,15.639,False,KOL-HOW,proceed_with_caution
53,9.764,rain,True,5,water_logging,True,707,16,track_circuit,0.0,CLEAR,True,5.866,False,HYB-SEC,reroute
141,2.876,snow,True,4,signal_cable_theft,False,2635,70,track_circuit,0.0,OCCUPIED,True,10.923,False,MUM-PUNE,reduce_speed
78,12.718,rain,True,3,equipment_failure_ahead,False,2621,48,vibration,60.82,CLEAR,False,33.389,False,CHN-BGLR,proceed_with_caution
190,7.417,rain,True,8,water_logging,False,1976,88,accelerometer,0.0,CLEAR,True,18.227,False,KOL-HOW,reduce_speed
133,18.841,heavy_rain,False,3,environmental_false_positive,False,1184,7,accelerometer,0.0,OCCUPIED,True,32.506,True,DEL-AGRA,proceed_with_caution
68,5.987,fog,False,5,unknown_obstruction,True,1230,7,axle_counter,0.0,CLEAR,True,31.148,False,MUM-PUNE,emergency_stop
81,6.004,snow,True,7,water_logging,False,1992,22,track_circuit,78.58,OCCUPIED,True,36.839,True,MUM-PUNE,reduce_speed
119,12.88,rain,False,1,stranded_vehicle,True,735,70,track_circuit,0.0,CLEAR,True,29.15,True,DEL-AGRA,proceed_with_caution
200,18.262,snow,True,7,environmental_false_positive,True,1270,41,vibration,0.0,CLEAR,True,47.741,False,MUM-PUNE,reduce_speed
104,5.24,fog,True,4,boulder,True,4931,98,accelerometer,69.19,CLEAR,True,9.282,False,MUM-PUNE,reduce_speed
51,15.465,clear,False,8,unknown_obstruction,True,694,28,track_circuit,9.23,CLEAR,True,26.282,False,HYB-SEC,reroute
62,11.568,heavy_rain,False,4,water_logging,True,968,73,track_circuit,0.0,CLEAR,True,10.848,False,HYB-SEC,proceed_with_caution
69,8.845,fog,True,7,environmental_false_positive,False,451,38,track_circuit,0.0,CLEAR,True,34.539,False,DEL-AGRA,reduce_speed
167,5.811,flood,True,7,boulder,True,1697,100,axle_counter,0.0,CLEAR,False,29.622,False,CHN-BGLR,reduce_speed
166,15.399,flood,True,7,broken_rail,False,1267,45,accelerometer,0.0,OCCUPIED,False,10.448,False,MUM-PUNE,reduce_speed
173,14.562,flood,True,9,environmental_false_positive,False,459,40,accelerometer,0.0,OCCUPIED,False,28.667,False,MUM-PUNE,emergency_stop
163,0.454,rain,True,6,cattle_crossing,False,3261,50,axle_counter,0.0,OCCUPIED,True,34.501,True,CHN-BGLR,emergency_stop
178,16.376,fog,False,5,boulder,True,407,71,accelerometer,0.0,CLEAR,True,1.531,False,KOL-HOW,reroute
120,5.706,snow,False,6,signal_cable_theft,True,1411,31,accelerometer,0.0,OCCUPIED,True,7.107,False,KOL-HOW,reduce_speed
81,13.718,snow,True,4,stranded_vehicle,False,932,27,track_circuit,89.42,OCCUPIED,False,45.967,False,MUM-PUNE,reduce_speed
171,10.853,clear,False,5,broken_rail,True,4618,81,axle_counter,0.0,CLEAR,True,34.743,False,CHN-BGLR,reroute
152,17.972,rain,True,5,broken_rail,False,2187,12,accelerometer,0.0,CLEAR,True,5.282,False,MUM-PUNE,proceed_with_caution
54,2.437,rain,True,4,signal_cable_theft,True,2216,32,track_circuit,0.0,CLEAR,False,35.567,False,DEL-AGRA,proceed_with_caution
75,2.04,heavy_rain,True,1,fallen_tree,False,633,11,axle_counter,0.0,OCCUPIED,True,35.464,False,KOL-HOW,reduce_speed
146,10.016,clear,True,5,stranded_vehicle,False,1906,63,accelerometer,8.95,OCCUPIED,True,43.864,False,KOL-HOW,proceed_with_caution
190,7.083,rain,True,5,landslide_debris,True,66,11,track_circuit,60.1,CLEAR,True,24.827,True,MUM-PUNE,reroute
195,9.432,rain,True,2,boulder,False,3655,95,axle_counter,0.0,CLEAR,True,43.738,False,KOL-HOW,proceed_with_caution
50,19.597,fog,True,4,equipment_failure_ahead,False,4708,10,accelerometer,68.3,CLEAR,True,9.449,False,KOL-HOW,reduce_speed
49,4.811,snow,False,6,signal_cable_theft,True,3891,59,track_circuit,1.56,CLEAR,True,28.521,False,HYB-SEC,reduce_speed
123,16.226,fog,True,4,stranded_vehicle,False,3181,54,vibration,0.0,OCCUPIED,False,23.799,False,KOL-HOW,reduce_speed
132,3.371,clear,True,1,cattle_crossing,False,557,82,accelerometer,20.47,CLEAR,True,14.228,False,HYB-SEC,proceed_with_caution
75,16.322,rain,False,5,track_buckling,False,4223,77,accelerometer,0.0,CLEAR,True,23.256,False,DEL-AGRA,proceed_with_caution
117,12.725,fog,True,5,boulder,False,1971,5,vibration,87.4,CLEAR,True,46.05,False,MUM-PUNE,reduce_speed
83,15.744,rain,False,8,fallen_tree,False,3969,21,accelerometer,71.29,CLEAR,True,27.74,False,DEL-AGRA,reduce_speed
128,7.567,rain,False,8,broken_rail,True,688,43,axle_counter,0.0,OCCUPIED,False,48.007,False,HYB-SEC,reduce_speed
45,9.753,clear,False,2,cattle_crossing,True,2473,51,vibration,0.0,OCCUPIED,False,42.813,False,HYB-SEC,proceed_with_caution
89,14.629,snow,True,8,fallen_tree,False,4238,69,vibration,0.0,CLEAR,False,33.455,False,HYB-SEC,reduce_speed
171,9.17,flood,True,5,boulder,False,2800,31,axle_counter,0.0,CLEAR,False,36.354,False,DEL-AGRA,proceed_with_caution
87,8.124,clear,False,6,sensor_miscount,False,3334,52,track_circuit,14.84,CLEAR,False,10.163,False,HYB-SEC,reduce_speed
61,8.197,rain,True,7,signal_cable_theft,True,898,98,track_circuit,0.0,CLEAR,False,0.481,False,HYB-SEC,reduce_speed
56,16.215,clear,False,7,signal_cable_theft,False,3425,91,accelerometer,0.0,CLEAR,True,42.033,False,DEL-AGRA,reduce_speed
176,4.692,flood,True,6,environmental_false_positive,False,3575,62,vibration,54.08,OCCUPIED,True,20.492,True,CHN-BGLR,reduce_speed
113,16.241,fog,True,5,cattle_crossing,False,2962,86,vibration,0.0,CLEAR,True,29.299,False,HYB-SEC,reduce_speed
55,3.877,snow,True,3,track_buckling,True,3593,22,accelerometer,0.0,CLEAR,True,37.16,False,KOL-HOW,reduce_speed
140,19.049,flood,True,1,unknown_obstruction,False,3790,96,vibration,0.0,OCCUPIED,True,4.327,False,MUM-PUNE,proceed_with_caution
147,14.893,clear,False,2,unknown_obstruction,False,3960,97,track_circuit,6.18,OCCUPIED,False,19.972,False,CHN-BGLR,proceed_with_caution
79,9.851,clear,True,10,track_buckling,True,2917,89,accelerometer,0.0,CLEAR,False,41.645,False,CHN-BGLR,reduce_speed
193,4.158,clear,True,7,unknown_obstruction,False,445,0,vibration,0.0,CLEAR,False,10.221,False,KOL-HOW,reduce_speed
95,13.656,clear,False,5,equipment_failure_ahead,False,4379,35,vibration,0.0,CLEAR,True,44.543,False,DEL-AGRA,proceed_with_caution
70,11.849,clear,False,6,water_logging,False,941,61,accelerometer,57.14,CLEAR,False,32.627,False,KOL-HOW,reduce_speed
122,14.558,rain,False,2,broken_rail,False,4428,28,accelerometer,0.0,CLEAR,True,10.313,True,CHN-BGLR,proceed_with_caution
199,8.574,flood,True,6,stranded_vehicle,False,1097,67,axle_counter,0.0,CLEAR,True,45.509,False,HYB-SEC,reduce_speed
65,13.868,fog,True,3,sensor_miscount,False,4774,86,accelerometer,96.4,OCCUPIED,True,36.374,True,DEL-AGRA,reduce_speed
179,8.096,rain,False,1,environmental_false_positive,False,2448,63,accelerometer,47.1,OCCUPIED,True,26.595,False,HYB-SEC,proceed_with_caution
67,17.812,fog,True,5,track_buckling,False,3857,48,axle_counter,15.27,CLEAR,False,12.101,False,KOL-HOW,reduce_speed
151,4.557,fog,False,6,sensor_miscount,True,1657,71,vibration,32.04,CLEAR,True,33.126,False,DEL-AGRA,reduce_speed
100,0.626,heavy_rain,True,7,landslide_debris,False,3841,26,accelerometer,0.0,CLEAR,False,17.546,False,CHN-BGLR,reduce_speed
92,3.4,fog,False,4,signal_cable_theft,False,4632,27,track_circuit,42.61,CLEAR,True,6.192,False,KOL-HOW,proceed_with_caution
50,14.956,rain,True,7,track_buckling,False,2502,96,accelerometer,0.0,CLEAR,True,30.702,False,KOL-HOW,reduce_speed
59,15.738,flood,False,1,fallen_tree,False,3408,37,vibration,0.0,CLEAR,True,24.542,False,KOL-HOW,proceed_with_caution
121,5.099,flood,True,3,fallen_tree,False,4508,7,vibration,0.0,CLEAR,True,17.239,False,HYB-SEC,proceed_with_caution
122,14.803,heavy_rain,True,6,equipment_failure_ahead,False,1946,56,vibration,24.55,CLEAR,True,20.164,False,MUM-PUNE,reduce_speed
127,1.155,rain,True,5,sensor_miscount,False,3204,35,accelerometer,0.0,CLEAR,True,38.726,False,KOL-HOW,proceed_with_caution
90,19.935,heavy_rain,True,2,water_logging,False,1936,64,accelerometer,0.0,CLEAR,False,20.98,False,CHN-BGLR,reroute
60,4.239,heavy_rain,True,5,broken_rail,False,4784,15,track_circuit,0.0,CLEAR,False,2.214,False,HYB-SEC,reduce_speed
125,19.581,rain,True,5,signal_cable_theft,False,584,81,track_circuit,4.24,CLEAR,True,11.081,False,MUM-PUNE,proceed_with_caution
147,0.025,rain,False,5,water_logging,False,222,21,vibration,78.54,CLEAR,True,5.296,False,DEL-AGRA,proceed_with_caution
135,17.123,snow,True,5,water_logging,False,3162,95,track_circuit,0.0,CLEAR,True,39.221,False,KOL-HOW,reduce_speed
196,4.452,heavy_rain,False,5,broken_rail,True,3557,84,accelerometer,0.0,CLEAR,True,30.516,True,MUM-PUNE,reroute
187,18.143,snow,False,7,water_logging,True,840,76,accelerometer,0.0,CLEAR,True,38.12,False,KOL-HOW,reduce_speed
189,17.431,clear,False,7,landslide_debris,False,1756,61,track_circuit,93.56,CLEAR,True,17.438,True,CHN-BGLR,reduce_speed
147,2.124,clear,False,8,track_buckling,False,1085,92,track_circuit,0.0,OCCUPIED,True,41.508,False,CHN-BGLR,reduce_speed
88,2.203,fog,True,1,environmental_false_positive,True,680,15,axle_counter,0.0,OCCUPIED,True,30.435,False,DEL-AGRA,reduce_speed
175,15.38,rain,True,8,landslide_debris,False,1244,28,track_circuit,79.07,CLEAR,True,34.376,False,DEL-AGRA,reduce_speed
144,12.665,flood,True,5,signal_cable_theft,True,2370,45,track_circuit,0.0,CLEAR,False,42.127,False,DEL-AGRA,reroute
115,15.519,rain,False,8,equipment_failure_ahead,True,2099,95,accelerometer,0.0,CLEAR,True,5.11,True,HYB-SEC,reduce_speed
189,6.514,clear,True,7,landslide_debris,False,104,75,vibration,0.0,CLEAR,True,47.233,False,CHN-BGLR,reduce_speed
184,18.291,heavy_rain,True,6,broken_rail,True,4993,35,track_circuit,0.0,CLEAR,True,46.496,False,CHN-BGLR,reduce_speed
93,13.49,clear,False,4,cattle_crossing,False,4964,10,vibration,0.0,CLEAR,False,14.285,True,CHN-BGLR,proceed_with_caution
141,17.803,flood,True,8,track_buckling,False,3183,16,accelerometer,0.0,CLEAR,True,6.855,False,CHN-BGLR,reduce_speed
123,11.935,snow,True,7,cattle_crossing,False,4880,80,accelerometer,0.0,CLEAR,True,7.87,False,CHN-BGLR,reduce_speed
85,1.258,clear,False,8,track_buckling,True,1218,41,axle_counter,0.0,CLEAR,True,37.139,False,DEL-AGRA,reduce_speed
178,16.754,fog,True,4,boulder,False,894,46,track_circuit,0.0,CLEAR,True,36.608,False,MUM-PUNE,reduce_speed
75,10.301,clear,False,5,water_logging,False,1893,36,axle_counter,0.0,OCCUPIED,False,0.331,True,MUM-PUNE,proceed_with_caution
111,17.782,heavy_rain,True,2,stranded_vehicle,False,625,35,track_circuit,80.74,CLEAR,True,45.347,False,CHN-BGLR,reduce_speed
184,3.023,rain,False,1,track_buckling,True,950,54,axle_counter,0.0,CLEAR,False,43.275,False,HYB-SEC,proceed_with_caution
48,19.202,clear,False,5,track_buckling,False,1342,52,vibration,99.34,OCCUPIED,True,18.081,False,KOL-HOW,proceed_with_caution
77,8.34,flood,False,4,signal_cable_theft,False,1187,25,accelerometer,0.0,CLEAR,True,9.284,False,MUM-PUNE,proceed_with_caution
164,19.4,clear,False,6,signal_cable_theft,True,387,31,vibration,0.0,CLEAR,True,25.539,False,DEL-AGRA,reduce_speed
166,8.703,rain,False,6,signal_cable_theft,True,4482,63,vibration,32.1,CLEAR,True,2.781,False,MUM-PUNE,reduce_speed
100,14.336,snow,True,4,fallen_tree,True,1126,50,axle_counter,0.0,CLEAR,True,44.924,True,KOL-HOW,reduce_speed
76,0.305,fog,True,4,stranded_vehicle,False,4850,100,accelerometer,93.14,OCCUPIED,True,46.579,False,HYB-SEC,reduce_speed
69,16.215,snow,False,4,fallen_tree,False,2276,100,accelerometer,16.46,OCCUPIED,True,4.612,False,MUM-PUNE,proceed_with_caution
120,6.031,rain,True,4,unknown_obstruction,False,2925,70,accelerometer,0.0,OCCUPIED,True,20.174,False,MUM-PUNE,proceed_with_caution
84,9.983,heavy_rain,True,5,fallen_tree,False,4032,36,track_circuit,0.0,CLEAR,True,9.311,False,KOL-HOW,reduce_speed
157,0.276,clear,False,6,stranded_vehicle,False,4313,27,accelerometer,55.56,CLEAR,False,24.818,True,DEL-AGRA,emergency_stop
135,8.044,rain,True,9,cattle_crossing,False,1150,20,axle_counter,0.0,OCCUPIED,True,6.353,False,MUM-PUNE,emergency_stop
182,3.301,heavy_rain,True,4,broken_rail,True,2151,90,axle_counter,0.0,OCCUPIED,False,36.096,False,HYB-SEC,reduce_speed
87,13.245,rain,True,5,environmental_false_positive,False,275,34,vibration,0.0,CLEAR,True,45.707,False,KOL-HOW,proceed_with_caution
193,17.566,fog,True,2,signal_cable_theft,False,3557,44,track_circuit,15.4,CLEAR,True,19.44,False,HYB-SEC,reduce_speed
49,6.139,rain,False,8,equipment_failure_ahead,False,4343,12,track_circuit,68.93,CLEAR,False,36.906,False,KOL-HOW,reduce_speed
63,12.453,clear,False,6,boulder,True,3369,24,accelerometer,33.65,CLEAR,True,21.383,False,CHN-BGLR,reduce_speed
188,8.503,clear,True,7,boulder,False,4889,9,vibration,0.0,OCCUPIED,True,39.972,True,CHN-BGLR,reduce_speed
200,12.139,clear,False,5,cattle_crossing,True,235,4,track_circuit,0.0,CLEAR,True,26.284,True,KOL-HOW,reroute
109,9.988,clear,True,2,sensor_miscount,False,722,0,accelerometer,9.72,OCCUPIED,False,12.504,False,HYB-SEC,emergency_stop
199,11.414,flood,True,9,broken_rail,True,229,48,accelerometer,61.31,CLEAR,True,22.605,False,HYB-SEC,reduce_speed
91,15.234,clear,False,5,fallen_tree,False,478,46,accelerometer,56.76,OCCUPIED,False,45.559,False,CHN-BGLR,proceed_with_caution
138,7.238,snow,False,6,track_buckling,False,4015,59,track_circuit,11.85,CLEAR,True,41.677,False,CHN-BGLR,reduce_speed
150,0.092,snow,False,5,water_logging,False,4530,88,accelerometer,0.0,OCCUPIED,True,33.678,False,KOL-HOW,emergency_stop
167,17.24,flood,False,7,stranded_vehicle,False,1603,52,vibration,27.15,CLEAR,True,7.519,False,CHN-BGLR,reduce_speed
134,11.891,flood,False,7,unknown_obstruction,False,3650,83,accelerometer,38.5,OCCUPIED,True,48.622,False,KOL-HOW,reduce_speed
106,5.502,fog,True,4,water_logging,False,1072,32,track_circuit,0.0,CLEAR,True,32.373,False,KOL-HOW,reduce_speed
146,6.296,fog,True,6,water_logging,False,1951,56,vibration,0.0,OCCUPIED,True,0.365,False,MUM-PUNE,reduce_speed
148,11.607,heavy_rain,True,6,fallen_tree,False,3121,38,track_circuit,69.66,OCCUPIED,True,11.071,False,KOL-HOW,reduce_speed
143,4.368,clear,False,6,landslide_debris,False,385,94,axle_counter,0.0,OCCUPIED,True,29.071,False,KOL-HOW,reduce_speed
154,5.33,rain,False,7,cattle_crossing,False,315,31,axle_counter,0.0,OCCUPIED,True,39.19,False,KOL-HOW,reduce_speed
58,14.174,heavy_rain,False,4,boulder,True,737,2,axle_counter,62.83,CLEAR,False,5.509,False,KOL-HOW,proceed_with_caution
177,5.247,clear,False,5,environmental_false_positive,False,4256,25,axle_counter,0.0,CLEAR,True,10.748,False,KOL-HOW,proceed_with_caution
180,11.801,flood,False,1,equipment_failure_ahead,False,1512,52,track_circuit,18.57,CLEAR,True,26.393,False,CHN-BGLR,proceed_with_caution
183,13.604,clear,True,3,track_buckling,True,3279,12,axle_counter,0.0,CLEAR,True,18.196,False,HYB-SEC,proceed_with_caution
71,13.998,flood,False,8,fallen_tree,False,4110,57,track_circuit,0.0,CLEAR,True,2.244,False,CHN-BGLR,reduce_speed
52,16.373,rain,True,5,broken_rail,False,4416,87,vibration,44.14,CLEAR,True,0.532,False,KOL-HOW,proceed_with_caution
129,13.199,rain,False,1,stranded_vehicle,False,1069,61,axle_counter,0.0,CLEAR,False,27.704,False,MUM-PUNE,proceed_with_caution
110,4.914,snow,False,5,unknown_obstruction,False,4127,34,vibration,0.0,CLEAR,True,45.05,False,HYB-SEC,proceed_with_caution
92,19.434,clear,True,6,water_logging,False,2813,19,accelerometer,0.0,CLEAR,True,10.336,False,DEL-AGRA,reduce_speed
198,13.168,heavy_rain,True,3,landslide_debris,False,1362,31,vibration,84.97,CLEAR,False,48.924,True,HYB-SEC,reduce_speed
135,5.504,clear,False,2,track_buckling,False,1717,20,track_circuit,11.75,CLEAR,True,46.069,True,KOL-HOW,proceed_with_caution
181,2.801,clear,True,10,cattle_crossing,False,1044,7,vibration,0.0,OCCUPIED,True,11.876,False,KOL-HOW,emergency_stop
159,4.35,clear,False,5,broken_rail,False,1685,75,axle_counter,27.09,CLEAR,True,26.313,True,DEL-AGRA,proceed_with_caution
93,15.294,rain,False,5,stranded_vehicle,False,4817,45,track_circuit,0.0,OCCUPIED,True,23.352,False,HYB-SEC,proceed_with_caution
65,6.731,fog,True,1,landslide_debris,False,1025,73,accelerometer,72.79,OCCUPIED,True,25.09,False,KOL-HOW,emergency_stop
176,11.088,snow,True,2,unknown_obstruction,False,259,65,axle_counter,65.44,CLEAR,True,11.866,False,CHN-BGLR,reduce_speed
137,6.933,rain,True,6,equipment_failure_ahead,False,3026,42,track_circuit,0.0,CLEAR,True,38.798,False,CHN-BGLR,reduce_speed
114,7.442,flood,False,4,unknown_obstruction,True,1786,65,accelerometer,14.84,OCCUPIED,False,12.416,False,HYB-SEC,reroute
117,17.483,clear,False,6,stranded_vehicle,False,2553,72,accelerometer,46.18,OCCUPIED,False,5.276,False,MUM-PUNE,reduce_speed
152,13.18,rain,True,3,water_logging,False,2824,3,axle_counter,77.65,CLEAR,True,39.562,False,DEL-AGRA,proceed_with_caution
84,9.816,flood,False,4,fallen_tree,False,2328,47,track_circuit,0.0,CLEAR,True,46.444,False,DEL-AGRA,proceed_with_caution
131,11.114,flood,False,4,sensor_miscount,False,2988,55,axle_counter,95.82,OCCUPIED,False,33.178,False,CHN-BGLR,proceed_with_caution
151,8.295,snow,True,7,sensor_miscount,False,73,38,track_circuit,3.0,OCCUPIED,True,10.046,False,KOL-HOW,reduce_speed
188,6.421,fog,True,6,sensor_miscount,False,1906,28,accelerometer,0.0,OCCUPIED,True,48.276,False,CHN-BGLR,emergency_stop
177,19.666,flood,True,6,landslide_debris,False,283,47,vibration,0.0,CLEAR,True,18.471,False,DEL-AGRA,reduce_speed
53,12.222,clear,True,6,fallen_tree,False,4684,55,axle_counter,0.0,CLEAR,True,33.456,False,HYB-SEC,reduce_speed
61,11.192,heavy_rain,False,5,stranded_vehicle,False,3694,66,track_circuit,75.27,OCCUPIED,True,12.423,False,MUM-PUNE,proceed_with_caution
121,10.25,heavy_rain,True,4,unknown_obstruction,False,3573,37,accelerometer,27.81,CLEAR,False,12.883,False,MUM-PUNE,reduce_speed
171,11.985,snow,True,3,sensor_miscount,False,2690,66,track_circuit,68.31,CLEAR,False,13.631,False,KOL-HOW,reduce_speed
67,6.119,rain,False,4,sensor_miscount,True,4671,78,vibration,24.93,CLEAR,True,15.548,True,HYB-SEC,proceed_with_caution
141,15.845,flood,True,1,signal_cable_theft,False,3082,34,accelerometer,0.0,OCCUPIED,True,49.318,True,MUM-PUNE,proceed_with_caution
107,13.3,snow,False,9,environmental_false_positive,True,3153,71,accelerometer,0.0,CLEAR,True,24.299,False,KOL-HOW,reduce_speed
61,4.075,rain,True,8,unknown_obstruction,False,4276,41,accelerometer,0.0,OCCUPIED,False,16.393,False,KOL-HOW,reduce_speed
147,13.035,rain,False,7,water_logging,False,3781,64,accelerometer,0.0,CLEAR,True,3.355,False,CHN-BGLR,reduce_speed
153,5.223,rain,True,6,fallen_tree,False,1846,21,accelerometer,3.64,CLEAR,False,17.757,False,KOL-HOW,reduce_speed
83,1.756,clear,False,5,stranded_vehicle,False,827,47,axle_counter,5.07,CLEAR,True,28.582,False,DEL-AGRA,proceed_with_caution
70,4.709,rain,True,7,water_logging,True,727,80,vibration,0.0,OCCUPIED,False,25.035,False,CHN-BGLR,reduce_speed
92,17.084,flood,False,6,landslide_debris,False,1065,26,axle_counter,0.0,CLEAR,False,37.199,False,DEL-AGRA,reduce_speed
54,7.273,rain,True,2,stranded_vehicle,False,2430,74,accelerometer,0.0,CLEAR,True,0.947,True,HYB-SEC,proceed_with_caution
73,16.035,clear,True,8,signal_cable_theft,False,376,39,track_circuit,62.75,OCCUPIED,False,18.314,False,CHN-BGLR,proceed_with_caution
84,17.942,heavy_rain,False,2,signal_cable_theft,False,2365,43,axle_counter,0.0,CLEAR,True,48.321,True,KOL-HOW,proceed_with_caution
158,5.64,heavy_rain,False,3,cattle_crossing,False,3271,5,axle_counter,22.17,CLEAR,True,17.79,False,CHN-BGLR,proceed_with_caution
128,6.635,clear,True,5,track_buckling,False,1992,51,accelerometer,0.0,CLEAR,True,0.386,False,KOL-HOW,proceed_with_caution
156,10.997,snow,True,5,water_logging,False,632,98,track_circuit,0.0,CLEAR,True,19.154,False,HYB-SEC,reduce_speed
106,7.3,clear,False,5,fallen_tree,False,1905,2,vibration,27.26,OCCUPIED,False,48.416,False,CHN-BGLR,proceed_with_caution
158,11.634,snow,True,7,unknown_obstruction,False,272,18,vibration,17.66,CLEAR,True,16.716,False,KOL-HOW,reduce_speed
81,14.415,heavy_rain,True,7,environmental_false_positive,False,2655,90,vibration,0.0,OCCUPIED,True,30.34,True,CHN-BGLR,reduce_speed
102,19.61,fog,True,3,water_logging,False,3027,89,vibration,0.0,CLEAR,False,44.985,True,KOL-HOW,reduce_speed
53,12.796,flood,True,7,landslide_debris,False,2218,56,track_circuit,0.0,CLEAR,False,31.12,False,MUM-PUNE,reduce_speed
189,14.897,flood,True,6,signal_cable_theft,False,4345,13,accelerometer,37.86,CLEAR,True,4.72,False,MUM-PUNE,reduce_speed
106,0.611,snow,False,9,environmental_false_positive,False,2984,75,track_circuit,0.0,CLEAR,True,24.406,False,CHN-BGLR,emergency_stop
177,12.043,rain,False,6,landslide_debris,False,2434,45,axle_counter,97.91,CLEAR,False,18.43,True,CHN-BGLR,reduce_speed
139,0.134,flood,True,3,landslide_debris,False,2634,54,axle_counter,0.0,CLEAR,True,40.939,False,MUM-PUNE,proceed_with_caution
143,15.753,snow,False,2,signal_cable_theft,False,173,94,track_circuit,0.0,CLEAR,True,32.468,False,HYB-SEC,emergency_stop
164,0.979,clear,False,10,broken_rail,False,1386,67,track_circuit,34.47,CLEAR,True,24.788,True,KOL-HOW,emergency_stop
143,10.13,rain,False,2,sensor_miscount,False,4924,51,vibration,43.4,CLEAR,True,48.088,False,HYB-SEC,proceed_with_caution
87,2.986,flood,True,7,boulder,False,3027,51,axle_counter,85.55,OCCUPIED,False,39.122,False,KOL-HOW,reduce_speed
72,8.488,rain,False,7,unknown_obstruction,False,3883,24,vibration,0.0,OCCUPIED,True,24.832,False,KOL-HOW,reduce_speed
140,17.266,heavy_rain,False,6,environmental_false_positive,False,4516,39,axle_counter,53.7,CLEAR,True,23.484,True,KOL-HOW,reduce_speed
65,12.233,clear,True,4,stranded_vehicle,False,4744,15,axle_counter,38.15,CLEAR,True,21.011,False,MUM-PUNE,proceed_with_caution
54,4.258,clear,True,7,broken_rail,False,334,41,accelerometer,53.04,CLEAR,True,42.155,True,MUM-PUNE,reduce_speed
115,15.511,heavy_rain,False,4,signal_cable_theft,True,1536,71,axle_counter,0.0,CLEAR,True,22.603,False,MUM-PUNE,proceed_with_caution
101,1.654,clear,False,5,water_logging,False,76,31,vibration,68.57,CLEAR,False,32.419,False,CHN-BGLR,proceed_with_caution
168,15.619,rain,True,5,fallen_tree,True,1038,85,vibration,21.17,CLEAR,True,46.25,True,KOL-HOW,reroute
195,2.814,clear,False,3,sensor_miscount,True,293,93,axle_counter,38.05,CLEAR,True,20.885,False,KOL-HOW,proceed_with_caution
149,10.717,heavy_rain,False,7,landslide_debris,False,4409,40,vibration,1.66,CLEAR,False,32.161,False,DEL-AGRA,reduce_speed
49,5.997,fog,False,7,sensor_miscount,False,1590,44,vibration,0.0,CLEAR,False,5.34,False,DEL-AGRA,reduce_speed
151,12.226,flood,False,6,fallen_tree,False,4812,31,vibration,44.83,CLEAR,True,25.14,False,DEL-AGRA,reduce_speed
54,17.102,fog,True,4,landslide_debris,False,3385,36,axle_counter,38.43,OCCUPIED,True,16.167,False,MUM-PUNE,proceed_with_caution
104,6.834,flood,True,4,unknown_obstruction,False,1190,84,axle_counter,0.0,CLEAR,False,37.537,False,KOL-HOW,proceed_with_caution
60,18.367,rain,False,8,stranded_vehicle,False,416,92,track_circuit,0.0,OCCUPIED,True,49.264,True,HYB-SEC,proceed_with_caution
145,3.798,rain,True,4,equipment_failure_ahead,False,1462,0,axle_counter,0.0,CLEAR,True,19.148,True,HYB-SEC,proceed_with_caution
66,10.576,clear,False,4,boulder,True,1624,55,accelerometer,0.0,CLEAR,True,47.019,False,DEL-AGRA,proceed_with_caution
126,11.039,rain,True,6,environmental_false_positive,False,3888,70,axle_counter,56.58,CLEAR,False,29.632,True,HYB-SEC,reduce_speed
71,13.008,fog,True,6,sensor_miscount,True,934,37,track_circuit,0.0,CLEAR,True,18.091,False,HYB-SEC,reduce_speed
117,17.094,heavy_rain,True,3,boulder,False,260,13,accelerometer,0.0,CLEAR,True,25.304,False,KOL-HOW,reduce_speed
176,19.207,flood,True,4,stranded_vehicle,False,4453,18,accelerometer,0.0,CLEAR,True,44.346,False,HYB-SEC,proceed_with_caution
124,19.132,flood,False,5,water_logging,True,1234,92,track_circuit,0.0,OCCUPIED,True,3.082,False,MUM-PUNE,reroute
181,15.35,rain,False,3,track_buckling,False,111,93,axle_counter,14.76,CLEAR,False,23.831,True,MUM-PUNE,proceed_with_caution
80,6.263,clear,False,9,stranded_vehicle,True,4408,54,accelerometer,79.98,CLEAR,True,38.638,False,MUM-PUNE,reduce_speed
196,15.026,fog,True,6,cattle_crossing,False,3858,38,track_circuit,97.13,CLEAR,True,1.986,False,MUM-PUNE,reduce_speed
58,0.409,snow,False,6,equipment_failure_ahead,False,608,2,accelerometer,0.0,CLEAR,True,48.731,False,MUM-PUNE,emergency_stop
61,8.737,clear,False,9,sensor_miscount,False,4872,22,accelerometer,99.81,OCCUPIED,False,35.479,False,HYB-SEC,emergency_stop
187,13.151,clear,False,3,signal_cable_theft,False,3133,82,axle_counter,0.0,OCCUPIED,True,32.545,False,CHN-BGLR,proceed_with_caution
55,5.484,fog,False,3,broken_rail,False,1902,10,vibration,0.0,OCCUPIED,False,34.085,False,DEL-AGRA,proceed_with_caution
124,14.142,rain,False,4,broken_rail,False,37,63,accelerometer,37.5,CLEAR,True,30.471,False,CHN-BGLR,proceed_with_caution
141,10.091,rain,False,5,equipment_failure_ahead,True,4489,1,vibration,91.2,CLEAR,False,12.86,False,KOL-HOW,reroute
139,11.654,clear,False,3,fallen_tree,False,2692,78,track_circuit,0.0,CLEAR,True,34.438,True,DEL-AGRA,reroute
132,2.145,rain,True,7,cattle_crossing,True,2922,93,track_circuit,94.28,OCCUPIED,True,24.562,False,MUM-PUNE,reduce_speed
152,17.323,clear,False,5,equipment_failure_ahead,False,333,90,axle_counter,0.0,CLEAR,False,5.602,False,CHN-BGLR,proceed_with_caution
179,16.32,snow,False,5,fallen_tree,False,2526,86,accelerometer,74.17,OCCUPIED,False,6.0,False,CHN-BGLR,proceed_with_caution
153,4.883,flood,False,8,fallen_tree,True,2515,77,axle_counter,0.0,OCCUPIED,False,25.193,True,MUM-PUNE,reduce_speed
130,15.629,rain,True,4,landslide_debris,True,4372,12,track_circuit,24.35,CLEAR,False,35.763,False,DEL-AGRA,proceed_with_caution
122,1.516,heavy_rain,True,5,broken_rail,True,4251,33,accelerometer,6.27,CLEAR,True,31.617,True,DEL-AGRA,reduce_speed
167,17.238,heavy_rain,False,3,track_buckling,False,2304,24,vibration,66.43,CLEAR,True,15.272,True,CHN-BGLR,proceed_with_caution
50,5.885,flood,True,2,environmental_false_positive,True,1642,15,axle_counter,33.62,OCCUPIED,True,15.173,True,CHN-BGLR,proceed_with_caution
77,13.58,flood,True,4,equipment_failure_ahead,False,3813,16,track_circuit,0.0,OCCUPIED,False,29.995,False,HYB-SEC,proceed_with_caution
161,9.822,fog,True,5,water_logging,False,1793,64,accelerometer,0.0,CLEAR,True,26.852,False,HYB-SEC,reduce_speed
86,0.834,rain,True,3,stranded_vehicle,False,4818,32,vibration,34.16,OCCUPIED,False,4.225,False,CHN-BGLR,emergency_stop
74,10.771,clear,False,1,sensor_miscount,False,2563,93,track_circuit,0.0,CLEAR,True,15.95,False,MUM-PUNE,proceed_with_caution
183,12.751,clear,True,4,track_buckling,True,2294,39,axle_counter,0.0,CLEAR,True,15.81,True,CHN-BGLR,proceed_with_caution
152,17.928,rain,True,9,unknown_obstruction,False,621,98,vibration,19.72,CLEAR,True,17.318,False,KOL-HOW,emergency_stop
126,5.34,snow,False,7,broken_rail,False,4238,90,accelerometer,0.0,CLEAR,False,6.771,False,DEL-AGRA,reduce_speed
54,9.111,clear,True,6,stranded_vehicle,True,2552,63,track_circuit,0.0,CLEAR,True,22.18,False,HYB-SEC,reduce_speed
116,1.896,flood,False,8,stranded_vehicle,False,3359,61,track_circuit,52.18,OCCUPIED,True,21.67,False,KOL-HOW,emergency_stop
60,13.914,flood,True,5,boulder,True,138,15,accelerometer,0.0,CLEAR,True,23.162,True,KOL-HOW,reroute
52,9.272,clear,True,7,environmental_false_positive,False,4352,72,accelerometer,65.73,CLEAR,False,2.992,False,DEL-AGRA,reduce_speed
176,19.652,flood,False,5,sensor_miscount,False,4107,75,axle_counter,0.0,CLEAR,True,42.754,True,MUM-PUNE,proceed_with_caution
118,4.901,heavy_rain,True,7,water_logging,False,3054,12,track_circuit,16.61,CLEAR,False,23.731,True,KOL-HOW,reduce_speed
114,3.956,snow,False,4,cattle_crossing,False,3852,37,track_circuit,97.25,CLEAR,True,4.57,False,MUM-PUNE,proceed_with_caution
131,5.157,clear,False,2,landslide_debris,False,237,48,track_circuit,0.0,OCCUPIED,True,10.195,False,KOL-HOW,proceed_with_caution
124,5.296,clear,False,5,broken_rail,False,2011,95,vibration,81.63,CLEAR,True,21.221,True,CHN-BGLR,proceed_with_caution
191,14.308,fog,True,6,cattle_crossing,False,708,68,vibration,85.1,CLEAR,True,38.699,False,HYB-SEC,reduce_speed
77,14.397,rain,False,2,boulder,True,4765,84,vibration,0.0,OCCUPIED,True,17.367,False,MUM-PUNE,proceed_with_caution
97,18.98,heavy_rain,False,6,environmental_false_positive,True,4252,3,vibration,2.8,CLEAR,False,35.804,False,HYB-SEC,reduce_speed
160,16.166,flood,True,7,stranded_vehicle,False,2943,23,vibration,70.37,CLEAR,True,14.264,False,HYB-SEC,reduce_speed
107,0.678,snow,True,7,landslide_debris,False,3176,72,axle_counter,39.02,CLEAR,False,22.874,False,MUM-PUNE,reduce_speed
188,7.033,heavy_rain,False,4,equipment_failure_ahead,False,4784,12,axle_counter,12.13,CLEAR,True,18.023,False,KOL-HOW,proceed_with_caution
56,1.852,heavy_rain,True,5,sensor_miscount,False,1833,18,vibration,46.87,CLEAR,True,6.804,False,DEL-AGRA,reduce_speed
76,13.713,clear,False,3,water_logging,True,1903,95,vibration,24.65,OCCUPIED,False,22.996,False,MUM-PUNE,proceed_with_caution
68,15.727,clear,False,8,sensor_miscount,False,2160,43,vibration,60.45,OCCUPIED,True,22.821,False,DEL-AGRA,reduce_speed
72,9.86,fog,False,6,environmental_false_positive,False,3609,93,track_circuit,0.0,OCCUPIED,False,13.993,True,MUM-PUNE,reduce_speed
78,9.516,clear,True,5,stranded_vehicle,False,2277,5,vibration,72.84,CLEAR,True,4.038,False,MUM-PUNE,proceed_with_caution
49,7.004,flood,False,6,equipment_failure_ahead,True,4950,20,track_circuit,47.68,CLEAR,True,17.825,False,HYB-SEC,reduce_speed
158,15.597,flood,False,5,equipment_failure_ahead,True,1699,79,axle_counter,31.83,CLEAR,False,40.996,False,CHN-BGLR,reroute
157,10.401,snow,True,5,unknown_obstruction,False,663,44,track_circuit,0.0,CLEAR,True,37.83,True,MUM-PUNE,reduce_speed
178,7.707,fog,False,6,cattle_crossing,False,2822,27,accelerometer,6.83,CLEAR,True,1.317,True,HYB-SEC,reduce_speed
187,9.064,clear,True,7,water_logging,True,1726,29,accelerometer,0.0,CLEAR,True,23.817,True,KOL-HOW,reduce_speed
177,6.798,fog,False,7,environmental_false_positive,False,3066,77,track_circuit,52.55,CLEAR,True,30.375,False,MUM-PUNE,emergency_stop
66,17.428,fog,False,2,sensor_miscount,False,2297,44,axle_counter,24.53,CLEAR,False,6.57,False,KOL-HOW,proceed_with_caution
177,14.432,flood,False,2,water_logging,False,252,25,axle_counter,0.0,OCCUPIED,False,44.299,False,DEL-AGRA,proceed_with_caution
116,2.435,clear,True,1,broken_rail,False,4484,54,accelerometer,64.96,CLEAR,True,16.904,False,HYB-SEC,proceed_with_caution
122,6.705,snow,True,7,broken_rail,True,2042,50,accelerometer,62.2,CLEAR,True,21.462,False,HYB-SEC,reduce_speed
79,0.787,clear,False,8,environmental_false_positive,False,2663,5,vibration,0.0,CLEAR,False,13.04,True,KOL-HOW,emergency_stop
191,18.085,clear,True,7,unknown_obstruction,False,3103,57,vibration,96.87,CLEAR,True,33.601,False,HYB-SEC,reduce_speed
137,10.658,snow,True,6,equipment_failure_ahead,True,3248,82,accelerometer,0.0,OCCUPIED,True,4.582,False,MUM-PUNE,reduce_speed
126,4.333,rain,True,2,track_buckling,True,1752,14,accelerometer,74.05,CLEAR,True,49.917,False,KOL-HOW,proceed_with_caution
157,10.932,flood,True,1,landslide_debris,False,4836,25,accelerometer,34.46,CLEAR,False,8.922,False,HYB-SEC,proceed_with_caution
101,13.365,clear,False,3,fallen_tree,False,4075,15,axle_counter,36.42,OCCUPIED,False,7.715,False,DEL-AGRA,proceed_with_caution
174,17.25,rain,True,6,water_logging,True,2508,23,vibration,77.56,CLEAR,True,39.224,False,KOL-HOW,reduce_speed
99,8.145,snow,False,6,fallen_tree,True,2210,9,axle_counter,82.18,CLEAR,True,29.415,False,HYB-SEC,reduce_speed
199,19.959,flood,True,6,broken_rail,False,236,94,accelerometer,80.13,CLEAR,True,46.932,True,KOL-HOW,reduce_speed
158,0.628,clear,True,4,sensor_miscount,True,4009,39,vibration,19.7,CLEAR,False,41.296,False,MUM-PUNE,proceed_with_caution
156,3.729,fog,True,4,broken_rail,False,2476,0,vibration,25.5,OCCUPIED,True,6.097,True,HYB-SEC,reduce_speed
115,3.407,rain,True,8,environmental_false_positive,True,901,92,accelerometer,0.0,OCCUPIED,True,8.601,False,MUM-PUNE,reduce_speed
194,16.69,clear,False,7,track_buckling,True,4623,100,track_circuit,0.0,CLEAR,False,33.091,True,KOL-HOW,reduce_speed
134,8.398,clear,False,5,water_logging,False,2188,14,accelerometer,64.99,CLEAR,True,20.884,False,MUM-PUNE,proceed_with_caution
147,13.712,flood,False,4,environmental_false_positive,False,3697,96,accelerometer,93.22,OCCUPIED,True,43.066,False,CHN-BGLR,proceed_with_caution
47,10.003,rain,False,4,environmental_false_positive,True,3579,39,vibration,0.0,CLEAR,True,14.376,False,HYB-SEC,proceed_with_caution
187,10.026,clear,False,5,stranded_vehicle,False,1171,21,track_circuit,43.11,CLEAR,True,30.366,False,HYB-SEC,proceed_with_caution
179,8.636,fog,False,1,cattle_crossing,False,1154,39,accelerometer,86.08,CLEAR,True,8.111,False,KOL-HOW,proceed_with_caution
184,13.926,clear,False,7,fallen_tree,True,172,10,track_circuit,92.18,CLEAR,True,12.58,False,KOL-HOW,reduce_speed
79,13.931,rain,True,5,boulder,False,2274,24,accelerometer,60.86,CLEAR,False,26.164,False,CHN-BGLR,proceed_with_caution
96,13.003,flood,True,8,environmental_false_positive,True,2869,50,accelerometer,91.39,OCCUPIED,True,49.35,False,HYB-SEC,reduce_speed
182,8.747,heavy_rain,True,5,signal_cable_theft,False,2688,87,accelerometer,0.0,CLEAR,False,49.659,False,CHN-BGLR,reduce_speed
199,6.13,snow,True,6,track_buckling,False,3232,87,vibration,13.74,OCCUPIED,True,29.493,True,CHN-BGLR,reduce_speed
57,1.809,snow,False,3,broken_rail,False,4980,97,track_circuit,67.97,OCCUPIED,False,43.194,False,MUM-PUNE,emergency_stop
85,2.017,fog,True,7,equipment_failure_ahead,False,626,73,track_circuit,63.39,OCCUPIED,True,41.313,False,KOL-HOW,reduce_speed
54,1.877,clear,False,5,environmental_false_positive,False,4938,27,vibration,0.0,CLEAR,False,19.163,False,HYB-SEC,proceed_with_caution
105,1.073,clear,False,4,sensor_miscount,False,2335,8,vibration,0.0,CLEAR,True,14.876,False,KOL-HOW,proceed_with_caution
48,15.199,clear,False,3,fallen_tree,False,4232,6,accelerometer,2.44,CLEAR,True,39.387,True,HYB-SEC,reroute
187,3.478,clear,False,6,fallen_tree,False,1068,96,accelerometer,0.0,CLEAR,True,12.863,False,CHN-BGLR,reduce_speed
102,6.751,rain,True,8,stranded_vehicle,False,807,23,accelerometer,0.0,CLEAR,True,29.005,False,HYB-SEC,reduce_speed
113,3.585,clear,False,7,boulder,False,814,26,vibration,0.0,CLEAR,True,21.833,False,HYB-SEC,reduce_speed
129,10.085,fog,False,7,broken_rail,True,4638,8,axle_counter,0.0,CLEAR,False,34.433,True,CHN-BGLR,reduce_speed
137,6.301,clear,False,2,stranded_vehicle,False,700,94,track_circuit,0.0,OCCUPIED,True,46.307,False,KOL-HOW,proceed_with_caution
115,16.683,clear,True,4,fallen_tree,False,2386,32,axle_counter,82.37,CLEAR,True,7.816,False,DEL-AGRA,proceed_with_caution
83,3.303,rain,False,5,unknown_obstruction,False,2624,20,accelerometer,50.86,OCCUPIED,True,24.12,True,MUM-PUNE,proceed_with_caution
100,0.79,snow,True,1,landslide_debris,False,1744,81,axle_counter,34.21,CLEAR,True,22.297,False,CHN-BGLR,reduce_speed
167,3.314,rain,False,9,environmental_false_positive,True,2379,35,accelerometer,0.0,CLEAR,True,18.927,False,CHN-BGLR,reduce_speed
61,6.684,heavy_rain,False,6,water_logging,True,2570,63,axle_counter,0.0,OCCUPIED,True,5.411,False,CHN-BGLR,reduce_speed
136,14.073,fog,True,8,cattle_crossing,False,3383,1,track_circuit,0.0,OCCUPIED,True,15.739,True,CHN-BGLR,reduce_speed
80,1.766,heavy_rain,True,3,track_buckling,False,2185,43,vibration,48.0,OCCUPIED,True,32.059,False,CHN-BGLR,reduce_speed
117,2.878,clear,False,3,track_buckling,False,3875,5,track_circuit,22.07,CLEAR,True,7.137,True,MUM-PUNE,proceed_with_caution
124,17.85,snow,False,6,track_buckling,False,3035,4,track_circuit,71.63,CLEAR,False,27.85,True,CHN-BGLR,reduce_speed
129,3.963,fog,True,5,signal_cable_theft,False,2418,96,accelerometer,0.0,CLEAR,False,25.289,False,CHN-BGLR,reduce_speed
200,6.172,rain,True,5,environmental_false_positive,False,4639,81,vibration,21.04,CLEAR,False,37.17,False,DEL-AGRA,proceed_with_caution
91,6.684,rain,False,3,broken_rail,False,3098,48,axle_counter,0.0,CLEAR,False,7.942,False,KOL-HOW,proceed_with_caution
183,16.401,flood,False,3,landslide_debris,False,2225,59,axle_counter,0.0,CLEAR,True,43.89,False,CHN-BGLR,proceed_with_caution
121,11.99,rain,False,2,landslide_debris,False,4214,50,axle_counter,50.22,OCCUPIED,False,34.77,False,HYB-SEC,proceed_with_caution
109,12.081,clear,False,8,equipment_failure_ahead,True,2960,10,accelerometer,62.16,CLEAR,True,33.361,False,HYB-SEC,reduce_speed
105,17.377,clear,False,5,boulder,False,1571,34,accelerometer,0.0,OCCUPIED,True,39.499,False,CHN-BGLR,proceed_with_caution
186,16.141,snow,True,6,track_buckling,True,237,9,accelerometer,21.51,CLEAR,True,7.664,False,KOL-HOW,reduce_speed
94,4.847,clear,False,6,environmental_false_positive,True,555,37,track_circuit,0.0,CLEAR,True,9.18,True,HYB-SEC,reduce_speed
53,16.675,rain,True,4,landslide_debris,False,2016,12,accelerometer,48.6,CLEAR,True,34.463,True,DEL-AGRA,proceed_with_caution
65,19.024,fog,True,4,fallen_tree,False,1436,37,vibration,52.96,OCCUPIED,False,25.516,False,DEL-AGRA,reduce_speed
117,14.376,clear,False,6,boulder,False,489,91,accelerometer,1.08,CLEAR,False,45.306,False,DEL-AGRA,reduce_speed
178,0.193,clear,False,8,fallen_tree,True,4662,82,track_circuit,0.0,CLEAR,True,34.063,True,HYB-SEC,emergency_stop
112,13.958,clear,False,3,unknown_obstruction,False,1541,91,accelerometer,38.44,CLEAR,False,44.203,True,DEL-AGRA,proceed_with_caution
133,14.511,rain,True,8,unknown_obstruction,True,3174,63,track_circuit,0.0,CLEAR,True,5.647,False,CHN-BGLR,reduce_speed
150,14.737,fog,False,1,water_logging,True,1556,64,accelerometer,0.0,CLEAR,True,0.787,True,HYB-SEC,proceed_with_caution
131,4.174,clear,False,4,environmental_false_positive,True,1626,9,vibration,0.0,CLEAR,True,16.118,False,HYB-SEC,proceed_with_caution
185,5.824,rain,False,5,fallen_tree,False,4140,32,accelerometer,45.21,CLEAR,True,32.753,False,DEL-AGRA,proceed_with_caution
120,16.616,rain,True,5,water_logging,False,73,10,accelerometer,90.28,CLEAR,True,49.095,False,MUM-PUNE,proceed_with_caution
75,16.935,heavy_rain,True,3,landslide_debris,False,747,96,axle_counter,0.0,CLEAR,True,9.772,False,DEL-AGRA,reduce_speed
55,7.278,heavy_rain,True,1,water_logging,True,3852,81,vibration,85.59,OCCUPIED,False,23.044,False,KOL-HOW,reduce_speed
157,11.335,flood,False,5,fallen_tree,False,743,20,vibration,82.95,OCCUPIED,True,15.395,False,DEL-AGRA,proceed_with_caution
178,2.409,heavy_rain,True,2,equipment_failure_ahead,False,2257,42,accelerometer,49.98,CLEAR,True,3.561,False,MUM-PUNE,reduce_speed
52,1.929,rain,True,3,boulder,False,2520,42,track_circuit,93.2,OCCUPIED,True,39.927,True,MUM-PUNE,emergency_stop
109,14.079,heavy_rain,True,3,broken_rail,False,1338,56,accelerometer,65.71,OCCUPIED,False,2.966,False,HYB-SEC,reduce_speed
113,10.483,clear,False,7,water_logging,False,4096,22,accelerometer,0.0,CLEAR,False,35.029,False,DEL-AGRA,reduce_speed
52,17.886,flood,False,5,cattle_crossing,False,1611,91,vibration,76.58,CLEAR,True,33.866,False,HYB-SEC,proceed_with_caution
145,15.921,fog,True,6,sensor_miscount,True,4539,53,accelerometer,0.0,CLEAR,True,49.031,False,MUM-PUNE,reduce_speed
144,12.615,flood,True,2,cattle_crossing,True,2223,99,track_circuit,0.0,CLEAR,True,9.812,False,KOL-HOW,proceed_with_caution
99,8.023,flood,False,5,cattle_crossing,True,1788,24,vibration,45.94,CLEAR,True,39.961,True,KOL-HOW,reroute
82,1.681,flood,True,4,sensor_miscount,True,4660,42,accelerometer,0.0,OCCUPIED,True,27.711,False,MUM-PUNE,emergency_stop
141,4.753,snow,True,4,track_buckling,False,1017,52,vibration,0.0,OCCUPIED,True,14.414,False,HYB-SEC,reduce_speed
157,14.569,clear,False,6,sensor_miscount,False,4071,47,track_circuit,0.0,CLEAR,True,5.961,False,DEL-AGRA,reduce_speed
116,9.602,clear,False,8,fallen_tree,True,3823,71,axle_counter,0.0,OCCUPIED,True,25.159,True,CHN-BGLR,reduce_speed
106,14.856,flood,True,6,cattle_crossing,False,2537,26,track_circuit,0.0,OCCUPIED,True,0.662,False,HYB-SEC,reduce_speed
141,16.18,fog,True,5,unknown_obstruction,False,2545,77,track_circuit,0.0,OCCUPIED,False,25.944,False,DEL-AGRA,reduce_speed
64,16.99,clear,True,2,sensor_miscount,True,890,21,vibration,0.0,CLEAR,True,45.489,False,MUM-PUNE,proceed_with_caution
187,18.567,rain,False,5,signal_cable_theft,False,1104,14,axle_counter,6.01,OCCUPIED,True,35.101,False,MUM-PUNE,proceed_with_caution
146,15.257,snow,False,7,equipment_failure_ahead,False,4149,33,axle_counter,0.0,CLEAR,True,13.913,False,KOL-HOW,reduce_speed
102,16.844,fog,True,6,signal_cable_theft,False,564,91,vibration,0.0,CLEAR,False,16.103,False,HYB-SEC,reduce_speed
165,13.951,flood,True,6,broken_rail,False,4997,64,axle_counter,0.0,CLEAR,True,28.739,False,HYB-SEC,reduce_speed
98,7.799,snow,True,5,unknown_obstruction,False,340,47,axle_counter,0.0,CLEAR,False,40.865,False,DEL-AGRA,reduce_speed
156,14.841,rain,False,5,equipment_failure_ahead,False,3367,79,accelerometer,0.0,OCCUPIED,True,17.861,False,CHN-BGLR,reroute
65,15.944,rain,True,2,stranded_vehicle,True,1363,84,axle_counter,37.97,OCCUPIED,True,43.822,True,KOL-HOW,proceed_with_caution
173,6.981,clear,False,6,water_logging,False,1979,43,axle_counter,0.0,CLEAR,True,36.495,False,DEL-AGRA,reduce_speed
151,18.423,fog,False,7,water_logging,False,1840,62,vibration,56.01,OCCUPIED,False,16.513,True,KOL-HOW,reduce_speed
119,8.386,fog,False,7,landslide_debris,True,4038,41,axle_counter,85.21,CLEAR,True,8.758,False,CHN-BGLR,reduce_speed
146,9.927,clear,False,6,sensor_miscount,False,1174,7,axle_counter,66.48,CLEAR,True,2.942,False,DEL-AGRA,reduce_speed
77,5.657,fog,True,6,broken_rail,False,1823,88,vibration,0.0,CLEAR,True,24.104,False,KOL-HOW,reduce_speed
63,6.246,clear,False,6,landslide_debris,True,4197,45,axle_counter,0.0,CLEAR,False,3.811,False,CHN-BGLR,reduce_speed
81,10.426,clear,False,8,sensor_miscount,False,1554,84,axle_counter,0.0,CLEAR,False,30.649,False,CHN-BGLR,reduce_speed
104,1.223,clear,False,4,boulder,False,2478,31,accelerometer,65.27,CLEAR,True,0.795,False,MUM-PUNE,proceed_with_caution
186,10.806,rain,False,6,boulder,True,1978,53,accelerometer,72.49,CLEAR,True,23.189,False,CHN-BGLR,reduce_speed
141,6.223,flood,True,4,landslide_debris,True,4140,14,vibration,80.59,CLEAR,False,36.096,True,DEL-AGRA,proceed_with_caution
191,6.303,fog,True,7,signal_cable_theft,False,1118,24,axle_counter,0.0,CLEAR,True,49.17,False,HYB-SEC,reduce_speed
52,9.29,fog,True,4,cattle_crossing,True,3471,1,accelerometer,0.0,CLEAR,False,37.318,False,HYB-SEC,reduce_speed
152,19.184,clear,False,3,stranded_vehicle,False,3722,89,accelerometer,0.0,CLEAR,True,28.339,False,MUM-PUNE,proceed_with_caution
85,4.578,fog,False,8,signal_cable_theft,False,3728,59,track_circuit,0.0,CLEAR,True,38.326,False,DEL-AGRA,reduce_speed
195,19.074,flood,True,6,boulder,False,2744,79,track_circuit,74.91,CLEAR,False,32.841,False,KOL-HOW,reduce_speed
81,4.765,snow,True,1,boulder,False,1401,38,axle_counter,97.83,CLEAR,True,12.782,False,DEL-AGRA,reduce_speed
169,11.982,rain,True,1,environmental_false_positive,False,3708,5,axle_counter,0.0,OCCUPIED,False,45.185,False,HYB-SEC,proceed_with_caution
124,13.321,clear,False,8,landslide_debris,False,4067,30,vibration,70.11,CLEAR,True,20.68,False,KOL-HOW,reroute
77,16.038,heavy_rain,False,4,stranded_vehicle,False,2661,22,accelerometer,0.0,OCCUPIED,False,33.332,False,MUM-PUNE,proceed_with_caution
170,13.745,snow,True,8,water_logging,False,3474,50,track_circuit,34.75,CLEAR,True,41.793,False,DEL-AGRA,reduce_speed
194,17.83,rain,False,5,cattle_crossing,False,1967,49,vibration,0.0,CLEAR,False,15.679,False,DEL-AGRA,proceed_with_caution
98,11.74,clear,False,3,track_buckling,True,3052,9,axle_counter,37.32,CLEAR,True,47.44,False,CHN-BGLR,proceed_with_caution
124,11.161,rain,False,7,sensor_miscount,False,2501,67,accelerometer,57.11,OCCUPIED,True,21.243,False,KOL-HOW,reduce_speed
111,14.172,fog,True,7,track_buckling,True,2857,72,track_circuit,0.0,CLEAR,False,6.707,False,HYB-SEC,reduce_speed
73,9.757,snow,True,2,sensor_miscount,True,4125,54,axle_counter,0.0,OCCUPIED,True,17.295,False,DEL-AGRA,reduce_speed
94,0.241,clear,True,5,fallen_tree,False,2900,62,accelerometer,37.37,CLEAR,True,15.469,True,KOL-HOW,proceed_with_caution
54,4.342,snow,False,5,landslide_debris,True,1054,39,axle_counter,70.94,OCCUPIED,False,10.351,False,MUM-PUNE,reroute
132,16.781,clear,True,5,unknown_obstruction,False,115,31,track_circuit,68.67,OCCUPIED,True,35.994,False,CHN-BGLR,proceed_with_caution
188,6.697,fog,False,9,boulder,False,779,83,axle_counter,0.0,CLEAR,False,1.501,False,CHN-BGLR,emergency_stop
145,13.019,rain,False,4,track_buckling,False,2027,20,accelerometer,95.17,CLEAR,True,0.509,False,CHN-BGLR,proceed_with_caution
198,5.562,fog,False,7,broken_rail,False,2836,81,axle_counter,0.0,CLEAR,True,12.547,False,CHN-BGLR,reduce_speed
160,16.609,rain,True,4,equipment_failure_ahead,False,2054,6,vibration,40.28,CLEAR,True,3.353,False,CHN-BGLR,proceed_with_caution
119,15.91,clear,False,5,track_buckling,False,4920,64,axle_counter,0.0,OCCUPIED,False,3.692,True,HYB-SEC,proceed_with_caution
113,11.487,rain,True,6,cattle_crossing,False,3618,52,vibration,0.0,OCCUPIED,False,40.248,False,HYB-SEC,reduce_speed
189,13.328,fog,True,7,track_buckling,False,4613,33,vibration,18.97,OCCUPIED,True,24.013,False,CHN-BGLR,reduce_speed
105,18.371,clear,False,5,environmental_false_positive,False,288,90,track_circuit,69.74,OCCUPIED,False,25.778,True,MUM-PUNE,proceed_with_caution
138,19.185,fog,False,6,cattle_crossing,False,968,74,vibration,8.7,CLEAR,True,28.096,False,MUM-PUNE,reduce_speed
171,10.698,fog,False,5,landslide_debris,False,248,28,axle_counter,0.0,OCCUPIED,True,37.918,False,CHN-BGLR,proceed_with_caution
101,8.858,rain,False,3,broken_rail,True,2059,64,axle_counter,98.69,CLEAR,True,23.0,True,DEL-AGRA,proceed_with_caution
128,9.808,fog,True,7,fallen_tree,False,4016,61,track_circuit,31.76,OCCUPIED,True,12.199,False,HYB-SEC,emergency_stop
114,19.755,flood,False,6,broken_rail,False,1984,91,track_circuit,75.51,CLEAR,True,8.041,False,DEL-AGRA,reduce_speed
90,8.448,heavy_rain,False,2,stranded_vehicle,False,4174,6,track_circuit,0.0,CLEAR,False,38.979,False,KOL-HOW,proceed_with_caution
48,0.818,rain,True,5,landslide_debris,False,296,57,axle_counter,51.91,CLEAR,True,37.914,False,KOL-HOW,proceed_with_caution
147,15.065,clear,True,5,landslide_debris,False,2273,13,axle_counter,10.73,OCCUPIED,True,3.384,False,DEL-AGRA,proceed_with_caution
120,2.517,clear,False,6,environmental_false_positive,False,1444,45,track_circuit,0.0,CLEAR,True,15.012,False,HYB-SEC,reduce_speed
117,1.261,fog,True,5,sensor_miscount,False,4840,4,axle_counter,0.0,CLEAR,True,22.383,False,CHN-BGLR,reduce_speed
144,16.628,rain,False,5,water_logging,False,591,25,vibration,0.0,CLEAR,False,23.519,False,CHN-BGLR,proceed_with_caution
94,0.427,fog,True,3,fallen_tree,True,4666,85,axle_counter,63.36,OCCUPIED,True,37.606,False,MUM-PUNE,reduce_speed
134,18.668,rain,True,5,boulder,True,873,9,accelerometer,0.0,CLEAR,False,20.3,False,DEL-AGRA,reroute
188,11.053,flood,True,1,fallen_tree,True,1288,67,accelerometer,31.96,CLEAR,True,31.212,False,MUM-PUNE,proceed_with_caution
151,0.259,clear,False,5,boulder,False,1400,34,accelerometer,0.0,CLEAR,True,44.022,True,CHN-BGLR,proceed_with_caution
167,18.961,snow,False,2,unknown_obstruction,False,1884,57,vibration,76.55,CLEAR,True,40.338,False,HYB-SEC,proceed_with_caution
127,2.79,flood,True,7,sensor_miscount,False,407,90,track_circuit,81.64,OCCUPIED,False,5.151,True,CHN-BGLR,reduce_speed
104,10.869,clear,False,4,cattle_crossing,True,3454,63,track_circuit,0.0,CLEAR,False,42.321,False,HYB-SEC,proceed_with_caution
98,19.85,heavy_rain,False,3,cattle_crossing,False,505,22,accelerometer,32.0,CLEAR,False,14.96,False,KOL-HOW,proceed_with_caution
97,15.549,fog,True,3,sensor_miscount,False,2955,17,vibration,76.93,CLEAR,True,43.179,False,CHN-BGLR,reduce_speed
79,8.049,flood,True,1,environmental_false_positive,True,1371,34,axle_counter,46.4,CLEAR,True,33.586,False,HYB-SEC,proceed_with_caution
163,19.172,rain,True,5,equipment_failure_ahead,True,1776,80,accelerometer,2.46,CLEAR,True,28.013,False,MUM-PUNE,reroute
93,18.36,clear,False,3,unknown_obstruction,False,2308,11,axle_counter,0.0,CLEAR,False,0.049,False,CHN-BGLR,proceed_with_caution
193,5.014,clear,False,8,water_logging,True,3025,35,track_circuit,0.0,CLEAR,False,44.391,False,DEL-AGRA,reduce_speed
104,6.943,clear,True,3,track_buckling,False,3541,60,axle_counter,32.64,OCCUPIED,True,49.193,False,HYB-SEC,proceed_with_caution
70,8.533,rain,False,6,cattle_crossing,False,766,24,axle_counter,77.95,CLEAR,True,42.522,False,HYB-SEC,reduce_speed
98,5.961,clear,False,6,signal_cable_theft,False,4419,22,axle_counter,0.0,OCCUPIED,True,8.855,False,KOL-HOW,reduce_speed
99,7.859,flood,True,3,landslide_debris,False,2414,49,track_circuit,0.0,OCCUPIED,False,7.612,False,MUM-PUNE,proceed_with_caution
148,6.232,fog,True,7,stranded_vehicle,False,4102,36,track_circuit,63.17,OCCUPIED,True,42.662,False,DEL-AGRA,reduce_speed
70,7.764,clear,True,4,track_buckling,False,1187,67,vibration,36.28,CLEAR,True,0.133,False,CHN-BGLR,proceed_with_caution
141,3.045,flood,False,4,equipment_failure_ahead,False,25,65,vibration,0.0,CLEAR,False,38.707,False,DEL-AGRA,proceed_with_caution
46,5.924,rain,True,6,broken_rail,True,2758,25,track_circuit,90.9,OCCUPIED,True,15.613,True,DEL-AGRA,reduce_speed
184,10.887,fog,True,5,fallen_tree,False,1218,9,accelerometer,0.0,OCCUPIED,True,44.845,False,HYB-SEC,reduce_speed
110,16.943,clear,True,2,boulder,False,135,87,accelerometer,75.59,CLEAR,True,32.939,False,DEL-AGRA,proceed_with_caution
69,5.052,rain,True,8,environmental_false_positive,True,1009,63,track_circuit,25.47,CLEAR,False,3.299,False,HYB-SEC,reduce_speed
193,3.555,clear,True,7,signal_cable_theft,False,4506,9,vibration,0.0,CLEAR,True,49.97,False,DEL-AGRA,reduce_speed
185,0.072,flood,False,3,sensor_miscount,False,2747,5,vibration,75.92,OCCUPIED,False,6.794,False,HYB-SEC,emergency_stop
120,4.772,flood,True,9,equipment_failure_ahead,True,385,94,axle_counter,48.63,OCCUPIED,False,11.985,False,KOL-HOW,reduce_speed
104,9.637,snow,True,4,sensor_miscount,False,2189,19,vibration,0.0,CLEAR,False,26.137,False,DEL-AGRA,reduce_speed
107,16.59,rain,True,1,water_logging,False,2735,7,vibration,93.74,CLEAR,True,1.387,False,HYB-SEC,proceed_with_caution
169,3.408,clear,True,2,stranded_vehicle,True,3864,73,axle_counter,0.0,CLEAR,True,12.571,False,DEL-AGRA,proceed_with_caution
145,10.557,clear,False,6,signal_cable_theft,False,3997,96,axle_counter,47.89,CLEAR,True,47.281,False,MUM-PUNE,reduce_speed
119,17.024,fog,False,4,track_buckling,True,875,69,track_circuit,0.0,CLEAR,True,42.01,True,HYB-SEC,proceed_with_caution
117,0.095,heavy_rain,True,3,water_logging,True,159,17,accelerometer,60.77,CLEAR,True,6.62,False,CHN-BGLR,reduce_speed
58,4.341,flood,False,5,cattle_crossing,False,579,58,vibration,0.0,CLEAR,True,19.274,False,HYB-SEC,proceed_with_caution
103,15.117,flood,True,3,sensor_miscount,False,2941,30,vibration,13.56,CLEAR,True,49.084,True,HYB-SEC,proceed_with_caution
105,5.806,snow,False,2,stranded_vehicle,False,4944,62,vibration,45.53,CLEAR,True,33.598,False,CHN-BGLR,emergency_stop
55,11.518,flood,True,5,sensor_miscount,False,3199,43,accelerometer,0.0,CLEAR,True,46.473,False,KOL-HOW,reroute
147,10.829,clear,False,6,landslide_debris,False,175,37,track_circuit,70.58,OCCUPIED,True,31.245,False,MUM-PUNE,emergency_stop
71,17.957,flood,True,7,broken_rail,False,569,86,accelerometer,0.0,CLEAR,True,9.052,False,KOL-HOW,proceed_with_caution
112,10.761,clear,False,10,unknown_obstruction,False,914,18,accelerometer,32.77,CLEAR,True,3.334,False,HYB-SEC,emergency_stop
170,15.163,clear,False,7,signal_cable_theft,False,1358,33,track_circuit,62.45,CLEAR,True,4.996,False,HYB-SEC,reduce_speed
94,9.304,flood,True,6,stranded_vehicle,True,3420,26,track_circuit,52.96,CLEAR,False,1.09,False,CHN-BGLR,reduce_speed
110,10.949,snow,False,2,unknown_obstruction,False,49,7,vibration,3.62,CLEAR,True,11.922,False,DEL-AGRA,proceed_with_caution
55,8.891,rain,False,5,sensor_miscount,False,1331,22,vibration,74.92,CLEAR,False,37.132,False,HYB-SEC,proceed_with_caution
198,2.984,heavy_rain,False,2,environmental_false_positive,False,3945,88,axle_counter,81.24,CLEAR,False,49.589,False,KOL-HOW,proceed_with_caution
188,14.045,snow,False,9,fallen_tree,False,3977,8,track_circuit,83.95,CLEAR,True,34.793,False,HYB-SEC,emergency_stop
171,9.192,rain,True,3,cattle_crossing,True,885,60,vibration,0.0,CLEAR,False,7.89,False,DEL-AGRA,proceed_with_caution
70,8.18,clear,False,5,water_logging,True,14,56,track_circuit,99.06,CLEAR,False,34.427,True,CHN-BGLR,reroute
47,8.209,flood,False,4,unknown_obstruction,False,4675,92,track_circuit,0.0,CLEAR,True,24.354,False,CHN-BGLR,proceed_with_caution
87,16.964,flood,True,3,water_logging,False,598,50,axle_counter,57.46,CLEAR,False,13.635,False,KOL-HOW,proceed_with_caution
143,16.138,snow,False,5,environmental_false_positive,True,1682,55,track_circuit,0.0,CLEAR,False,17.546,False,MUM-PUNE,reroute
110,0.59,clear,False,10,fallen_tree,True,1116,19,track_circuit,81.55,CLEAR,True,48.507,False,DEL-AGRA,emergency_stop
90,5.554,fog,False,6,unknown_obstruction,False,4640,35,axle_counter,0.0,OCCUPIED,True,21.717,True,HYB-SEC,reduce_speed
62,4.795,rain,False,1,water_logging,False,1540,14,axle_counter,37.82,OCCUPIED,False,45.631,False,KOL-HOW,proceed_with_caution
79,8.175,snow,True,1,landslide_debris,False,2859,85,vibration,0.0,CLEAR,False,31.145,False,HYB-SEC,reduce_speed
113,5.786,rain,True,3,environmental_false_positive,False,4484,75,accelerometer,65.58,CLEAR,True,43.713,False,CHN-BGLR,reroute
130,13.31,fog,True,2,equipment_failure_ahead,False,4821,96,accelerometer,69.48,CLEAR,True,23.731,False,HYB-SEC,reduce_speed
89,9.087,clear,True,7,stranded_vehicle,False,2748,67,track_circuit,66.9,CLEAR,True,9.868,False,DEL-AGRA,reduce_speed
64,6.397,fog,False,7,cattle_crossing,False,2043,19,axle_counter,12.75,OCCUPIED,False,1.956,False,DEL-AGRA,reduce_speed
114,10.561,clear,True,6,broken_rail,True,4584,68,vibration,4.36,CLEAR,False,47.42,False,DEL-AGRA,reduce_speed
176,2.199,flood,False,6,landslide_debris,False,4279,2,vibration,0.0,CLEAR,True,49.463,True,DEL-AGRA,reduce_speed
117,14.248,clear,True,10,signal_cable_theft,False,930,88,track_circuit,0.0,CLEAR,True,36.033,False,HYB-SEC,emergency_stop
72,15.558,fog,False,2,unknown_obstruction,False,2495,53,track_circuit,0.0,CLEAR,False,14.531,False,CHN-BGLR,proceed_with_caution
81,10.114,snow,True,6,unknown_obstruction,False,4300,24,accelerometer,0.0,CLEAR,False,31.095,False,KOL-HOW,reduce_speed
127,11.976,fog,False,4,sensor_miscount,True,2014,28,track_circuit,72.4,OCCUPIED,True,48.431,False,DEL-AGRA,proceed_with_caution
170,17.012,rain,False,6,fallen_tree,True,4717,79,vibration,84.94,CLEAR,True,33.771,False,DEL-AGRA,reduce_speed
180,7.712,rain,False,6,sensor_miscount,False,1566,16,axle_counter,0.0,CLEAR,True,13.561,False,HYB-SEC,reduce_speed
69,18.337,rain,True,8,environmental_false_positive,False,2992,99,vibration,49.0,CLEAR,True,37.294,False,HYB-SEC,reduce_speed
54,10.362,clear,False,6,stranded_vehicle,False,3891,65,vibration,0.0,CLEAR,True,30.596,False,HYB-SEC,reduce_speed
198,8.296,rain,True,5,unknown_obstruction,True,1976,53,axle_counter,0.0,CLEAR,True,12.716,False,HYB-SEC,reroute
133,19.305,fog,False,5,signal_cable_theft,False,278,20,axle_counter,0.0,CLEAR,True,4.033,False,CHN-BGLR,proceed_with_caution
49,2.67,clear,False,6,stranded_vehicle,True,1838,99,vibration,66.69,CLEAR,False,32.127,False,HYB-SEC,reduce_speed
92,18.996,fog,False,2,signal_cable_theft,False,3507,59,track_circuit,88.84,CLEAR,False,12.85,False,MUM-PUNE,proceed_with_caution
69,1.589,fog,False,4,signal_cable_theft,True,2060,31,accelerometer,0.0,CLEAR,False,32.121,False,CHN-BGLR,proceed_with_caution
101,3.768,snow,False,8,track_buckling,True,1744,75,axle_counter,0.0,CLEAR,True,44.254,False,CHN-BGLR,reduce_speed
109,7.242,rain,False,1,boulder,False,4279,67,vibration,0.0,OCCUPIED,True,15.451,False,MUM-PUNE,proceed_with_caution
103,11.649,clear,False,7,broken_rail,False,4151,38,axle_counter,0.0,OCCUPIED,False,14.268,False,HYB-SEC,reduce_speed
173,15.832,clear,False,6,landslide_debris,False,4730,89,axle_counter,0.0,CLEAR,True,32.261,True,KOL-HOW,reduce_speed
152,14.254,clear,False,5,stranded_vehicle,False,3656,82,accelerometer,0.0,CLEAR,False,25.839,False,CHN-BGLR,proceed_with_caution
102,17.395,clear,False,6,equipment_failure_ahead,False,4808,17,track_circuit,11.48,OCCUPIED,True,47.643,False,DEL-AGRA,reduce_speed
99,9.887,clear,False,3,environmental_false_positive,True,4789,48,vibration,29.21,CLEAR,True,35.4,False,MUM-PUNE,proceed_with_caution
50,0.88,snow,False,2,equipment_failure_ahead,True,2103,22,accelerometer,0.0,CLEAR,True,16.091,False,KOL-HOW,proceed_with_caution
55,11.301,snow,True,2,unknown_obstruction,False,124,84,track_circuit,0.16,CLEAR,True,34.732,False,KOL-HOW,reduce_speed
120,17.531,clear,False,6,cattle_crossing,False,1062,79,vibration,0.0,OCCUPIED,False,17.267,False,HYB-SEC,reduce_speed
61,3.601,fog,True,8,fallen_tree,False,1935,41,axle_counter,94.45,CLEAR,True,24.203,False,KOL-HOW,reduce_speed
78,7.76,snow,False,4,broken_rail,False,1704,85,track_circuit,0.91,CLEAR,True,23.516,False,MUM-PUNE,proceed_with_caution
150,1.707,clear,False,5,landslide_debris,False,2174,50,accelerometer,88.74,CLEAR,True,33.425,False,DEL-AGRA,proceed_with_caution
88,5.797,snow,True,4,signal_cable_theft,False,2016,100,track_circuit,21.8,OCCUPIED,True,49.446,False,KOL-HOW,reduce_speed
128,10.64,flood,False,8,broken_rail,True,96,60,track_circuit,74.61,CLEAR,True,32.623,False,CHN-BGLR,reroute
151,14.983,clear,False,2,environmental_false_positive,False,2142,78,axle_counter,0.0,CLEAR,True,8.803,False,CHN-BGLR,proceed_with_caution
110,4.459,fog,False,1,water_logging,True,4967,43,accelerometer,88.87,CLEAR,True,32.597,False,MUM-PUNE,proceed_with_caution
58,7.174,clear,True,4,broken_rail,False,464,38,track_circuit,9.04,OCCUPIED,False,9.771,False,CHN-BGLR,proceed_with_caution
108,12.087,flood,True,3,environmental_false_positive,False,4889,40,accelerometer,44.07,CLEAR,True,14.91,False,DEL-AGRA,proceed_with_caution
195,18.399,flood,True,7,boulder,False,4508,23,accelerometer,0.0,CLEAR,True,34.771,True,MUM-PUNE,reduce_speed
165,16.307,heavy_rain,True,3,fallen_tree,False,4474,68,vibration,7.57,CLEAR,True,37.092,False,HYB-SEC,reduce_speed
140,1.262,fog,True,7,equipment_failure_ahead,True,3579,85,vibration,0.0,CLEAR,True,18.077,True,HYB-SEC,reduce_speed
51,17.393,rain,False,3,equipment_failure_ahead,False,1221,70,axle_counter,0.0,OCCUPIED,True,7.186,False,HYB-SEC,proceed_with_caution
94,7.015,clear,False,6,stranded_vehicle,False,1293,52,vibration,85.05,CLEAR,True,17.997,True,MUM-PUNE,reduce_speed
47,18.466,clear,True,5,water_logging,False,413,67,track_circuit,93.46,CLEAR,False,40.941,False,DEL-AGRA,proceed_with_caution
73,13.01,rain,True,1,landslide_debris,False,4565,87,accelerometer,48.65,OCCUPIED,True,24.977,True,MUM-PUNE,proceed_with_caution
185,19.096,snow,True,7,equipment_failure_ahead,False,3193,97,vibration,0.0,CLEAR,False,22.134,False,CHN-BGLR,reduce_speed
167,11.543,clear,False,3,unknown_obstruction,False,1404,64,track_circuit,0.0,CLEAR,True,24.246,False,CHN-BGLR,proceed_with_caution
57,6.463,flood,True,6,landslide_debris,False,41,32,accelerometer,13.06,CLEAR,True,45.457,False,MUM-PUNE,proceed_with_caution
195,9.736,clear,True,9,cattle_crossing,True,4373,96,vibration,0.0,CLEAR,True,48.849,False,CHN-BGLR,reduce_speed
180,10.543,heavy_rain,True,7,signal_cable_theft,False,2847,83,vibration,0.0,CLEAR,True,26.761,False,KOL-HOW,reduce_speed
144,1.29,fog,True,7,water_logging,True,3933,32,accelerometer,47.67,CLEAR,True,3.968,False,KOL-HOW,reduce_speed
143,18.049,rain,True,7,sensor_miscount,True,4501,96,accelerometer,33.21,CLEAR,True,42.417,False,MUM-PUNE,reduce_speed
52,18.363,clear,False,1,stranded_vehicle,False,938,56,axle_counter,37.98,CLEAR,True,28.364,False,KOL-HOW,proceed_with_caution
149,2.514,clear,False,7,boulder,False,1553,78,axle_counter,0.0,OCCUPIED,False,16.812,False,MUM-PUNE,reduce_speed
165,6.275,rain,False,6,signal_cable_theft,True,3253,20,axle_counter,0.0,CLEAR,False,26.267,False,KOL-HOW,reduce_speed
186,2.926,heavy_rain,False,5,fallen_tree,False,3490,31,track_circuit,58.8,CLEAR,True,40.648,False,CHN-BGLR,proceed_with_caution
190,9.99,rain,True,5,equipment_failure_ahead,False,2754,1,track_circuit,68.61,CLEAR,True,2.318,False,HYB-SEC,proceed_with_caution
51,13.725,flood,True,5,fallen_tree,False,1218,51,vibration,0.0,CLEAR,True,0.785,False,DEL-AGRA,proceed_with_caution
75,1.354,rain,True,3,signal_cable_theft,False,3633,21,vibration,80.15,CLEAR,False,29.516,False,HYB-SEC,proceed_with_caution
174,13.425,clear,False,5,unknown_obstruction,False,1652,88,track_circuit,36.46,CLEAR,True,7.097,False,HYB-SEC,proceed_with_caution
161,14.815,clear,False,4,equipment_failure_ahead,True,382,52,accelerometer,0.0,OCCUPIED,True,15.879,False,HYB-SEC,proceed_with_caution
91,9.67,clear,False,8,fallen_tree,False,4570,98,axle_counter,0.0,CLEAR,True,5.171,False,CHN-BGLR,reduce_speed
180,7.44,heavy_rain,True,5,stranded_vehicle,False,4121,26,accelerometer,0.0,CLEAR,True,26.787,False,CHN-BGLR,reduce_speed
168,7.428,rain,False,5,broken_rail,False,2689,37,track_circuit,81.09,OCCUPIED,False,33.454,False,MUM-PUNE,proceed_with_caution
55,3.577,clear,False,7,signal_cable_theft,False,4123,70,track_circuit,2.58,OCCUPIED,True,7.562,False,HYB-SEC,reduce_speed
165,12.586,rain,True,1,stranded_vehicle,False,144,36,track_circuit,36.98,OCCUPIED,False,15.149,False,CHN-BGLR,proceed_with_caution
75,8.562,heavy_rain,False,2,water_logging,False,3142,55,track_circuit,23.1,CLEAR,True,33.178,False,DEL-AGRA,proceed_with_caution
130,11.04,snow,True,6,sensor_miscount,True,3922,2,accelerometer,0.0,OCCUPIED,True,30.349,False,MUM-PUNE,reduce_speed
174,18.909,fog,False,3,environmental_false_positive,False,4617,27,accelerometer,0.0,OCCUPIED,True,16.26,False,DEL-AGRA,proceed_with_caution
101,4.714,heavy_rain,True,7,stranded_vehicle,False,1517,33,vibration,64.69,CLEAR,True,30.373,False,DEL-AGRA,reduce_speed
185,0.364,clear,False,7,unknown_obstruction,False,4464,94,accelerometer,0.0,OCCUPIED,True,0.512,False,DEL-AGRA,emergency_stop
193,10.039,clear,False,2,landslide_debris,False,4114,14,accelerometer,0.0,CLEAR,True,42.897,False,CHN-BGLR,proceed_with_caution
185,1.919,fog,True,4,water_logging,True,3359,49,axle_counter,0.0,CLEAR,False,10.952,True,CHN-BGLR,reduce_speed
146,3.444,heavy_rain,False,7,sensor_miscount,False,4091,95,vibration,48.83,CLEAR,True,28.203,False,CHN-BGLR,reduce_speed
101,1.791,flood,True,5,cattle_crossing,True,2285,22,accelerometer,0.0,CLEAR,False,12.624,True,CHN-BGLR,reroute
112,15.321,snow,True,5,stranded_vehicle,False,4107,94,axle_counter,59.96,OCCUPIED,True,49.301,False,HYB-SEC,reduce_speed
101,18.641,clear,False,5,stranded_vehicle,False,3983,54,axle_counter,0.0,OCCUPIED,False,22.212,False,KOL-HOW,proceed_with_caution
89,16.335,rain,False,1,equipment_failure_ahead,False,1001,39,accelerometer,26.15,CLEAR,True,34.69,True,MUM-PUNE,proceed_with_caution
132,7.708,rain,True,3,cattle_crossing,False,733,26,vibration,93.89,CLEAR,False,28.782,False,MUM-PUNE,proceed_with_caution
81,17.325,fog,True,4,signal_cable_theft,False,515,65,vibration,0.0,CLEAR,True,23.541,True,MUM-PUNE,reduce_speed
92,13.132,clear,True,5,boulder,False,2043,19,accelerometer,46.99,CLEAR,True,20.471,False,CHN-BGLR,proceed_with_caution
130,18.23,rain,False,7,sensor_miscount,False,2409,97,accelerometer,53.74,CLEAR,True,14.711,False,HYB-SEC,reduce_speed
94,15.747,heavy_rain,True,5,environmental_false_positive,False,1296,93,accelerometer,40.89,OCCUPIED,True,43.833,False,KOL-HOW,reduce_speed
157,12.923,fog,True,3,fallen_tree,True,1021,91,axle_counter,87.43,CLEAR,True,12.166,True,MUM-PUNE,reduce_speed
93,3.994,heavy_rain,False,7,environmental_false_positive,False,795,65,track_circuit,10.54,CLEAR,False,7.876,False,HYB-SEC,reduce_speed
197,4.442,clear,False,6,sensor_miscount,False,3003,24,track_circuit,11.03,OCCUPIED,True,12.048,False,DEL-AGRA,reduce_speed
67,17.205,clear,False,2,environmental_false_positive,False,3502,1,accelerometer,0.0,OCCUPIED,True,14.485,True,MUM-PUNE,proceed_with_caution
89,16.195,flood,True,8,signal_cable_theft,False,1089,18,vibration,0.0,OCCUPIED,False,48.083,True,MUM-PUNE,reduce_speed
77,1.301,flood,True,1,water_logging,False,4777,63,track_circuit,0.0,CLEAR,False,23.881,False,CHN-BGLR,proceed_with_caution
140,0.992,rain,True,5,boulder,False,4574,86,axle_counter,0.0,CLEAR,True,49.282,True,CHN-BGLR,proceed_with_caution
95,11.571,clear,True,1,track_buckling,True,436,43,accelerometer,0.0,CLEAR,True,49.247,False,CHN-BGLR,proceed_with_caution
159,12.474,snow,False,7,sensor_miscount,True,1902,21,accelerometer,0.0,OCCUPIED,False,7.634,False,MUM-PUNE,reduce_speed
89,19.281,heavy_rain,True,1,stranded_vehicle,False,2048,70,vibration,48.93,CLEAR,True,25.293,False,KOL-HOW,reduce_speed
184,1.042,clear,False,6,sensor_miscount,True,2218,96,accelerometer,21.67,OCCUPIED,False,12.109,False,KOL-HOW,emergency_stop
49,5.603,fog,False,5,signal_cable_theft,False,326,1,accelerometer,0.0,CLEAR,True,9.414,False,MUM-PUNE,proceed_with_caution
103,15.318,flood,False,6,landslide_debris,True,1726,30,track_circuit,80.62,CLEAR,True,13.232,True,DEL-AGRA,reduce_speed
96,19.78,clear,False,4,landslide_debris,False,3571,21,axle_counter,80.95,CLEAR,True,3.863,False,KOL-HOW,proceed_with_caution
103,4.622,rain,True,4,signal_cable_theft,False,1568,13,track_circuit,0.0,CLEAR,True,39.698,False,CHN-BGLR,proceed_with_caution
130,15.248,clear,False,6,water_logging,True,612,76,track_circuit,0.57,CLEAR,True,40.43,False,MUM-PUNE,reduce_speed
138,11.962,flood,True,7,fallen_tree,False,2170,14,axle_counter,0.0,CLEAR,True,46.423,False,CHN-BGLR,reduce_speed
146,8.284,clear,False,1,stranded_vehicle,False,1593,46,accelerometer,44.03,CLEAR,True,2.192,False,CHN-BGLR,proceed_with_caution
171,17.275,clear,False,6,broken_rail,False,2859,20,accelerometer,98.5,CLEAR,False,26.132,False,HYB-SEC,reduce_speed
147,16.313,fog,True,3,broken_rail,False,2608,14,track_circuit,0.0,OCCUPIED,True,14.638,False,KOL-HOW,reduce_speed
151,8.792,flood,True,6,fallen_tree,False,3859,91,vibration,0.0,CLEAR,True,16.059,False,KOL-HOW,reduce_speed
166,14.806,heavy_rain,True,4,boulder,False,753,63,accelerometer,0.0,CLEAR,True,10.315,False,DEL-AGRA,reduce_speed
99,10.645,clear,False,6,signal_cable_theft,False,729,58,axle_counter,0.0,OCCUPIED,True,19.034,False,CHN-BGLR,reduce_speed
190,1.277,clear,False,6,unknown_obstruction,False,2391,16,accelerometer,72.28,CLEAR,False,42.59,True,CHN-BGLR,reduce_speed
89,6.059,clear,False,9,boulder,False,2086,60,vibration,87.77,OCCUPIED,True,45.479,False,MUM-PUNE,emergency_stop
153,17.891,snow,False,2,boulder,False,3472,65,vibration,0.0,CLEAR,False,29.88,False,KOL-HOW,proceed_with_caution
153,7.818,clear,True,7,broken_rail,True,2116,41,axle_counter,0.0,CLEAR,True,43.31,False,KOL-HOW,proceed_with_caution
118,2.068,snow,False,3,environmental_false_positive,True,1843,82,vibration,0.0,CLEAR,False,0.594,False,HYB-SEC,proceed_with_caution
168,10.711,clear,False,6,water_logging,False,3088,6,track_circuit,0.0,OCCUPIED,True,34.775,False,KOL-HOW,reduce_speed
172,4.809,rain,True,3,environmental_false_positive,False,4996,60,axle_counter,43.2,CLEAR,True,25.098,False,KOL-HOW,proceed_with_caution
168,15.94,clear,False,4,landslide_debris,False,1765,60,track_circuit,0.0,CLEAR,True,27.85,False,KOL-HOW,proceed_with_caution
136,3.383,fog,True,6,environmental_false_positive,False,276,76,vibration,0.0,CLEAR,True,22.346,True,CHN-BGLR,reduce_speed
97,14.82,rain,False,6,track_buckling,True,3499,81,track_circuit,9.04,OCCUPIED,True,34.5,False,CHN-BGLR,reduce_speed
51,10.21,rain,True,6,environmental_false_positive,True,4124,25,track_circuit,0.0,OCCUPIED,False,23.017,False,HYB-SEC,reduce_speed
86,4.193,heavy_rain,False,3,cattle_crossing,False,1132,44,track_circuit,0.0,CLEAR,True,37.833,False,CHN-BGLR,proceed_with_caution
74,19.159,rain,True,3,equipment_failure_ahead,True,4061,24,axle_counter,20.16,CLEAR,True,12.719,False,DEL-AGRA,proceed_with_caution
83,0.237,rain,True,1,sensor_miscount,True,3951,33,track_circuit,36.96,CLEAR,False,14.374,False,KOL-HOW,proceed_with_caution
129,4.525,clear,False,6,landslide_debris,False,4717,46,vibration,68.91,CLEAR,False,35.307,False,KOL-HOW,reduce_speed
98,9.207,clear,False,3,signal_cable_theft,False,825,54,track_circuit,0.0,CLEAR,True,5.099,False,DEL-AGRA,proceed_with_caution
72,0.588,clear,False,4,equipment_failure_ahead,False,1469,33,accelerometer,97.43,OCCUPIED,False,40.625,False,DEL-AGRA,emergency_stop
77,3.627,clear,False,8,signal_cable_theft,False,2052,67,vibration,88.65,CLEAR,False,38.206,False,MUM-PUNE,reduce_speed
108,9.601,snow,False,9,signal_cable_theft,False,4263,26,accelerometer,0.0,CLEAR,False,21.213,False,HYB-SEC,emergency_stop
58,10.317,rain,False,7,fallen_tree,False,3060,13,axle_counter,7.45,OCCUPIED,True,35.718,False,MUM-PUNE,reduce_speed
116,19.692,clear,False,6,fallen_tree,False,794,28,axle_counter,44.54,CLEAR,True,15.31,False,KOL-HOW,reroute
48,0.31,flood,False,8,water_logging,False,4169,66,axle_counter,85.41,CLEAR,True,6.216,False,HYB-SEC,emergency_stop
104,10.349,heavy_rain,True,7,track_buckling,False,4392,35,accelerometer,0.0,OCCUPIED,True,36.816,False,DEL-AGRA,reduce_speed
120,2.006,rain,False,7,fallen_tree,True,282,57,track_circuit,38.13,CLEAR,True,32.232,False,CHN-BGLR,reduce_speed
68,1.997,flood,False,2,cattle_crossing,False,864,75,vibration,0.0,CLEAR,True,10.278,True,MUM-PUNE,proceed_with_caution
169,9.858,clear,True,5,equipment_failure_ahead,False,3988,73,axle_counter,0.0,OCCUPIED,True,43.956,False,KOL-HOW,proceed_with_caution
78,0.902,rain,True,2,track_buckling,False,3686,88,vibration,12.7,CLEAR,False,12.192,False,KOL-HOW,proceed_with_caution
129,16.69,rain,True,6,water_logging,False,1802,49,accelerometer,0.0,CLEAR,False,49.331,False,DEL-AGRA,reduce_speed
199,0.454,rain,True,6,unknown_obstruction,False,4410,12,accelerometer,53.96,CLEAR,True,47.573,False,HYB-SEC,emergency_stop
159,5.271,snow,False,1,water_logging,True,2971,10,vibration,92.32,CLEAR,False,14.03,False,MUM-PUNE,proceed_with_caution
172,15.978,fog,False,6,fallen_tree,True,206,9,axle_counter,0.0,CLEAR,True,36.886,False,CHN-BGLR,reduce_speed
63,16.858,clear,False,4,cattle_crossing,False,4262,32,track_circuit,0.0,CLEAR,True,1.125,False,KOL-HOW,proceed_with_caution
163,7.701,clear,False,4,signal_cable_theft,False,2885,21,vibration,40.63,OCCUPIED,True,30.251,False,CHN-BGLR,proceed_with_caution
153,1.21,rain,False,5,unknown_obstruction,False,2724,94,track_circuit,0.0,CLEAR,False,39.631,False,MUM-PUNE,proceed_with_caution
187,13.501,rain,True,4,landslide_debris,False,901,43,track_circuit,0.0,OCCUPIED,True,31.598,False,CHN-BGLR,proceed_with_caution
144,17.562,rain,False,7,boulder,False,1883,99,axle_counter,0.0,CLEAR,True,2.896,False,CHN-BGLR,reduce_speed
119,5.561,heavy_rain,True,4,equipment_failure_ahead,False,4147,77,axle_counter,25.13,CLEAR,True,11.397,False,DEL-AGRA,reduce_speed
106,17.279,snow,False,4,unknown_obstruction,False,2295,98,accelerometer,0.0,OCCUPIED,True,35.852,False,DEL-AGRA,proceed_with_caution
121,19.428,clear,False,5,stranded_vehicle,True,50,73,vibration,38.45,OCCUPIED,True,48.524,False,KOL-HOW,reroute
173,9.887,snow,True,8,equipment_failure_ahead,True,3264,85,accelerometer,41.81,OCCUPIED,True,10.289,False,KOL-HOW,reduce_speed
134,2.23,snow,True,5,boulder,False,4419,73,accelerometer,30.66,OCCUPIED,True,34.71,False,DEL-AGRA,reduce_speed
75,12.028,clear,False,3,stranded_vehicle,True,4735,84,axle_counter,11.32,OCCUPIED,True,46.417,True,KOL-HOW,proceed_with_caution
126,11.503,snow,True,4,environmental_false_positive,False,1751,93,accelerometer,48.49,OCCUPIED,False,23.873,False,DEL-AGRA,reduce_speed
160,16.917,rain,True,8,track_buckling,False,159,89,track_circuit,36.0,CLEAR,True,31.995,False,HYB-SEC,proceed_with_caution
127,2.644,rain,True,6,broken_rail,True,2198,95,vibration,35.69,OCCUPIED,True,19.519,False,CHN-BGLR,reduce_speed
114,19.431,snow,True,8,water_logging,True,4640,43,axle_counter,78.03,CLEAR,False,23.507,False,MUM-PUNE,reduce_speed
174,17.615,heavy_rain,True,8,signal_cable_theft,False,2243,20,accelerometer,0.0,CLEAR,False,40.548,False,MUM-PUNE,reduce_speed
123,5.284,rain,True,8,sensor_miscount,False,2348,25,vibration,4.62,CLEAR,True,5.131,False,CHN-BGLR,reduce_speed
179,5.121,snow,True,2,stranded_vehicle,False,539,75,track_circuit,38.96,CLEAR,True,41.818,False,MUM-PUNE,reduce_speed
54,1.982,clear,False,4,sensor_miscount,False,517,61,axle_counter,20.82,CLEAR,True,3.166,False,KOL-HOW,proceed_with_caution
81,4.17,heavy_rain,False,4,track_buckling,False,3550,73,axle_counter,75.79,CLEAR,True,0.189,False,HYB-SEC,proceed_with_caution
75,2.36,flood,False,5,stranded_vehicle,False,2163,5,axle_counter,0.0,CLEAR,True,49.675,False,KOL-HOW,proceed_with_caution
134,1.918,rain,True,3,equipment_failure_ahead,True,1898,72,track_circuit,99.28,OCCUPIED,True,32.315,False,MUM-PUNE,emergency_stop
93,11.152,flood,True,5,environmental_false_positive,False,2361,20,vibration,38.49,OCCUPIED,True,31.39,False,KOL-HOW,proceed_with_caution
90,17.484,clear,False,3,equipment_failure_ahead,True,3728,73,axle_counter,81.4,CLEAR,True,42.072,False,MUM-PUNE,proceed_with_caution
82,5.558,heavy_rain,False,6,environmental_false_positive,False,4196,31,accelerometer,14.36,OCCUPIED,True,44.253,False,HYB-SEC,reduce_speed
197,1.585,clear,True,5,cattle_crossing,False,4158,62,accelerometer,25.71,OCCUPIED,True,14.728,False,MUM-PUNE,emergency_stop
142,6.27,snow,False,4,unknown_obstruction,False,1815,9,track_circuit,14.07,CLEAR,True,44.791,False,DEL-AGRA,proceed_with_caution
116,4.987,clear,False,5,track_buckling,False,3596,67,track_circuit,29.11,CLEAR,True,1.498,False,KOL-HOW,proceed_with_caution
65,0.607,clear,True,4,stranded_vehicle,False,3638,28,track_circuit,81.26,CLEAR,True,34.868,True,CHN-BGLR,proceed_with_caution
160,7.189,clear,False,7,fallen_tree,True,859,90,accelerometer,0.0,CLEAR,True,40.564,False,DEL-AGRA,reduce_speed
70,13.211,flood,False,5,cattle_crossing,True,4528,78,axle_counter,0.0,OCCUPIED,True,13.054,False,CHN-BGLR,reroute
130,5.398,heavy_rain,False,5,cattle_crossing,True,2574,10,vibration,0.0,OCCUPIED,False,4.173,False,DEL-AGRA,reroute
122,6.779,clear,True,4,fallen_tree,False,931,73,vibration,61.12,CLEAR,False,24.096,False,MUM-PUNE,proceed_with_caution
115,15.934,fog,False,5,broken_rail,False,3427,6,vibration,25.67,CLEAR,True,17.497,False,MUM-PUNE,proceed_with_caution
111,15.142,rain,True,7,environmental_false_positive,False,4107,53,track_circuit,78.04,CLEAR,True,5.295,False,CHN-BGLR,reduce_speed
74,6.002,clear,False,7,cattle_crossing,True,4567,2,track_circuit,56.75,CLEAR,True,27.833,False,HYB-SEC,reduce_speed
56,5.253,flood,False,2,stranded_vehicle,False,2295,95,axle_counter,62.41,OCCUPIED,False,24.684,False,HYB-SEC,proceed_with_caution
56,1.296,fog,False,3,environmental_false_positive,False,3410,98,axle_counter,41.07,OCCUPIED,False,22.212,False,KOL-HOW,emergency_stop
174,2.328,fog,True,8,landslide_debris,False,3140,84,track_circuit,0.0,CLEAR,True,45.084,False,KOL-HOW,reduce_speed
102,11.919,clear,False,5,cattle_crossing,False,398,40,vibration,12.15,OCCUPIED,True,1.465,False,DEL-AGRA,proceed_with_caution
162,6.957,snow,False,6,signal_cable_theft,False,54,57,accelerometer,0.0,CLEAR,False,18.129,False,HYB-SEC,reduce_speed
168,15.983,flood,True,5,unknown_obstruction,True,1315,22,axle_counter,0.0,CLEAR,True,31.755,False,DEL-AGRA,reroute
90,14.906,rain,False,5,fallen_tree,False,3809,35,track_circuit,0.0,CLEAR,False,17.265,False,KOL-HOW,proceed_with_caution
145,11.818,fog,False,9,signal_cable_theft,True,1454,85,axle_counter,34.22,OCCUPIED,True,10.809,True,DEL-AGRA,reduce_speed
83,7.154,heavy_rain,False,1,boulder,False,1389,91,track_circuit,73.52,OCCUPIED,True,11.324,False,KOL-HOW,proceed_with_caution
72,6.361,flood,True,8,equipment_failure_ahead,True,3396,19,accelerometer,87.6,CLEAR,True,43.674,True,DEL-AGRA,reduce_speed
141,10.269,rain,True,3,landslide_debris,False,1466,41,vibration,0.0,CLEAR,True,30.627,False,CHN-BGLR,proceed_with_caution
188,9.96,snow,True,7,fallen_tree,False,2365,15,track_circuit,0.0,CLEAR,True,14.644,False,MUM-PUNE,reduce_speed
189,4.629,snow,True,1,cattle_crossing,True,2575,83,accelerometer,0.13,OCCUPIED,True,28.262,False,MUM-PUNE,reduce_speed
46,5.693,fog,True,6,landslide_debris,False,2589,95,axle_counter,5.77,CLEAR,True,26.488,True,CHN-BGLR,reduce_speed
93,0.088,rain,False,1,environmental_false_positive,False,978,79,vibration,91.56,CLEAR,True,27.106,False,HYB-SEC,proceed_with_caution
51,7.656,rain,True,5,equipment_failure_ahead,True,1351,44,vibration,0.0,CLEAR,True,26.812,True,KOL-HOW,reroute
129,3.14,clear,False,2,broken_rail,False,3892,86,vibration,1.35,CLEAR,False,31.118,False,HYB-SEC,proceed_with_caution
51,7.177,clear,True,4,track_buckling,True,36,63,vibration,0.0,OCCUPIED,False,18.684,False,HYB-SEC,proceed_with_caution
100,16.044,snow,True,5,sensor_miscount,True,3144,71,vibration,44.81,OCCUPIED,True,28.368,True,KOL-HOW,reduce_speed
57,7.509,clear,True,5,cattle_crossing,False,3605,10,axle_counter,0.0,CLEAR,True,42.266,False,MUM-PUNE,proceed_with_caution
62,11.35,heavy_rain,False,4,stranded_vehicle,False,3538,38,axle_counter,96.79,CLEAR,True,32.889,False,KOL-HOW,proceed_with_caution
116,7.457,heavy_rain,True,7,water_logging,True,4458,74,vibration,99.22,CLEAR,True,32.654,False,HYB-SEC,reduce_speed
167,17.548,heavy_rain,False,3,environmental_false_positive,False,1064,25,track_circuit,0.0,CLEAR,True,25.907,False,MUM-PUNE,proceed_with_caution
46,15.37,heavy_rain,True,6,unknown_obstruction,False,4070,2,vibration,0.58,CLEAR,False,45.845,False,CHN-BGLR,reduce_speed
172,13.046,rain,True,6,broken_rail,False,4157,77,accelerometer,0.0,CLEAR,True,10.258,False,MUM-PUNE,reduce_speed
179,19.522,snow,True,3,landslide_debris,False,252,11,axle_counter,29.46,CLEAR,True,18.097,False,CHN-BGLR,reduce_speed
174,13.205,clear,False,6,cattle_crossing,False,3317,58,axle_counter,0.0,OCCUPIED,True,28.699,True,CHN-BGLR,reduce_speed
174,13.619,flood,True,7,track_buckling,False,394,39,axle_counter,36.95,CLEAR,True,1.162,False,DEL-AGRA,reduce_speed
85,12.626,heavy_rain,True,6,equipment_failure_ahead,False,4962,56,track_circuit,0.0,CLEAR,True,13.22,False,HYB-SEC,reduce_speed
111,5.148,snow,True,5,sensor_miscount,True,2235,68,axle_counter,19.24,OCCUPIED,True,18.857,False,MUM-PUNE,reduce_speed
100,1.405,clear,False,6,cattle_crossing,False,3409,38,track_circuit,32.02,CLEAR,True,32.017,False,HYB-SEC,emergency_stop
179,3.46,clear,False,7,unknown_obstruction,False,1985,56,track_circuit,12.67,CLEAR,False,4.015,False,KOL-HOW,reduce_speed
70,4.699,flood,False,3,boulder,True,1378,15,accelerometer,66.87,OCCUPIED,True,29.71,False,KOL-HOW,proceed_with_caution
172,19.521,snow,True,3,equipment_failure_ahead,True,3922,52,accelerometer,13.49,OCCUPIED,False,22.027,False,CHN-BGLR,reduce_speed
74,6.641,clear,False,5,cattle_crossing,True,4924,78,accelerometer,51.1,OCCUPIED,True,6.261,False,KOL-HOW,reroute
153,8.038,rain,True,3,sensor_miscount,True,3804,20,axle_counter,98.27,CLEAR,True,21.673,True,KOL-HOW,proceed_with_caution
103,10.335,clear,False,8,fallen_tree,False,4413,67,axle_counter,0.0,OCCUPIED,False,33.32,False,CHN-BGLR,reduce_speed
109,8.464,rain,True,5,sensor_miscount,False,3538,11,track_circuit,22.67,CLEAR,True,27.732,False,KOL-HOW,proceed_with_caution
65,14.121,fog,False,5,cattle_crossing,True,1909,80,vibration,0.41,CLEAR,False,7.432,False,KOL-HOW,reroute
54,11.709,fog,True,4,equipment_failure_ahead,True,694,0,track_circuit,59.73,CLEAR,False,29.644,False,KOL-HOW,reduce_speed
108,0.775,flood,True,8,stranded_vehicle,False,1077,83,accelerometer,0.0,OCCUPIED,True,32.335,True,MUM-PUNE,emergency_stop
191,10.129,fog,False,6,fallen_tree,True,1634,20,track_circuit,41.17,CLEAR,False,19.993,False,DEL-AGRA,reduce_speed
181,13.575,clear,False,8,boulder,False,773,27,vibration,0.0,CLEAR,False,20.357,True,CHN-BGLR,reduce_speed
110,4.904,flood,False,6,equipment_failure_ahead,False,2782,17,accelerometer,67.37,CLEAR,True,9.623,False,CHN-BGLR,reduce_speed
65,19.919,clear,True,5,unknown_obstruction,False,2896,24,accelerometer,34.34,OCCUPIED,True,36.939,True,DEL-AGRA,proceed_with_caution
86,19.245,flood,False,6,track_buckling,False,417,12,accelerometer,92.36,OCCUPIED,True,32.943,False,MUM-PUNE,proceed_with_caution
116,5.898,rain,False,3,equipment_failure_ahead,False,1201,75,vibration,34.51,CLEAR,False,45.759,False,KOL-HOW,proceed_with_caution
165,18.862,clear,True,6,equipment_failure_ahead,False,2254,79,accelerometer,0.0,CLEAR,True,28.146,True,CHN-BGLR,reduce_speed
64,0.436,snow,True,5,stranded_vehicle,True,1433,78,axle_counter,0.0,CLEAR,True,6.557,True,MUM-PUNE,reduce_speed
199,9.397,heavy_rain,False,9,equipment_failure_ahead,True,4234,75,track_circuit,0.18,CLEAR,True,4.43,False,HYB-SEC,reduce_speed
134,17.845,clear,False,2,track_buckling,False,1836,36,axle_counter,91.91,CLEAR,False,34.589,False,DEL-AGRA,proceed_with_caution
63,18.8,fog,True,4,environmental_false_positive,True,2653,57,vibration,0.0,OCCUPIED,True,34.548,False,MUM-PUNE,reduce_speed
70,15.883,clear,True,4,track_buckling,True,4195,10,vibration,25.6,OCCUPIED,True,10.87,False,CHN-BGLR,proceed_with_caution
52,8.879,clear,False,8,unknown_obstruction,True,3304,16,accelerometer,0.0,CLEAR,True,12.769,False,MUM-PUNE,reduce_speed
84,0.066,rain,False,6,landslide_debris,True,4032,5,accelerometer,0.0,CLEAR,False,24.938,False,MUM-PUNE,emergency_stop
195,12.434,fog,False,3,sensor_miscount,False,4263,38,vibration,0.0,OCCUPIED,False,27.267,False,HYB-SEC,proceed_with_caution
190,3.072,rain,True,7,unknown_obstruction,False,834,53,vibration,10.47,CLEAR,False,22.317,False,CHN-BGLR,reduce_speed
129,14.691,rain,True,3,environmental_false_positive,False,1875,9,axle_counter,64.11,CLEAR,True,3.179,False,DEL-AGRA,proceed_with_caution
57,2.85,rain,False,7,equipment_failure_ahead,True,4095,67,accelerometer,30.77,OCCUPIED,False,33.516,False,CHN-BGLR,reduce_speed
75,12.73,clear,False,3,environmental_false_positive,True,3465,24,track_circuit,0.0,CLEAR,True,24.797,False,HYB-SEC,proceed_with_caution
164,12.674,fog,False,6,unknown_obstruction,False,4089,36,accelerometer,0.0,CLEAR,True,30.551,False,DEL-AGRA,reduce_speed
86,13.367,flood,False,3,broken_rail,True,225,56,vibration,0.0,OCCUPIED,True,32.55,False,HYB-SEC,proceed_with_caution
74,11.874,snow,True,6,water_logging,False,4717,97,accelerometer,17.58,CLEAR,True,0.317,False,MUM-PUNE,reduce_speed
64,16.876,rain,True,8,environmental_false_positive,False,4334,42,track_circuit,0.0,CLEAR,True,27.082,False,DEL-AGRA,reduce_speed
67,13.061,flood,True,3,landslide_debris,False,4753,13,vibration,27.78,CLEAR,False,3.859,False,CHN-BGLR,proceed_with_caution
47,19.373,fog,False,2,stranded_vehicle,True,22,98,track_circuit,0.0,CLEAR,True,22.68,False,CHN-BGLR,proceed_with_caution
146,7.255,snow,True,3,track_buckling,False,3914,61,vibration,0.0,CLEAR,True,16.221,True,MUM-PUNE,reduce_speed
121,17.824,clear,False,6,boulder,False,3985,81,track_circuit,0.0,OCCUPIED,False,16.721,False,CHN-BGLR,reduce_speed
48,6.44,snow,False,7,track_buckling,False,10,62,track_circuit,63.49,CLEAR,True,46.728,False,CHN-BGLR,proceed_with_caution
167,2.231,snow,False,5,boulder,False,457,28,accelerometer,84.74,CLEAR,True,13.46,True,HYB-SEC,proceed_with_caution
158,12.176,fog,False,2,sensor_miscount,False,3388,56,track_circuit,56.77,CLEAR,True,13.557,False,DEL-AGRA,proceed_with_caution
175,4.38,clear,False,6,signal_cable_theft,False,3852,57,axle_counter,0.0,CLEAR,True,49.31,False,HYB-SEC,reduce_speed
159,19.73,flood,False,3,unknown_obstruction,True,302,72,accelerometer,6.48,CLEAR,False,29.52,False,DEL-AGRA,proceed_with_caution
100,7.693,clear,False,6,boulder,True,2693,48,accelerometer,0.0,CLEAR,True,45.315,True,KOL-HOW,reduce_speed
200,12.851,rain,False,7,boulder,False,3691,10,accelerometer,0.0,CLEAR,True,8.384,False,MUM-PUNE,reduce_speed
190,8.166,rain,True,9,boulder,False,977,83,track_circuit,0.0,OCCUPIED,True,29.011,True,KOL-HOW,emergency_stop
122,8.644,heavy_rain,True,6,landslide_debris,False,4485,8,vibration,0.0,CLEAR,False,24.726,False,DEL-AGRA,reduce_speed
63,12.445,fog,False,5,signal_cable_theft,False,182,79,accelerometer,0.0,CLEAR,False,26.132,False,KOL-HOW,proceed_with_caution
154,17.422,clear,False,2,equipment_failure_ahead,False,1256,77,vibration,0.0,CLEAR,False,2.508,False,KOL-HOW,proceed_with_caution
133,11.087,fog,True,6,stranded_vehicle,False,3939,62,vibration,0.0,CLEAR,True,11.524,True,KOL-HOW,reduce_speed
150,1.847,snow,True,5,cattle_crossing,True,1257,87,vibration,61.08,CLEAR,True,5.027,False,KOL-HOW,reduce_speed
91,19.908,flood,True,5,boulder,True,3315,29,axle_counter,0.0,OCCUPIED,True,37.596,False,CHN-BGLR,reroute
123,17.007,rain,True,5,fallen_tree,False,2962,94,vibration,26.39,CLEAR,False,4.57,False,DEL-AGRA,proceed_with_caution
131,9.546,rain,False,7,environmental_false_positive,False,850,26,vibration,0.0,CLEAR,False,23.528,True,MUM-PUNE,reduce_speed
163,6.392,clear,True,4,environmental_false_positive,False,1815,18,vibration,0.0,CLEAR,True,17.472,False,HYB-SEC,proceed_with_caution
156,3.316,rain,True,3,fallen_tree,False,110,53,vibration,85.67,OCCUPIED,False,2.215,False,HYB-SEC,proceed_with_caution
55,9.517,flood,False,3,cattle_crossing,True,2855,66,accelerometer,0.0,OCCUPIED,False,1.165,False,MUM-PUNE,proceed_with_caution
174,19.035,rain,False,4,signal_cable_theft,True,2894,68,axle_counter,0.0,CLEAR,False,46.854,False,CHN-BGLR,proceed_with_caution
50,1.27,rain,True,7,environmental_false_positive,False,210,99,axle_counter,0.0,OCCUPIED,False,46.861,False,KOL-HOW,emergency_stop
184,10.186,snow,False,3,broken_rail,True,3611,75,accelerometer,0.0,OCCUPIED,True,42.461,False,MUM-PUNE,proceed_with_caution
64,15.962,heavy_rain,False,6,equipment_failure_ahead,True,3207,42,accelerometer,68.79,OCCUPIED,False,24.336,False,KOL-HOW,reduce_speed
85,12.525,rain,False,3,track_buckling,True,4447,84,axle_counter,78.49,OCCUPIED,True,39.999,True,HYB-SEC,proceed_with_caution
98,10.356,rain,True,5,cattle_crossing,True,3553,72,axle_counter,60.52,CLEAR,True,19.217,False,MUM-PUNE,reroute
81,1.412,clear,True,6,unknown_obstruction,False,2517,88,axle_counter,48.47,OCCUPIED,False,5.291,True,CHN-BGLR,emergency_stop
137,7.532,fog,True,8,equipment_failure_ahead,False,1453,40,track_circuit,68.66,CLEAR,True,10.713,True,HYB-SEC,reduce_speed
45,13.547,heavy_rain,False,8,equipment_failure_ahead,False,3152,97,track_circuit,0.0,OCCUPIED,True,4.973,False,MUM-PUNE,reduce_speed
147,0.513,clear,False,5,landslide_debris,False,2743,71,vibration,26.11,CLEAR,False,6.717,True,MUM-PUNE,proceed_with_caution
171,19.872,snow,False,3,signal_cable_theft,False,1842,99,track_circuit,0.0,CLEAR,True,40.052,False,KOL-HOW,proceed_with_caution
196,19.667,clear,False,5,equipment_failure_ahead,False,2151,22,track_circuit,0.0,CLEAR,True,37.344,False,MUM-PUNE,proceed_with_caution
103,2.096,fog,True,4,sensor_miscount,False,2542,49,track_circuit,0.0,CLEAR,True,3.608,False,CHN-BGLR,reduce_speed
90,14.065,clear,False,5,water_logging,False,4527,11,track_circuit,0.0,CLEAR,True,42.852,True,KOL-HOW,proceed_with_caution
146,1.789,rain,False,2,sensor_miscount,False,803,5,track_circuit,0.0,CLEAR,True,9.044,False,MUM-PUNE,proceed_with_caution
84,3.899,fog,False,2,environmental_false_positive,False,272,22,track_circuit,0.0,OCCUPIED,True,3.737,False,KOL-HOW,proceed_with_caution
105,16.319,rain,True,5,track_buckling,False,1293,4,vibration,0.0,CLEAR,False,10.235,False,KOL-HOW,proceed_with_caution
137,0.544,flood,False,6,cattle_crossing,True,568,4,vibration,84.31,CLEAR,True,12.213,False,KOL-HOW,emergency_stop
131,2.01,snow,True,2,sensor_miscount,False,1673,7,axle_counter,0.0,CLEAR,True,42.124,False,CHN-BGLR,reduce_speed
189,0.998,clear,False,3,signal_cable_theft,False,2974,61,vibration,0.0,CLEAR,False,0.972,True,HYB-SEC,proceed_with_caution
141,9.763,rain,True,6,cattle_crossing,False,1003,34,accelerometer,0.0,CLEAR,True,31.656,False,KOL-HOW,reduce_speed
119,7.77,fog,False,6,landslide_debris,True,874,97,track_circuit,0.0,CLEAR,True,17.403,False,HYB-SEC,reduce_speed
49,16.861,clear,True,5,water_logging,True,2824,15,axle_counter,38.99,CLEAR,True,1.045,False,CHN-BGLR,reroute
176,12.546,fog,True,3,sensor_miscount,False,2842,54,accelerometer,0.0,CLEAR,False,12.855,False,HYB-SEC,reduce_speed
52,16.568,clear,False,6,fallen_tree,True,3095,96,vibration,8.84,OCCUPIED,False,35.535,False,DEL-AGRA,reduce_speed
157,18.753,heavy_rain,True,2,stranded_vehicle,False,3026,45,track_circuit,0.0,CLEAR,True,44.887,False,HYB-SEC,reduce_speed
125,8.495,rain,False,3,broken_rail,False,4871,32,axle_counter,0.0,CLEAR,False,1.24,False,MUM-PUNE,proceed_with_caution
178,2.329,clear,False,6,broken_rail,True,1632,53,track_circuit,0.0,CLEAR,False,0.638,True,MUM-PUNE,reduce_speed
96,13.215,flood,True,4,boulder,False,1537,23,track_circuit,90.75,CLEAR,True,18.499,False,DEL-AGRA,proceed_with_caution
159,12.281,flood,True,5,signal_cable_theft,True,940,57,axle_counter,0.0,OCCUPIED,True,20.305,False,DEL-AGRA,emergency_stop
194,8.466,clear,False,4,boulder,True,508,100,accelerometer,28.49,OCCUPIED,False,49.999,False,CHN-BGLR,proceed_with_caution
88,6.618,rain,True,4,water_logging,True,646,83,vibration,0.0,CLEAR,False,44.032,False,MUM-PUNE,proceed_with_caution
81,10.419,clear,False,7,boulder,True,4341,86,axle_counter,32.23,CLEAR,True,46.942,False,HYB-SEC,reduce_speed
189,2.356,rain,False,2,sensor_miscount,False,4344,4,vibration,0.0,OCCUPIED,False,44.088,False,KOL-HOW,proceed_with_caution
170,4.386,flood,True,6,fallen_tree,False,1869,71,vibration,1.86,CLEAR,True,20.092,True,DEL-AGRA,reduce_speed
49,6.568,fog,False,8,sensor_miscount,False,4940,45,accelerometer,29.32,CLEAR,False,1.225,False,DEL-AGRA,reduce_speed
161,15.97,clear,False,5,stranded_vehicle,True,2610,95,vibration,41.32,CLEAR,True,23.092,True,CHN-BGLR,reroute
87,14.32,rain,True,9,fallen_tree,False,361,24,track_circuit,0.0,CLEAR,True,16.057,False,DEL-AGRA,proceed_with_caution
104,6.164,clear,True,5,signal_cable_theft,False,1899,19,accelerometer,0.0,CLEAR,False,1.67,False,DEL-AGRA,proceed_with_caution
46,3.203,rain,True,7,cattle_crossing,False,3626,32,axle_counter,0.0,CLEAR,False,26.277,False,KOL-HOW,reduce_speed
168,14.315,rain,False,6,track_buckling,False,545,13,vibration,0.0,CLEAR,True,23.063,False,MUM-PUNE,reduce_speed
116,16.496,rain,True,4,cattle_crossing,False,3713,24,track_circuit,65.19,CLEAR,True,8.806,False,CHN-BGLR,proceed_with_caution
184,17.364,clear,False,6,fallen_tree,False,381,15,vibration,54.7,CLEAR,False,44.504,False,CHN-BGLR,emergency_stop
112,17.941,flood,True,6,equipment_failure_ahead,False,1073,36,vibration,0.0,CLEAR,False,21.612,False,KOL-HOW,reduce_speed
184,9.15,clear,False,5,fallen_tree,True,4630,24,track_circuit,0.0,CLEAR,True,7.585,False,HYB-SEC,reroute
131,0.135,clear,True,7,environmental_false_positive,False,1892,35,track_circuit,65.45,CLEAR,True,29.032,False,MUM-PUNE,emergency_stop
187,16.198,flood,True,3,unknown_obstruction,False,1087,89,axle_counter,0.0,CLEAR,True,44.904,False,MUM-PUNE,proceed_with_caution
108,0.684,heavy_rain,True,3,broken_rail,True,430,83,axle_counter,24.44,CLEAR,False,37.961,False,DEL-AGRA,reduce_speed
198,19.882,rain,True,5,unknown_obstruction,False,4357,65,track_circuit,0.0,CLEAR,True,24.039,True,HYB-SEC,proceed_with_caution
101,12.035,clear,False,8,sensor_miscount,True,484,99,axle_counter,0.0,OCCUPIED,True,25.845,False,HYB-SEC,reduce_speed
107,16.551,heavy_rain,True,5,track_buckling,True,1438,5,accelerometer,16.74,OCCUPIED,True,42.991,True,CHN-BGLR,reduce_speed
85,4.624,fog,True,6,broken_rail,False,538,86,vibration,0.0,OCCUPIED,True,49.181,False,HYB-SEC,reduce_speed
120,8.75,clear,False,8,track_buckling,True,4612,25,accelerometer,12.82,CLEAR,True,9.291,False,HYB-SEC,reduce_speed
62,9.593,heavy_rain,True,7,equipment_failure_ahead,False,3346,3,accelerometer,0.0,CLEAR,True,16.591,True,MUM-PUNE,reduce_speed
194,0.985,heavy_rain,True,5,boulder,False,4873,70,vibration,64.44,CLEAR,False,33.773,False,KOL-HOW,reduce_speed
174,5.447,clear,True,5,broken_rail,False,4307,46,axle_counter,68.8,OCCUPIED,True,20.7,False,HYB-SEC,proceed_with_caution
119,6.241,clear,False,8,fallen_tree,False,3101,4,vibration,13.05,CLEAR,True,41.63,False,DEL-AGRA,reduce_speed
177,3.461,flood,True,8,signal_cable_theft,False,596,50,track_circuit,0.0,CLEAR,True,38.203,False,DEL-AGRA,reduce_speed
52,6.08,snow,True,2,track_buckling,False,4506,1,accelerometer,0.0,CLEAR,True,42.661,False,HYB-SEC,reduce_speed
171,16.959,flood,False,3,equipment_failure_ahead,True,665,30,axle_counter,0.0,CLEAR,True,18.357,False,KOL-HOW,proceed_with_caution
148,7.47,clear,False,4,stranded_vehicle,False,1748,81,axle_counter,0.0,CLEAR,True,33.482,False,KOL-HOW,proceed_with_caution
131,19.815,flood,True,5,environmental_false_positive,False,2335,14,track_circuit,0.0,OCCUPIED,False,46.405,False,CHN-BGLR,proceed_with_caution
62,13.2,snow,True,2,cattle_crossing,False,1357,37,vibration,69.36,CLEAR,False,4.57,True,MUM-PUNE,reduce_speed
144,17.336,fog,False,4,water_logging,False,2975,33,accelerometer,78.53,CLEAR,True,49.976,False,KOL-HOW,proceed_with_caution
184,3.148,flood,False,6,sensor_miscount,False,4830,51,accelerometer,0.0,CLEAR,False,25.876,True,DEL-AGRA,reduce_speed
152,19.623,clear,False,5,stranded_vehicle,False,1141,95,accelerometer,0.0,OCCUPIED,True,43.297,True,HYB-SEC,proceed_with_caution
119,5.886,clear,False,2,track_buckling,True,1626,35,vibration,33.04,CLEAR,True,45.985,False,KOL-HOW,proceed_with_caution
187,9.702,snow,False,2,environmental_false_positive,True,3443,44,accelerometer,0.0,CLEAR,True,34.051,True,DEL-AGRA,proceed_with_caution
169,9.109,clear,False,10,sensor_miscount,False,4761,84,axle_counter,0.0,CLEAR,True,23.972,False,HYB-SEC,emergency_stop
160,11.652,rain,True,3,sensor_miscount,False,2172,85,track_circuit,92.26,OCCUPIED,True,46.288,False,CHN-BGLR,proceed_with_caution
191,5.577,rain,True,6,cattle_crossing,False,4482,66,accelerometer,84.12,CLEAR,True,38.301,False,MUM-PUNE,reduce_speed
121,2.444,clear,False,4,landslide_debris,False,2347,78,track_circuit,68.7,CLEAR,True,22.902,False,KOL-HOW,proceed_with_caution
83,9.608,rain,True,2,water_logging,True,1346,70,accelerometer,0.0,CLEAR,False,43.604,False,DEL-AGRA,proceed_with_caution
46,4.785,rain,True,9,landslide_debris,True,3400,66,track_circuit,0.0,CLEAR,True,26.747,False,DEL-AGRA,reduce_speed
52,2.126,rain,True,6,fallen_tree,False,4930,80,axle_counter,98.51,OCCUPIED,True,30.598,False,CHN-BGLR,reduce_speed
145,16.289,rain,True,9,equipment_failure_ahead,False,4259,51,axle_counter,40.63,OCCUPIED,False,20.558,False,MUM-PUNE,emergency_stop
145,4.153,snow,True,3,fallen_tree,True,3369,16,vibration,68.48,CLEAR,True,20.12,False,KOL-HOW,reduce_speed
125,4.5,rain,True,9,equipment_failure_ahead,True,2112,72,vibration,0.0,CLEAR,True,8.519,False,DEL-AGRA,reduce_speed
180,12.315,fog,False,8,track_buckling,False,203,86,axle_counter,82.28,CLEAR,True,1.294,False,CHN-BGLR,reduce_speed
198,0.789,heavy_rain,False,6,fallen_tree,True,2599,17,vibration,1.46,OCCUPIED,True,15.663,False,HYB-SEC,emergency_stop
82,9.243,fog,True,9,boulder,False,1439,61,accelerometer,0.0,OCCUPIED,True,41.448,False,HYB-SEC,emergency_stop
68,11.028,clear,True,4,cattle_crossing,False,697,53,axle_counter,88.42,CLEAR,True,3.266,False,HYB-SEC,proceed_with_caution
169,17.755,fog,False,6,water_logging,False,1746,32,accelerometer,36.95,CLEAR,False,6.374,False,DEL-AGRA,reduce_speed
116,14.749,snow,True,6,cattle_crossing,True,434,9,axle_counter,0.0,OCCUPIED,True,41.368,False,KOL-HOW,reduce_speed
91,6.857,fog,False,7,track_buckling,False,4375,85,accelerometer,0.0,CLEAR,False,4.233,False,HYB-SEC,reduce_speed
130,16.936,fog,True,7,equipment_failure_ahead,True,2248,79,track_circuit,50.3,CLEAR,True,26.784,False,KOL-HOW,reduce_speed
125,15.377,rain,True,4,track_buckling,True,199,84,accelerometer,10.86,OCCUPIED,True,31.959,True,MUM-PUNE,proceed_with_caution
125,10.703,clear,False,3,equipment_failure_ahead,False,2060,34,axle_counter,54.7,CLEAR,True,29.223,True,MUM-PUNE,proceed_with_caution
57,19.117,rain,True,3,water_logging,False,4776,3,track_circuit,23.99,CLEAR,False,10.458,True,HYB-SEC,proceed_with_caution
51,17.872,rain,False,7,water_logging,False,3144,18,vibration,60.7,CLEAR,True,46.206,False,MUM-PUNE,reduce_speed
197,4.859,snow,True,4,boulder,True,2886,10,vibration,76.19,CLEAR,True,44.034,False,DEL-AGRA,reduce_speed
168,3.602,heavy_rain,False,5,sensor_miscount,False,1636,1,track_circuit,56.09,OCCUPIED,True,29.426,False,HYB-SEC,proceed_with_caution
49,16.652,snow,False,4,cattle_crossing,True,2626,86,accelerometer,0.0,OCCUPIED,False,22.375,False,HYB-SEC,proceed_with_caution
129,1.069,heavy_rain,True,7,environmental_false_positive,True,3988,43,axle_counter,4.56,OCCUPIED,True,2.35,False,KOL-HOW,reduce_speed
147,16.518,clear,False,4,broken_rail,True,1384,5,axle_counter,29.79,OCCUPIED,False,0.652,False,DEL-AGRA,proceed_with_caution
183,13.054,clear,False,1,boulder,True,1614,96,accelerometer,0.0,CLEAR,False,3.601,False,KOL-HOW,proceed_with_caution
66,19.576,flood,False,4,environmental_false_positive,False,3970,8,track_circuit,0.0,CLEAR,True,21.015,True,DEL-AGRA,proceed_with_caution
94,0.229,clear,True,6,boulder,False,4309,28,axle_counter,0.0,OCCUPIED,False,2.971,False,KOL-HOW,emergency_stop
141,14.227,fog,True,8,signal_cable_theft,False,2441,18,axle_counter,9.64,CLEAR,True,49.563,False,KOL-HOW,reduce_speed
54,7.616,rain,False,2,broken_rail,False,1950,62,accelerometer,0.0,CLEAR,True,5.894,True,MUM-PUNE,proceed_with_caution
110,9.418,clear,False,7,unknown_obstruction,True,867,83,track_circuit,45.61,OCCUPIED,True,31.886,False,KOL-HOW,reduce_speed
138,8.997,rain,True,3,unknown_obstruction,True,3787,93,vibration,63.32,OCCUPIED,False,48.858,False,DEL-AGRA,proceed_with_caution
194,16.768,snow,True,7,broken_rail,False,4433,91,accelerometer,0.0,OCCUPIED,True,14.451,False,MUM-PUNE,reduce_speed
112,12.237,clear,False,1,broken_rail,False,27,3,axle_counter,39.26,CLEAR,True,17.361,False,HYB-SEC,proceed_with_caution
67,18.97,clear,True,3,boulder,True,1165,81,axle_counter,5.27,CLEAR,True,40.075,True,CHN-BGLR,proceed_with_caution
52,10.882,fog,False,7,unknown_obstruction,False,4543,81,track_circuit,53.53,OCCUPIED,True,8.313,False,DEL-AGRA,reduce_speed
104,1.202,fog,False,6,equipment_failure_ahead,False,3972,16,track_circuit,9.99,CLEAR,True,5.285,False,DEL-AGRA,reduce_speed
161,19.985,snow,False,9,water_logging,True,2744,19,accelerometer,48.4,CLEAR,True,38.241,False,HYB-SEC,reduce_speed
115,8.384,fog,False,4,stranded_vehicle,False,1936,44,vibration,42.77,CLEAR,True,48.85,False,KOL-HOW,proceed_with_caution
182,11.659,flood,True,6,unknown_obstruction,False,1821,87,vibration,8.84,CLEAR,False,48.708,False,CHN-BGLR,reduce_speed
112,13.527,clear,True,6,unknown_obstruction,False,516,86,accelerometer,0.0,CLEAR,False,4.88,False,CHN-BGLR,reduce_speed
101,2.817,fog,True,4,broken_rail,True,4851,53,track_circuit,70.2,CLEAR,True,48.833,False,MUM-PUNE,reduce_speed
119,1.833,snow,True,6,environmental_false_positive,False,151,55,axle_counter,0.0,CLEAR,True,20.431,True,MUM-PUNE,emergency_stop
134,18.833,heavy_rain,False,3,fallen_tree,True,4658,26,accelerometer,24.97,CLEAR,True,46.641,False,HYB-SEC,proceed_with_caution
108,5.687,snow,True,8,stranded_vehicle,True,3486,59,accelerometer,14.42,OCCUPIED,True,30.862,False,KOL-HOW,reduce_speed
80,7.817,fog,True,4,broken_rail,True,1421,74,vibration,0.0,CLEAR,True,27.824,False,HYB-SEC,reduce_speed
157,9.536,rain,True,2,track_buckling,False,797,16,accelerometer,39.33,CLEAR,True,39.873,False,KOL-HOW,proceed_with_caution
153,6.822,flood,True,7,stranded_vehicle,False,3295,66,vibration,0.0,CLEAR,True,23.833,True,DEL-AGRA,reduce_speed
81,12.58,fog,True,4,broken_rail,True,2689,0,track_circuit,35.44,CLEAR,True,26.327,True,CHN-BGLR,reduce_speed
177,5.962,heavy_rain,True,6,boulder,True,3579,5,accelerometer,0.0,CLEAR,True,27.033,False,MUM-PUNE,reduce_speed
118,16.522,rain,False,5,boulder,False,136,84,axle_counter,0.0,CLEAR,True,35.008,False,CHN-BGLR,proceed_with_caution
71,12.895,clear,False,2,environmental_false_positive,True,3798,28,track_circuit,0.0,OCCUPIED,True,12.52,False,DEL-AGRA,proceed_with_caution
166,1.47,clear,False,9,unknown_obstruction,True,2645,49,vibration,0.0,OCCUPIED,True,22.545,False,HYB-SEC,emergency_stop
179,0.04,clear,True,7,equipment_failure_ahead,False,1320,21,track_circuit,86.22,OCCUPIED,True,38.192,False,KOL-HOW,reroute
163,8.416,heavy_rain,True,7,environmental_false_positive,False,3718,16,track_circuit,0.0,CLEAR,True,20.989,False,DEL-AGRA,reduce_speed
138,11.592,heavy_rain,True,7,signal_cable_theft,False,4199,1,track_circuit,0.0,CLEAR,False,22.803,True,CHN-BGLR,reduce_speed
86,15.72,fog,False,6,landslide_debris,False,1571,1,accelerometer,0.0,OCCUPIED,True,36.897,False,MUM-PUNE,reduce_speed
141,18.895,heavy_rain,True,2,stranded_vehicle,True,565,74,track_circuit,0.0,CLEAR,True,33.158,False,HYB-SEC,reduce_speed
84,13.244,snow,True,4,equipment_failure_ahead,False,2519,74,axle_counter,70.35,CLEAR,True,44.783,False,CHN-BGLR,reduce_speed
127,7.023,clear,True,6,equipment_failure_ahead,False,1891,30,vibration,36.32,CLEAR,False,44.611,False,KOL-HOW,reduce_speed
177,16.321,clear,True,5,environmental_false_positive,False,2878,41,accelerometer,0.0,CLEAR,True,20.469,False,HYB-SEC,proceed_with_caution
121,1.29,snow,True,4,environmental_false_positive,True,355,23,accelerometer,0.0,CLEAR,False,46.107,True,DEL-AGRA,reduce_speed
75,9.464,heavy_rain,True,4,equipment_failure_ahead,False,4401,94,accelerometer,27.04,CLEAR,True,43.437,False,HYB-SEC,reduce_speed
146,6.932,heavy_rain,True,1,broken_rail,False,185,7,track_circuit,0.0,CLEAR,False,14.261,False,KOL-HOW,reduce_speed
77,6.604,fog,False,8,equipment_failure_ahead,False,3464,64,track_circuit,70.22,CLEAR,True,0.663,True,HYB-SEC,reduce_speed
142,17.144,snow,True,3,sensor_miscount,False,2348,100,accelerometer,0.0,CLEAR,False,5.804,False,CHN-BGLR,reduce_speed
80,6.165,rain,True,5,sensor_miscount,False,3885,88,accelerometer,89.75,CLEAR,True,22.904,False,DEL-AGRA,proceed_with_caution
130,8.789,heavy_rain,False,6,sensor_miscount,True,475,4,accelerometer,24.98,CLEAR,False,4.025,True,KOL-HOW,reduce_speed
84,3.138,clear,True,7,sensor_miscount,False,2830,58,axle_counter,21.48,OCCUPIED,False,37.545,False,CHN-BGLR,reduce_speed
137,14.553,flood,True,4,cattle_crossing,False,3157,69,vibration,2.45,OCCUPIED,True,48.387,False,MUM-PUNE,proceed_with_caution
175,9.459,rain,True,2,track_buckling,False,2149,51,vibration,0.0,CLEAR,True,25.486,True,KOL-HOW,proceed_with_caution
118,5.757,flood,True,7,unknown_obstruction,False,3056,4,vibration,66.64,CLEAR,True,2.019,False,KOL-HOW,reduce_speed
178,2.089,snow,True,2,signal_cable_theft,False,2991,83,vibration,32.57,CLEAR,True,46.96,False,MUM-PUNE,reduce_speed
118,1.531,fog,False,5,broken_rail,False,673,66,track_circuit,86.08,CLEAR,False,14.726,False,CHN-BGLR,proceed_with_caution
45,17.321,clear,False,6,broken_rail,True,2125,28,accelerometer,57.34,CLEAR,False,10.275,False,CHN-BGLR,reduce_speed
181,11.646,flood,False,5,cattle_crossing,False,752,89,accelerometer,80.52,CLEAR,False,26.175,True,KOL-HOW,proceed_with_caution
151,12.69,snow,True,2,unknown_obstruction,False,4633,94,track_circuit,0.0,OCCUPIED,True,3.239,False,DEL-AGRA,reduce_speed
170,5.984,fog,True,6,equipment_failure_ahead,False,2483,43,vibration,53.78,CLEAR,True,28.264,False,MUM-PUNE,reduce_speed
53,9.92,clear,True,7,boulder,False,1990,44,vibration,0.0,OCCUPIED,False,16.389,False,MUM-PUNE,reduce_speed
177,1.116,rain,False,4,water_logging,False,645,13,accelerometer,99.38,CLEAR,True,5.134,False,HYB-SEC,proceed_with_caution
96,2.676,snow,False,3,boulder,False,282,16,track_circuit,4.45,CLEAR,True,24.23,False,KOL-HOW,proceed_with_caution
151,0.041,clear,False,9,unknown_obstruction,False,1714,31,vibration,0.0,OCCUPIED,True,29.621,False,CHN-BGLR,proceed_with_caution
69,7.2,rain,False,2,environmental_false_positive,False,1875,44,track_circuit,0.0,CLEAR,False,18.293,False,KOL-HOW,proceed_with_caution
58,12.67,clear,False,7,fallen_tree,False,3865,19,axle_counter,25.65,OCCUPIED,False,40.138,False,DEL-AGRA,reduce_speed
74,19.868,flood,False,1,water_logging,False,4960,17,accelerometer,0.0,CLEAR,True,24.591,False,CHN-BGLR,proceed_with_caution
102,4.379,flood,True,4,fallen_tree,False,4843,71,track_circuit,0.0,CLEAR,False,30.626,False,KOL-HOW,proceed_with_caution
188,0.847,rain,False,6,broken_rail,False,1718,25,track_circuit,0.0,CLEAR,True,28.9,False,KOL-HOW,emergency_stop
139,0.525,flood,True,4,water_logging,False,3218,44,vibration,0.0,CLEAR,True,46.666,False,CHN-BGLR,proceed_with_caution
79,3.276,fog,True,3,stranded_vehicle,True,511,51,axle_counter,0.0,OCCUPIED,False,42.629,False,DEL-AGRA,reduce_speed
106,6.798,clear,True,6,equipment_failure_ahead,True,2477,91,axle_counter,0.0,CLEAR,True,40.786,False,HYB-SEC,reduce_speed
75,5.391,snow,False,3,stranded_vehicle,False,2450,17,axle_counter,0.0,CLEAR,True,7.433,False,DEL-AGRA,reduce_speed
159,10.529,clear,False,5,environmental_false_positive,True,1941,42,track_circuit,64.07,CLEAR,False,11.667,False,MUM-PUNE,reroute
74,12.724,flood,True,5,sensor_miscount,True,4265,35,accelerometer,73.53,CLEAR,False,26.868,False,HYB-SEC,reroute
137,4.311,rain,True,4,signal_cable_theft,True,3818,5,track_circuit,0.0,CLEAR,True,47.421,False,KOL-HOW,proceed_with_caution
86,8.428,snow,True,8,equipment_failure_ahead,True,1542,75,axle_counter,29.15,OCCUPIED,False,9.774,False,MUM-PUNE,reduce_speed
173,3.124,clear,True,3,track_buckling,True,1325,67,axle_counter,0.0,CLEAR,False,16.272,False,MUM-PUNE,proceed_with_caution
143,2.891,flood,False,7,unknown_obstruction,True,357,92,track_circuit,99.87,CLEAR,True,46.222,True,MUM-PUNE,reduce_speed
158,13.507,rain,True,7,sensor_miscount,True,1867,89,vibration,3.46,OCCUPIED,True,30.68,True,CHN-BGLR,reduce_speed
95,17.181,rain,True,7,fallen_tree,True,4288,57,vibration,0.0,OCCUPIED,False,30.47,False,DEL-AGRA,reduce_speed
132,11.228,fog,True,4,signal_cable_theft,False,1526,44,accelerometer,0.0,OCCUPIED,True,0.7,False,HYB-SEC,reduce_speed
187,8.715,flood,False,5,stranded_vehicle,False,3748,36,accelerometer,71.91,CLEAR,True,13.444,False,KOL-HOW,proceed_with_caution
137,0.827,rain,False,4,track_buckling,False,1151,58,track_circuit,74.63,OCCUPIED,True,18.449,False,KOL-HOW,emergency_stop
73,14.92,clear,True,6,water_logging,False,3372,22,vibration,0.0,CLEAR,True,21.044,False,DEL-AGRA,reduce_speed
112,18.993,flood,False,5,stranded_vehicle,False,2044,25,accelerometer,0.0,OCCUPIED,False,16.245,True,MUM-PUNE,reroute
102,2.805,clear,False,2,fallen_tree,True,490,89,axle_counter,47.85,CLEAR,False,13.325,False,DEL-AGRA,proceed_with_caution
150,10.67,rain,False,1,unknown_obstruction,False,649,95,axle_counter,16.35,CLEAR,False,20.093,False,KOL-HOW,proceed_with_caution
156,8.766,rain,False,4,stranded_vehicle,True,3398,80,axle_counter,0.0,CLEAR,True,1.99,True,DEL-AGRA,proceed_with_caution
119,10.474,clear,True,4,environmental_false_positive,True,1065,13,track_circuit,73.89,CLEAR,True,0.987,False,HYB-SEC,proceed_with_caution
60,8.786,clear,False,6,unknown_obstruction,False,2413,72,axle_counter,99.92,CLEAR,True,35.647,False,DEL-AGRA,reduce_speed
63,1.18,clear,True,7,environmental_false_positive,False,624,3,vibration,0.0,CLEAR,True,26.11,False,KOL-HOW,reroute
155,8.897,clear,False,6,stranded_vehicle,True,4289,29,vibration,93.72,CLEAR,True,6.022,False,CHN-BGLR,reduce_speed
61,6.855,fog,True,4,boulder,False,1010,15,track_circuit,90.72,CLEAR,False,42.303,False,KOL-HOW,reduce_speed
54,7.858,clear,False,5,water_logging,True,2096,89,accelerometer,18.68,CLEAR,True,34.938,False,CHN-BGLR,reroute
46,8.774,clear,False,1,environmental_false_positive,False,2638,92,axle_counter,0.0,CLEAR,True,39.558,False,CHN-BGLR,proceed_with_caution
103,16.251,clear,False,2,landslide_debris,False,4780,94,axle_counter,0.0,OCCUPIED,False,13.445,True,HYB-SEC,proceed_with_caution
87,16.693,heavy_rain,False,5,unknown_obstruction,True,4820,17,axle_counter,51.63,OCCUPIED,True,3.844,False,KOL-HOW,reroute
112,12.718,snow,True,4,landslide_debris,True,3502,33,axle_counter,47.92,CLEAR,False,41.992,False,HYB-SEC,reduce_speed
130,1.401,clear,False,5,unknown_obstruction,True,3846,18,vibration,18.9,CLEAR,True,25.833,False,CHN-BGLR,reroute
171,0.061,clear,False,3,landslide_debris,False,1837,81,vibration,0.0,CLEAR,False,49.668,False,MUM-PUNE,proceed_with_caution
108,15.829,clear,False,7,cattle_crossing,False,142,10,accelerometer,0.0,CLEAR,False,36.675,False,CHN-BGLR,proceed_with_caution
59,17.632,flood,True,7,sensor_miscount,False,914,11,track_circuit,0.0,CLEAR,True,37.114,True,CHN-BGLR,proceed_with_caution
150,0.413,rain,True,3,equipment_failure_ahead,True,4787,76,vibration,4.4,OCCUPIED,True,24.661,True,KOL-HOW,emergency_stop
51,12.972,heavy_rain,True,8,environmental_false_positive,False,4502,27,track_circuit,0.0,CLEAR,True,29.527,False,DEL-AGRA,reduce_speed
139,17.823,flood,False,4,boulder,False,2368,99,track_circuit,84.42,CLEAR,True,2.409,True,MUM-PUNE,proceed_with_caution
194,12.2,snow,True,4,sensor_miscount,True,4144,14,vibration,0.0,CLEAR,True,30.496,False,DEL-AGRA,reduce_speed
68,19.482,clear,False,5,water_logging,False,342,35,axle_counter,82.57,CLEAR,True,43.725,False,CHN-BGLR,proceed_with_caution
78,17.863,flood,False,2,signal_cable_theft,True,4588,50,track_circuit,0.0,CLEAR,True,27.761,False,KOL-HOW,proceed_with_caution
139,17.069,rain,False,4,boulder,False,2044,33,accelerometer,0.0,CLEAR,True,8.539,False,DEL-AGRA,proceed_with_caution
98,9.852,fog,True,1,landslide_debris,True,1183,0,axle_counter,84.71,OCCUPIED,False,20.251,False,HYB-SEC,reroute
178,10.695,rain,False,2,cattle_crossing,False,4618,2,accelerometer,88.0,CLEAR,False,2.399,False,HYB-SEC,proceed_with_caution
147,14.35,fog,True,6,track_buckling,False,3829,88,accelerometer,0.0,CLEAR,True,32.409,False,DEL-AGRA,reduce_speed
91,10.464,rain,True,7,water_logging,False,4800,18,track_circuit,70.73,CLEAR,True,20.035,False,HYB-SEC,reduce_speed
94,13.374,clear,False,4,fallen_tree,False,529,68,track_circuit,17.62,CLEAR,True,39.245,False,KOL-HOW,proceed_with_caution
102,13.393,fog,False,8,cattle_crossing,False,313,79,track_circuit,51.21,CLEAR,False,23.392,False,CHN-BGLR,proceed_with_caution
100,13.078,clear,True,5,landslide_debris,True,4873,21,accelerometer,53.72,CLEAR,True,19.975,False,DEL-AGRA,reroute
85,2.227,snow,False,5,unknown_obstruction,True,4294,77,accelerometer,0.0,CLEAR,False,43.685,False,HYB-SEC,reroute
124,2.589,fog,True,5,signal_cable_theft,True,4733,27,vibration,0.0,CLEAR,True,14.729,False,MUM-PUNE,reduce_speed
94,10.54,heavy_rain,False,6,cattle_crossing,False,3205,77,track_circuit,52.32,CLEAR,True,49.822,True,CHN-BGLR,reduce_speed
91,13.747,flood,False,3,boulder,False,1659,2,accelerometer,0.0,CLEAR,False,35.273,False,HYB-SEC,proceed_with_caution
136,1.242,clear,False,6,fallen_tree,False,1965,35,vibration,0.0,CLEAR,True,12.574,False,DEL-AGRA,reduce_speed
172,11.201,clear,True,6,equipment_failure_ahead,False,2529,18,vibration,2.36,CLEAR,False,2.291,True,KOL-HOW,reduce_speed
59,8.866,clear,False,5,water_logging,False,293,99,vibration,19.01,CLEAR,False,31.852,False,CHN-BGLR,proceed_with_caution
145,17.173,fog,True,10,boulder,True,2084,60,vibration,8.45,OCCUPIED,True,21.727,False,HYB-SEC,reduce_speed
61,12.825,rain,True,7,equipment_failure_ahead,False,2176,83,axle_counter,41.66,CLEAR,True,34.769,False,CHN-BGLR,reduce_speed
144,1.366,clear,False,4,boulder,False,2098,98,track_circuit,59.55,CLEAR,False,3.07,False,MUM-PUNE,proceed_with_caution
96,18.099,fog,False,8,environmental_false_positive,False,1045,57,axle_counter,62.59,CLEAR,True,13.035,True,KOL-HOW,reduce_speed
76,5.662,rain,True,3,stranded_vehicle,False,63,99,axle_counter,0.0,CLEAR,True,40.652,False,KOL-HOW,proceed_with_caution
141,9.574,clear,False,5,equipment_failure_ahead,True,2127,1,axle_counter,0.0,CLEAR,True,17.902,False,KOL-HOW,reroute
57,17.121,clear,True,1,stranded_vehicle,False,4064,50,vibration,0.0,CLEAR,False,35.396,False,DEL-AGRA,proceed_with_caution
164,7.702,fog,False,6,broken_rail,True,1976,65,vibration,0.0,OCCUPIED,True,3.139,False,HYB-SEC,reduce_speed
113,4.494,fog,True,6,unknown_obstruction,False,1976,70,vibration,0.0,OCCUPIED,True,30.765,False,KOL-HOW,reduce_speed
46,6.031,heavy_rain,True,5,unknown_obstruction,False,4580,81,track_circuit,53.93,CLEAR,False,42.035,False,MUM-PUNE,reduce_speed
164,2.072,rain,True,5,fallen_tree,False,4409,10,vibration,0.0,OCCUPIED,True,3.249,False,CHN-BGLR,proceed_with_caution
105,14.841,snow,False,3,stranded_vehicle,True,1775,9,track_circuit,39.78,OCCUPIED,False,21.21,False,CHN-BGLR,proceed_with_caution
192,12.861,heavy_rain,True,7,cattle_crossing,True,632,64,axle_counter,18.02,CLEAR,True,9.067,False,CHN-BGLR,reduce_speed
186,8.472,flood,True,6,boulder,False,3640,11,vibration,51.88,CLEAR,True,22.805,False,MUM-PUNE,reduce_speed
83,11.953,rain,True,10,equipment_failure_ahead,False,2404,97,track_circuit,22.27,CLEAR,True,6.429,False,DEL-AGRA,emergency_stop
125,10.358,rain,True,3,boulder,False,4644,42,track_circuit,0.0,CLEAR,True,22.811,False,HYB-SEC,proceed_with_caution
98,1.944,flood,False,8,stranded_vehicle,False,4544,25,axle_counter,40.02,CLEAR,True,0.406,False,KOL-HOW,reduce_speed
89,16.307,fog,True,2,water_logging,False,3315,57,vibration,0.0,CLEAR,True,30.265,False,CHN-BGLR,reduce_speed
167,0.037,clear,False,6,track_buckling,False,1617,23,track_circuit,6.7,OCCUPIED,True,15.331,False,MUM-PUNE,emergency_stop
175,10.312,flood,False,9,cattle_crossing,False,1937,53,vibration,98.3,OCCUPIED,False,25.388,True,CHN-BGLR,emergency_stop
78,15.68,clear,False,7,sensor_miscount,True,232,48,track_circuit,27.48,CLEAR,True,7.007,True,HYB-SEC,reroute
112,19.14,clear,False,7,water_logging,True,4942,84,accelerometer,0.0,CLEAR,True,10.352,False,DEL-AGRA,reduce_speed
100,10.232,flood,False,6,fallen_tree,False,4890,5,track_circuit,0.0,OCCUPIED,False,33.878,False,KOL-HOW,reduce_speed
154,1.573,rain,True,6,unknown_obstruction,False,3190,65,track_circuit,0.0,CLEAR,False,1.54,False,KOL-HOW,reduce_speed
152,10.416,fog,True,6,fallen_tree,True,2256,27,axle_counter,41.63,CLEAR,True,5.118,False,DEL-AGRA,reduce_speed
192,6.647,rain,False,6,sensor_miscount,True,681,97,accelerometer,0.0,CLEAR,False,49.643,False,DEL-AGRA,reduce_speed
142,5.856,clear,False,5,unknown_obstruction,False,158,47,vibration,0.0,OCCUPIED,True,28.501,True,DEL-AGRA,proceed_with_caution
72,15.126,heavy_rain,True,9,environmental_false_positive,True,3420,2,accelerometer,29.2,CLEAR,False,9.781,False,HYB-SEC,reduce_speed
45,17.005,clear,False,8,water_logging,True,1660,80,track_circuit,0.0,OCCUPIED,True,21.602,True,KOL-HOW,reduce_speed
184,14.842,flood,True,9,signal_cable_theft,True,2471,76,accelerometer,4.32,CLEAR,False,16.523,False,DEL-AGRA,reduce_speed
98,3.26,heavy_rain,True,7,equipment_failure_ahead,False,3700,96,vibration,0.0,CLEAR,True,31.338,False,HYB-SEC,reduce_speed
147,9.952,rain,False,6,environmental_false_positive,False,1281,9,vibration,67.65,CLEAR,False,13.058,False,HYB-SEC,reduce_speed
53,19.932,heavy_rain,True,6,sensor_miscount,False,2685,99,vibration,0.0,CLEAR,False,27.217,True,DEL-AGRA,reduce_speed
66,3.068,rain,True,5,signal_cable_theft,False,2515,66,vibration,0.0,CLEAR,True,47.368,True,MUM-PUNE,proceed_with_caution
196,6.981,clear,False,8,landslide_debris,False,598,70,track_circuit,24.28,CLEAR,False,0.118,False,HYB-SEC,reduce_speed
72,14.475,rain,False,6,environmental_false_positive,True,2064,64,track_circuit,0.84,CLEAR,True,16.341,False,HYB-SEC,reduce_speed
137,8.627,rain,True,2,track_buckling,False,4630,69,accelerometer,0.0,CLEAR,True,6.058,True,KOL-HOW,proceed_with_caution
73,2.214,snow,False,4,fallen_tree,True,319,76,accelerometer,0.0,OCCUPIED,True,3.82,True,CHN-BGLR,proceed_with_caution
177,1.761,heavy_rain,False,6,landslide_debris,True,1359,90,axle_counter,0.0,CLEAR,True,41.28,False,KOL-HOW,reduce_speed
163,18.114,rain,True,5,environmental_false_positive,False,1584,49,vibration,0.0,CLEAR,True,8.493,False,DEL-AGRA,proceed_with_caution
199,12.863,clear,False,3,environmental_false_positive,False,4690,99,track_circuit,34.27,CLEAR,False,46.004,False,MUM-PUNE,proceed_with_caution
184,4.629,clear,True,8,broken_rail,True,225,89,accelerometer,18.5,OCCUPIED,True,2.521,False,HYB-SEC,reduce_speed
134,14.823,flood,False,5,unknown_obstruction,False,698,47,vibration,33.62,CLEAR,False,39.503,True,CHN-BGLR,proceed_with_caution
80,2.755,fog,True,2,stranded_vehicle,True,4306,61,axle_counter,0.0,CLEAR,True,7.746,True,CHN-BGLR,reduce_speed
72,13.075,rain,True,4,landslide_debris,False,2759,62,track_circuit,0.0,CLEAR,True,38.102,False,KOL-HOW,proceed_with_caution
80,5.613,clear,True,1,boulder,True,549,36,accelerometer,30.24,CLEAR,True,23.249,False,DEL-AGRA,proceed_with_caution
80,14.78,rain,False,9,landslide_debris,False,1049,54,track_circuit,74.05,CLEAR,False,23.652,False,HYB-SEC,emergency_stop
134,8.057,fog,True,6,stranded_vehicle,True,1744,44,track_circuit,85.4,OCCUPIED,True,19.016,True,CHN-BGLR,reduce_speed
189,8.218,clear,True,1,boulder,False,2325,63,vibration,4.77,CLEAR,True,4.758,True,CHN-BGLR,proceed_with_caution
117,2.848,flood,False,4,sensor_miscount,False,1938,83,axle_counter,0.0,OCCUPIED,True,5.585,False,DEL-AGRA,proceed_with_caution
165,6.148,rain,True,7,sensor_miscount,False,4005,14,track_circuit,60.36,OCCUPIED,False,5.885,False,CHN-BGLR,reduce_speed
95,9.894,heavy_rain,True,4,signal_cable_theft,False,1499,51,vibration,13.02,OCCUPIED,False,15.117,False,HYB-SEC,reduce_speed
141,14.815,clear,False,5,equipment_failure_ahead,True,4527,63,vibration,0.0,CLEAR,True,31.354,True,CHN-BGLR,reroute
116,0.982,fog,True,5,stranded_vehicle,False,4944,32,axle_counter,0.0,CLEAR,False,20.301,False,DEL-AGRA,reduce_speed
146,15.716,heavy_rain,False,2,signal_cable_theft,False,3345,8,axle_counter,73.98,CLEAR,True,22.27,False,CHN-BGLR,proceed_with_caution
119,7.498,heavy_rain,True,8,unknown_obstruction,False,848,81,track_circuit,31.76,CLEAR,True,40.973,False,KOL-HOW,reduce_speed
135,6.87,flood,True,5,equipment_failure_ahead,True,3780,76,track_circuit,47.62,CLEAR,False,31.546,False,MUM-PUNE,proceed_with_caution
95,2.078,clear,False,2,broken_rail,True,2889,75,axle_counter,0.0,CLEAR,True,19.095,False,KOL-HOW,proceed_with_caution
86,6.53,rain,False,5,stranded_vehicle,False,2919,55,vibration,15.6,CLEAR,True,43.958,False,CHN-BGLR,proceed_with_caution
79,15.642,heavy_rain,True,2,stranded_vehicle,True,3437,37,accelerometer,0.0,CLEAR,True,3.085,False,DEL-AGRA,reduce_speed
152,0.942,heavy_rain,True,8,broken_rail,True,284,7,axle_counter,0.0,OCCUPIED,True,36.034,False,MUM-PUNE,reduce_speed
45,8.449,clear,False,4,sensor_miscount,False,939,86,vibration,91.53,CLEAR,True,10.871,False,KOL-HOW,proceed_with_caution
51,16.008,flood,False,6,landslide_debris,False,3084,62,accelerometer,74.67,CLEAR,False,7.189,False,DEL-AGRA,reduce_speed
164,6.301,clear,False,5,equipment_failure_ahead,True,4733,52,track_circuit,33.73,CLEAR,True,13.531,False,KOL-HOW,reroute
171,16.536,clear,False,3,equipment_failure_ahead,False,3740,58,axle_counter,16.6,CLEAR,False,29.873,False,HYB-SEC,proceed_with_caution
169,18.648,fog,True,6,landslide_debris,True,3220,88,accelerometer,66.77,OCCUPIED,False,38.149,False,DEL-AGRA,reduce_speed
53,13.058,snow,True,8,track_buckling,False,4348,28,vibration,0.0,CLEAR,True,16.771,False,HYB-SEC,reduce_speed
106,12.584,rain,True,5,sensor_miscount,False,2060,52,track_circuit,0.0,OCCUPIED,False,20.906,False,KOL-HOW,proceed_with_caution
164,11.711,rain,True,6,broken_rail,True,999,38,accelerometer,7.74,CLEAR,False,1.74,False,CHN-BGLR,reduce_speed
154,13.24,clear,False,9,stranded_vehicle,True,4818,95,track_circuit,75.76,CLEAR,True,1.656,False,CHN-BGLR,reduce_speed
129,0.212,flood,True,7,track_buckling,True,3705,23,vibration,39.7,OCCUPIED,False,40.425,True,HYB-SEC,emergency_stop
67,1.701,flood,True,8,water_logging,False,1937,22,axle_counter,67.33,CLEAR,False,3.847,False,KOL-HOW,reduce_speed
88,13.631,rain,True,9,boulder,False,2395,17,axle_counter,0.0,OCCUPIED,True,12.862,False,KOL-HOW,emergency_stop
144,1.733,rain,True,6,track_buckling,True,2126,46,axle_counter,0.0,CLEAR,True,11.745,False,DEL-AGRA,reduce_speed
94,9.438,fog,True,7,boulder,False,4731,23,accelerometer,41.46,CLEAR,True,27.105,True,HYB-SEC,reduce_speed
58,0.505,rain,True,3,water_logging,True,1662,88,accelerometer,0.0,CLEAR,False,30.94,False,MUM-PUNE,proceed_with_caution
67,5.297,rain,False,3,broken_rail,True,1456,63,axle_counter,0.0,CLEAR,False,35.169,False,HYB-SEC,proceed_with_caution
151,14.829,clear,True,3,unknown_obstruction,False,3247,93,axle_counter,14.13,CLEAR,True,39.91,False,HYB-SEC,proceed_with_caution
71,12.612,heavy_rain,False,8,environmental_false_positive,False,4839,64,track_circuit,0.0,CLEAR,True,11.556,False,CHN-BGLR,reduce_speed
122,6.586,clear,True,5,sensor_miscount,True,3202,62,axle_counter,79.73,CLEAR,False,5.095,False,KOL-HOW,reroute
69,7.847,rain,False,3,track_buckling,False,3635,32,vibration,9.66,CLEAR,False,39.035,True,DEL-AGRA,proceed_with_caution
120,16.665,clear,False,7,fallen_tree,True,3493,54,track_circuit,94.93,OCCUPIED,True,7.447,False,CHN-BGLR,reduce_speed
167,1.314,flood,False,5,fallen_tree,False,1112,84,track_circuit,0.0,OCCUPIED,True,35.491,False,CHN-BGLR,emergency_stop
58,15.506,rain,False,5,unknown_obstruction,False,4176,43,track_circuit,96.99,OCCUPIED,False,32.44,False,HYB-SEC,proceed_with_caution
64,18.831,snow,True,10,cattle_crossing,False,3335,7,axle_counter,13.79,CLEAR,True,35.462,False,KOL-HOW,emergency_stop
105,9.006,snow,True,4,environmental_false_positive,True,1280,37,track_circuit,0.0,CLEAR,True,23.396,False,KOL-HOW,reduce_speed
92,13.595,clear,True,6,equipment_failure_ahead,False,4846,61,axle_counter,0.0,CLEAR,False,34.124,True,MUM-PUNE,reduce_speed
161,6.533,clear,True,3,water_logging,False,4593,41,track_circuit,0.0,CLEAR,True,1.22,False,KOL-HOW,proceed_with_caution
154,14.637,clear,False,6,fallen_tree,True,3610,9,track_circuit,89.38,CLEAR,False,37.985,False,DEL-AGRA,reduce_speed
99,4.862,flood,False,5,track_buckling,False,892,62,accelerometer,0.0,CLEAR,True,19.903,False,HYB-SEC,proceed_with_caution
110,6.82,heavy_rain,True,1,signal_cable_theft,False,2849,58,track_circuit,67.43,CLEAR,True,4.999,False,HYB-SEC,reduce_speed
90,7.383,rain,True,6,boulder,False,2649,31,accelerometer,0.0,CLEAR,True,21.681,False,CHN-BGLR,reduce_speed
143,1.635,clear,True,7,water_logging,True,1865,57,track_circuit,0.0,CLEAR,True,24.908,False,DEL-AGRA,reduce_speed
140,19.265,snow,False,3,broken_rail,False,4882,38,track_circuit,66.3,CLEAR,True,49.364,False,MUM-PUNE,proceed_with_caution
186,8.601,clear,False,2,equipment_failure_ahead,False,3098,56,accelerometer,31.35,CLEAR,True,12.924,False,DEL-AGRA,proceed_with_caution
138,6.89,clear,False,5,water_logging,False,19,33,accelerometer,83.79,CLEAR,False,27.075,False,KOL-HOW,proceed_with_caution
164,2.514,heavy_rain,True,4,water_logging,False,4834,80,track_circuit,0.0,CLEAR,True,33.004,True,KOL-HOW,reduce_speed
59,4.361,rain,True,4,signal_cable_theft,False,1534,24,track_circuit,0.0,CLEAR,False,24.31,False,KOL-HOW,proceed_with_caution
138,12.352,rain,True,6,equipment_failure_ahead,False,2035,65,vibration,51.18,OCCUPIED,True,7.401,False,KOL-HOW,reduce_speed
95,8.419,fog,True,5,boulder,False,959,55,vibration,86.12,CLEAR,True,48.862,False,KOL-HOW,reduce_speed
190,10.427,rain,True,7,track_buckling,False,4418,52,axle_counter,0.0,CLEAR,False,35.194,False,KOL-HOW,reduce_speed
159,11.608,clear,False,7,stranded_vehicle,False,707,39,track_circuit,0.0,CLEAR,True,43.66,False,HYB-SEC,reduce_speed
82,6.226,snow,True,8,water_logging,False,280,39,track_circuit,94.85,CLEAR,True,24.244,False,DEL-AGRA,reduce_speed
163,8.62,clear,False,7,fallen_tree,True,3719,84,accelerometer,57.03,CLEAR,True,0.023,True,KOL-HOW,reduce_speed
70,12.429,flood,True,5,equipment_failure_ahead,False,2307,52,track_circuit,0.0,CLEAR,False,3.127,True,MUM-PUNE,proceed_with_caution
195,2.871,clear,False,6,fallen_tree,False,45,22,vibration,0.0,CLEAR,True,33.722,False,MUM-PUNE,reduce_speed
133,19.984,clear,False,3,signal_cable_theft,True,238,32,accelerometer,34.49,CLEAR,False,14.16,True,CHN-BGLR,proceed_with_caution
107,15.537,clear,False,5,stranded_vehicle,False,3404,43,track_circuit,0.0,CLEAR,True,9.992,True,MUM-PUNE,proceed_with_caution
75,8.445,clear,True,6,equipment_failure_ahead,True,2164,74,track_circuit,0.0,OCCUPIED,True,46.633,False,CHN-BGLR,reduce_speed
94,4.078,fog,False,6,equipment_failure_ahead,False,357,97,accelerometer,0.0,OCCUPIED,True,42.532,True,CHN-BGLR,reduce_speed
93,11.38,flood,False,2,cattle_crossing,False,4278,14,track_circuit,0.0,CLEAR,False,3.037,False,MUM-PUNE,proceed_with_caution
147,19.945,heavy_rain,False,8,equipment_failure_ahead,False,2925,57,vibration,23.98,CLEAR,True,3.192,True,MUM-PUNE,reduce_speed
160,13.879,flood,True,3,sensor_miscount,False,1341,39,track_circuit,0.0,CLEAR,True,31.15,True,DEL-AGRA,proceed_with_caution
64,5.227,rain,True,1,environmental_false_positive,True,1576,79,vibration,0.0,CLEAR,True,12.076,False,HYB-SEC,proceed_with_caution
67,0.491,snow,False,5,fallen_tree,True,4267,23,accelerometer,38.4,OCCUPIED,False,14.774,False,MUM-PUNE,emergency_stop
145,10.423,heavy_rain,True,3,signal_cable_theft,False,2836,92,vibration,0.0,CLEAR,True,5.595,False,KOL-HOW,reduce_speed
123,11.011,rain,True,6,landslide_debris,False,476,46,track_circuit,79.85,CLEAR,True,6.733,True,CHN-BGLR,reduce_speed
58,2.679,heavy_rain,False,6,environmental_false_positive,False,4348,30,track_circuit,0.0,CLEAR,True,5.291,True,CHN-BGLR,reduce_speed
59,19.745,snow,False,8,broken_rail,True,2808,57,vibration,0.0,CLEAR,True,2.792,True,HYB-SEC,reduce_speed
99,4.157,flood,True,3,water_logging,True,3181,54,accelerometer,0.0,CLEAR,True,14.284,True,MUM-PUNE,proceed_with_caution
133,11.234,rain,False,8,cattle_crossing,False,3268,20,track_circuit,0.0,CLEAR,False,42.249,True,HYB-SEC,reduce_speed
121,9.969,clear,False,7,cattle_crossing,False,3711,97,axle_counter,34.89,OCCUPIED,False,17.695,False,KOL-HOW,reduce_speed
194,7.162,rain,False,6,broken_rail,False,2644,15,accelerometer,0.0,CLEAR,True,38.705,False,KOL-HOW,reduce_speed
140,11.718,clear,True,6,water_logging,False,3748,0,vibration,87.26,CLEAR,False,24.976,False,HYB-SEC,reduce_speed
146,8.145,snow,True,8,cattle_crossing,True,1513,64,vibration,3.17,CLEAR,True,23.234,True,MUM-PUNE,emergency_stop
130,3.496,clear,True,7,fallen_tree,False,1439,74,vibration,26.55,OCCUPIED,False,6.721,False,MUM-PUNE,reduce_speed
120,10.23,fog,True,7,environmental_false_positive,True,809,16,vibration,0.0,OCCUPIED,True,11.18,False,MUM-PUNE,reduce_speed
120,11.41,snow,False,6,sensor_miscount,False,555,55,vibration,22.28,OCCUPIED,True,30.002,False,MUM-PUNE,reduce_speed
127,1.583,rain,False,5,landslide_debris,True,745,63,vibration,75.41,CLEAR,True,3.978,False,CHN-BGLR,reroute
51,11.291,rain,False,2,landslide_debris,False,33,36,vibration,60.52,CLEAR,True,32.72,False,KOL-HOW,proceed_with_caution
137,12.34,snow,True,5,stranded_vehicle,False,2392,45,vibration,0.0,OCCUPIED,True,33.795,False,DEL-AGRA,reduce_speed
149,6.411,clear,False,7,signal_cable_theft,False,2667,42,track_circuit,70.61,CLEAR,False,6.04,True,MUM-PUNE,reduce_speed
164,19.628,snow,False,7,equipment_failure_ahead,False,3115,84,track_circuit,98.69,CLEAR,True,29.348,True,KOL-HOW,reduce_speed
183,5.251,clear,False,3,sensor_miscount,False,2959,75,vibration,0.0,CLEAR,False,34.659,False,MUM-PUNE,proceed_with_caution
73,16.413,rain,True,6,stranded_vehicle,False,3573,2,axle_counter,0.0,CLEAR,True,11.266,False,MUM-PUNE,emergency_stop
111,7.309,snow,True,7,sensor_miscount,True,3854,26,vibration,0.0,CLEAR,False,33.022,False,CHN-BGLR,reduce_speed
113,11.845,snow,True,6,unknown_obstruction,False,4341,63,track_circuit,0.0,CLEAR,True,42.753,False,DEL-AGRA,reduce_speed
166,12.202,clear,False,8,fallen_tree,True,2188,30,axle_counter,27.55,CLEAR,True,37.922,True,CHN-BGLR,reduce_speed
151,4.8,snow,False,5,sensor_miscount,False,4209,92,track_circuit,0.0,CLEAR,True,25.375,True,DEL-AGRA,proceed_with_caution
106,17.231,heavy_rain,True,5,equipment_failure_ahead,False,4612,12,accelerometer,88.07,CLEAR,False,1.719,False,MUM-PUNE,reduce_speed
196,0.341,rain,False,7,track_buckling,False,1354,17,vibration,76.49,CLEAR,True,40.036,False,MUM-PUNE,emergency_stop
106,9.888,snow,False,3,landslide_debris,True,495,43,accelerometer,57.4,OCCUPIED,True,24.901,False,KOL-HOW,proceed_with_caution
173,3.266,clear,True,2,water_logging,False,3995,78,accelerometer,55.3,CLEAR,True,19.269,False,DEL-AGRA,proceed_with_caution
80,18.9,clear,False,4,broken_rail,False,3102,55,vibration,71.9,CLEAR,True,7.618,False,DEL-AGRA,proceed_with_caution
130,0.877,clear,False,2,stranded_vehicle,True,4972,48,vibration,0.0,OCCUPIED,True,41.263,False,HYB-SEC,emergency_stop
114,13.372,clear,False,4,sensor_miscount,False,2891,37,accelerometer,0.0,CLEAR,True,41.719,False,DEL-AGRA,proceed_with_caution
104,11.38,rain,True,8,cattle_crossing,False,2332,38,vibration,30.52,CLEAR,True,39.911,False,MUM-PUNE,reduce_speed
175,15.124,fog,True,7,stranded_vehicle,False,150,71,axle_counter,89.51,CLEAR,True,46.422,False,DEL-AGRA,reduce_speed
102,15.537,heavy_rain,False,6,broken_rail,False,4326,28,axle_counter,48.77,OCCUPIED,True,38.86,False,DEL-AGRA,reduce_speed
83,3.265,clear,True,10,equipment_failure_ahead,False,22,91,axle_counter,0.0,CLEAR,True,14.399,True,MUM-PUNE,proceed_with_caution
82,0.871,snow,True,2,broken_rail,False,3921,6,track_circuit,0.0,CLEAR,True,46.234,False,HYB-SEC,reduce_speed
98,4.522,flood,True,2,landslide_debris,False,4347,24,accelerometer,0.0,OCCUPIED,False,7.956,True,HYB-SEC,proceed_with_caution
139,17.58,flood,False,5,water_logging,False,4629,90,track_circuit,0.0,OCCUPIED,True,13.513,False,CHN-BGLR,proceed_with_caution
105,5.706,fog,False,1,stranded_vehicle,True,4828,95,vibration,33.94,CLEAR,True,33.86,False,HYB-SEC,proceed_with_caution
114,1.01,fog,False,5,fallen_tree,True,1225,35,axle_counter,0.0,OCCUPIED,True,4.052,False,CHN-BGLR,emergency_stop
101,2.676,rain,False,1,signal_cable_theft,False,4089,97,axle_counter,30.58,CLEAR,False,36.837,False,DEL-AGRA,proceed_with_caution
87,7.316,clear,False,5,sensor_miscount,False,4926,9,track_circuit,0.0,CLEAR,True,40.765,True,MUM-PUNE,proceed_with_caution
137,3.53,clear,True,4,sensor_miscount,False,641,45,axle_counter,0.0,CLEAR,False,28.274,False,HYB-SEC,proceed_with_caution
136,17.089,rain,True,2,signal_cable_theft,True,3060,35,vibration,0.0,CLEAR,True,5.857,False,MUM-PUNE,proceed_with_caution
165,7.358,clear,True,1,fallen_tree,False,3376,96,vibration,47.15,CLEAR,False,49.292,False,MUM-PUNE,proceed_with_caution
160,19.431,snow,False,2,unknown_obstruction,False,3009,64,track_circuit,0.0,OCCUPIED,False,5.358,False,DEL-AGRA,proceed_with_caution
94,19.647,clear,False,3,boulder,True,4890,84,track_circuit,0.0,OCCUPIED,False,2.636,False,MUM-PUNE,proceed_with_caution
143,15.647,rain,False,5,track_buckling,False,1321,19,axle_counter,32.6,CLEAR,False,35.193,False,CHN-BGLR,proceed_with_caution
199,1.845,clear,False,8,landslide_debris,True,2781,28,vibration,99.9,CLEAR,False,22.048,False,KOL-HOW,reduce_speed
143,14.907,rain,True,5,unknown_obstruction,False,615,63,vibration,0.0,CLEAR,True,37.58,False,MUM-PUNE,proceed_with_caution
56,7.2,snow,False,4,track_buckling,False,4960,57,track_circuit,0.0,CLEAR,True,47.134,False,CHN-BGLR,proceed_with_caution
119,17.009,fog,False,6,fallen_tree,True,3517,5,track_circuit,34.8,CLEAR,False,30.149,True,DEL-AGRA,reduce_speed
126,5.599,fog,True,1,water_logging,True,2149,27,accelerometer,0.0,OCCUPIED,True,27.403,False,HYB-SEC,reduce_speed
139,17.848,heavy_rain,False,6,fallen_tree,False,2637,33,accelerometer,37.31,CLEAR,False,35.566,False,KOL-HOW,reduce_speed
193,12.96,flood,True,7,stranded_vehicle,True,4353,21,accelerometer,32.66,CLEAR,True,33.595,False,CHN-BGLR,reduce_speed
155,18.148,fog,True,3,water_logging,True,4200,13,vibration,52.99,OCCUPIED,True,38.886,False,KOL-HOW,reduce_speed
199,18.06,clear,False,7,equipment_failure_ahead,True,3961,9,axle_counter,0.0,CLEAR,False,1.014,True,MUM-PUNE,reduce_speed
139,17.369,fog,False,3,boulder,False,4593,62,vibration,45.24,CLEAR,True,28.136,False,DEL-AGRA,proceed_with_caution
61,5.77,fog,False,4,boulder,False,3961,20,vibration,0.0,CLEAR,True,26.529,True,HYB-SEC,proceed_with_caution
179,17.849,clear,True,2,boulder,False,1563,4,axle_counter,94.96,CLEAR,True,26.451,False,CHN-BGLR,proceed_with_caution
166,15.994,heavy_rain,True,3,environmental_false_positive,True,3419,73,axle_counter,0.0,CLEAR,True,2.365,True,CHN-BGLR,reduce_speed
158,9.413,flood,True,6,broken_rail,True,4217,27,axle_counter,37.04,CLEAR,False,27.209,False,DEL-AGRA,reduce_speed
107,16.215,rain,True,5,landslide_debris,True,1236,96,axle_counter,0.0,CLEAR,True,41.438,False,HYB-SEC,reroute
54,2.438,clear,False,2,signal_cable_theft,False,3113,72,axle_counter,0.0,CLEAR,True,23.16,False,CHN-BGLR,proceed_with_caution
73,5.632,clear,False,2,equipment_failure_ahead,False,3496,29,axle_counter,0.0,CLEAR,True,12.865,True,HYB-SEC,proceed_with_caution
143,2.431,heavy_rain,True,2,broken_rail,True,1287,41,vibration,85.38,CLEAR,True,7.852,False,MUM-PUNE,reduce_speed
177,13.268,clear,False,8,equipment_failure_ahead,True,4309,6,vibration,69.53,CLEAR,False,0.099,False,KOL-HOW,reduce_speed
80,8.379,clear,True,4,fallen_tree,True,3802,80,vibration,28.75,CLEAR,True,34.315,True,DEL-AGRA,proceed_with_caution
97,12.312,rain,False,1,boulder,False,3412,57,accelerometer,83.17,CLEAR,True,8.361,False,CHN-BGLR,proceed_with_caution
94,12.299,rain,True,7,stranded_vehicle,False,1897,4,accelerometer,41.74,OCCUPIED,True,28.383,True,MUM-PUNE,reduce_speed
156,18.909,fog,True,6,boulder,False,350,32,accelerometer,12.3,CLEAR,False,16.382,False,KOL-HOW,reduce_speed
122,18.186,snow,True,5,boulder,True,3698,14,vibration,0.0,CLEAR,False,10.595,False,HYB-SEC,reduce_speed
100,2.92,rain,False,3,broken_rail,False,3501,41,vibration,75.62,CLEAR,False,38.424,False,KOL-HOW,proceed_with_caution
132,12.56,fog,False,3,unknown_obstruction,True,238,19,track_circuit,0.0,CLEAR,True,42.557,False,KOL-HOW,proceed_with_caution
186,19.801,flood,True,9,track_buckling,False,2513,42,axle_counter,21.84,CLEAR,False,49.292,False,HYB-SEC,emergency_stop
151,16.319,fog,False,6,stranded_vehicle,False,1228,85,track_circuit,0.0,OCCUPIED,True,0.036,False,CHN-BGLR,reduce_speed
64,18.004,clear,False,5,landslide_debris,True,2555,11,track_circuit,92.54,OCCUPIED,True,31.835,False,MUM-PUNE,reroute
114,3.209,clear,True,4,broken_rail,False,3327,43,track_circuit,0.0,CLEAR,False,22.424,False,DEL-AGRA,proceed_with_caution
200,15.064,rain,False,2,equipment_failure_ahead,False,325,83,track_circuit,6.21,CLEAR,True,6.957,False,MUM-PUNE,proceed_with_caution
130,7.94,fog,True,5,cattle_crossing,False,4545,1,axle_counter,0.0,OCCUPIED,False,40.493,False,MUM-PUNE,reduce_speed
124,4.93,clear,False,5,fallen_tree,False,4130,60,track_circuit,27.63,OCCUPIED,False,21.594,False,MUM-PUNE,proceed_with_caution
141,13.405,clear,False,6,boulder,True,1638,64,axle_counter,0.0,CLEAR,True,36.211,False,HYB-SEC,reduce_speed
58,7.115,flood,True,5,fallen_tree,False,4793,37,accelerometer,0.0,OCCUPIED,False,24.216,False,KOL-HOW,proceed_with_caution
189,11.117,heavy_rain,True,3,equipment_failure_ahead,True,2834,88,vibration,2.64,CLEAR,True,5.638,False,HYB-SEC,reduce_speed
166,8.91,clear,False,4,fallen_tree,False,266,92,vibration,44.02,CLEAR,True,37.203,False,MUM-PUNE,proceed_with_caution
106,18.528,rain,False,1,unknown_obstruction,False,1057,83,vibration,0.0,CLEAR,False,9.165,False,CHN-BGLR,proceed_with_caution
169,13.364,rain,True,3,water_logging,True,2976,67,accelerometer,0.0,CLEAR,True,40.707,True,KOL-HOW,proceed_with_caution
97,7.297,clear,True,3,stranded_vehicle,False,1454,15,vibration,8.65,CLEAR,True,27.66,False,CHN-BGLR,proceed_with_caution
104,6.473,flood,False,6,water_logging,False,4216,87,track_circuit,91.3,OCCUPIED,True,44.83,False,MUM-PUNE,reduce_speed
168,4.258,clear,False,4,environmental_false_positive,False,1031,55,track_circuit,0.0,CLEAR,True,46.667,False,HYB-SEC,proceed_with_caution
187,5.865,fog,False,5,water_logging,True,1830,50,accelerometer,0.0,CLEAR,True,47.198,False,DEL-AGRA,reroute
196,2.077,rain,False,2,unknown_obstruction,False,3252,66,vibration,56.54,CLEAR,True,41.08,False,DEL-AGRA,proceed_with_caution
126,7.63,clear,False,5,stranded_vehicle,False,1403,49,axle_counter,0.0,CLEAR,True,39.248,False,CHN-BGLR,proceed_with_caution
139,14.794,clear,False,7,track_buckling,False,738,54,vibration,0.0,CLEAR,True,22.011,False,HYB-SEC,reduce_speed
119,10.223,rain,False,8,stranded_vehicle,False,1638,3,track_circuit,46.42,OCCUPIED,False,38.165,False,CHN-BGLR,reduce_speed
120,17.974,clear,False,6,equipment_failure_ahead,False,831,64,axle_counter,0.0,CLEAR,True,18.344,False,MUM-PUNE,reduce_speed
130,9.135,clear,False,6,cattle_crossing,False,466,58,track_circuit,18.68,CLEAR,False,19.09,False,CHN-BGLR,reduce_speed
49,10.312,fog,True,3,boulder,False,3457,65,accelerometer,0.0,CLEAR,False,12.732,False,DEL-AGRA,reduce_speed
91,13.45,clear,True,6,stranded_vehicle,True,3581,66,vibration,0.0,CLEAR,False,19.389,True,DEL-AGRA,reduce_speed
46,18.034,fog,True,4,fallen_tree,False,4527,15,axle_counter,0.0,CLEAR,True,25.298,False,MUM-PUNE,reduce_speed
181,9.557,snow,False,2,water_logging,True,4308,9,accelerometer,73.7,CLEAR,True,25.571,False,CHN-BGLR,proceed_with_caution
126,14.988,fog,True,3,sensor_miscount,False,2744,16,axle_counter,0.0,OCCUPIED,False,20.185,False,DEL-AGRA,reduce_speed
64,4.125,rain,False,7,broken_rail,False,4674,31,track_circuit,0.0,OCCUPIED,False,24.446,False,MUM-PUNE,reduce_speed
108,19.049,rain,True,4,boulder,False,1054,41,accelerometer,75.35,CLEAR,True,19.169,False,CHN-BGLR,proceed_with_caution
129,5.037,clear,False,5,signal_cable_theft,True,1609,36,track_circuit,23.43,CLEAR,True,20.113,False,KOL-HOW,reroute
174,8.82,rain,True,6,stranded_vehicle,False,2592,38,vibration,0.0,CLEAR,False,49.701,False,HYB-SEC,reduce_speed
77,17.886,clear,False,5,broken_rail,False,2299,5,vibration,0.0,CLEAR,True,38.207,False,DEL-AGRA,proceed_with_caution
127,13.866,fog,False,8,unknown_obstruction,False,4478,62,vibration,29.32,CLEAR,True,8.267,False,HYB-SEC,reduce_speed
108,5.272,flood,False,1,water_logging,False,1118,78,accelerometer,42.16,CLEAR,False,47.462,False,CHN-BGLR,proceed_with_caution
105,17.839,fog,True,9,broken_rail,False,3999,58,vibration,0.0,CLEAR,False,49.591,False,MUM-PUNE,emergency_stop
73,10.395,flood,False,2,landslide_debris,True,2265,4,axle_counter,0.0,CLEAR,True,45.975,False,MUM-PUNE,proceed_with_caution
99,1.595,flood,True,4,stranded_vehicle,False,2956,12,vibration,47.49,OCCUPIED,True,23.35,False,KOL-HOW,emergency_stop
170,12.384,heavy_rain,False,5,sensor_miscount,False,820,37,track_circuit,45.81,CLEAR,True,30.607,False,HYB-SEC,proceed_with_caution
102,12.772,flood,True,4,landslide_debris,False,1682,17,accelerometer,67.06,CLEAR,False,27.1,False,HYB-SEC,proceed_with_caution
49,0.418,rain,True,4,equipment_failure_ahead,False,1880,6,vibration,91.59,CLEAR,True,8.42,False,CHN-BGLR,proceed_with_caution
102,4.32,clear,True,5,sensor_miscount,False,3591,6,axle_counter,71.2,OCCUPIED,True,1.514,False,HYB-SEC,proceed_with_caution
167,1.075,fog,False,3,cattle_crossing,False,3273,8,axle_counter,69.48,CLEAR,True,5.677,False,MUM-PUNE,proceed_with_caution
148,15.012,fog,False,6,boulder,False,1626,85,axle_counter,68.4,CLEAR,False,28.819,False,KOL-HOW,reduce_speed
90,17.403,flood,False,1,equipment_failure_ahead,False,358,39,track_circuit,0.0,OCCUPIED,True,48.853,False,MUM-PUNE,proceed_with_caution
107,15.964,clear,False,3,fallen_tree,True,1231,39,track_circuit,29.24,CLEAR,True,44.93,False,CHN-BGLR,proceed_with_caution
167,15.673,clear,False,7,environmental_false_positive,False,2421,93,axle_counter,0.0,CLEAR,False,24.751,False,KOL-HOW,reduce_speed
132,17.868,clear,False,7,landslide_debris,False,4026,87,accelerometer,0.0,CLEAR,True,33.122,False,KOL-HOW,reduce_speed
152,13.982,snow,False,4,sensor_miscount,False,1416,61,track_circuit,27.64,CLEAR,True,46.301,False,CHN-BGLR,proceed_with_caution
99,8.834,rain,True,6,broken_rail,True,3803,15,axle_counter,0.0,OCCUPIED,True,30.253,True,CHN-BGLR,reduce_speed
170,12.739,rain,True,3,broken_rail,False,3482,99,axle_counter,73.66,CLEAR,True,49.521,False,MUM-PUNE,reduce_speed
184,9.94,clear,False,1,equipment_failure_ahead,False,3480,43,vibration,0.0,CLEAR,False,20.731,False,KOL-HOW,proceed_with_caution
114,12.044,heavy_rain,True,3,fallen_tree,False,1166,21,accelerometer,55.29,CLEAR,True,34.252,False,KOL-HOW,reduce_speed
170,10.626,fog,False,4,broken_rail,False,3176,41,axle_counter,0.0,CLEAR,False,14.393,True,HYB-SEC,proceed_with_caution
89,6.92,clear,False,1,boulder,True,3463,50,vibration,75.25,OCCUPIED,True,14.062,False,KOL-HOW,proceed_with_caution
158,4.648,fog,True,5,environmental_false_positive,False,3466,22,axle_counter,80.79,CLEAR,True,10.072,False,HYB-SEC,reduce_speed
60,0.979,flood,True,5,unknown_obstruction,False,3520,34,track_circuit,0.0,CLEAR,False,30.63,False,MUM-PUNE,proceed_with_caution
96,4.915,heavy_rain,True,3,broken_rail,False,4547,65,axle_counter,55.17,CLEAR,False,7.483,False,CHN-BGLR,reduce_speed
156,19.335,flood,True,10,water_logging,True,1173,31,vibration,0.0,CLEAR,False,11.642,False,MUM-PUNE,reduce_speed
51,7.538,heavy_rain,True,8,sensor_miscount,False,1623,26,vibration,17.65,CLEAR,True,7.698,False,CHN-BGLR,reduce_speed
181,1.764,rain,True,5,broken_rail,False,3649,99,accelerometer,0.0,OCCUPIED,True,26.639,True,HYB-SEC,emergency_stop
157,5.295,fog,True,8,sensor_miscount,False,1875,27,track_circuit,36.16,CLEAR,True,7.892,False,CHN-BGLR,reduce_speed
106,3.029,fog,False,6,broken_rail,True,2878,13,vibration,0.0,CLEAR,False,37.715,True,MUM-PUNE,reduce_speed
105,18.888,clear,False,3,broken_rail,False,1680,76,vibration,0.0,OCCUPIED,True,26.17,True,CHN-BGLR,proceed_with_caution
121,16.87,flood,True,6,water_logging,False,77,3,accelerometer,0.0,OCCUPIED,False,32.244,False,KOL-HOW,proceed_with_caution
61,17.425,flood,False,4,equipment_failure_ahead,False,1840,44,accelerometer,0.0,OCCUPIED,False,16.08,False,KOL-HOW,proceed_with_caution
60,9.746,rain,False,5,environmental_false_positive,False,1176,19,axle_counter,14.14,CLEAR,False,36.523,True,KOL-HOW,proceed_with_caution
53,0.21,clear,False,3,equipment_failure_ahead,False,500,60,accelerometer,80.49,OCCUPIED,True,34.69,False,HYB-SEC,emergency_stop
72,5.043,flood,True,5,environmental_false_positive,False,90,14,accelerometer,0.0,CLEAR,False,1.874,False,DEL-AGRA,proceed_with_caution
65,19.019,rain,True,8,water_logging,False,1804,74,axle_counter,86.5,CLEAR,True,21.806,True,MUM-PUNE,reduce_speed
182,19.712,rain,True,7,fallen_tree,False,4694,73,vibration,65.6,CLEAR,True,10.43,True,HYB-SEC,reduce_speed
128,11.745,rain,True,1,unknown_obstruction,False,3576,76,vibration,0.0,OCCUPIED,False,10.433,False,DEL-AGRA,proceed_with_caution
169,5.825,heavy_rain,False,5,boulder,True,1572,3,accelerometer,0.0,OCCUPIED,True,13.77,True,CHN-BGLR,reroute
194,12.05,snow,True,5,track_buckling,False,1931,0,axle_counter,0.0,CLEAR,True,17.959,False,DEL-AGRA,reduce_speed
72,11.419,clear,True,5,stranded_vehicle,False,4485,45,accelerometer,0.0,CLEAR,True,48.067,False,MUM-PUNE,proceed_with_caution
154,7.064,flood,True,2,equipment_failure_ahead,True,4102,82,track_circuit,68.73,CLEAR,True,26.474,True,CHN-BGLR,proceed_with_caution
57,16.674,clear,False,1,environmental_false_positive,False,2239,80,accelerometer,87.16,CLEAR,True,42.003,False,MUM-PUNE,proceed_with_caution
146,12.568,clear,False,5,landslide_debris,False,2959,3,vibration,61.76,CLEAR,True,21.41,False,HYB-SEC,proceed_with_caution
191,13.991,snow,True,2,sensor_miscount,False,2193,28,accelerometer,0.0,OCCUPIED,True,7.62,False,HYB-SEC,reduce_speed
49,11.85,flood,True,5,equipment_failure_ahead,True,593,97,vibration,0.0,CLEAR,True,40.67,False,MUM-PUNE,reroute
79,4.691,rain,True,10,signal_cable_theft,True,1805,100,axle_counter,0.0,CLEAR,True,48.912,False,HYB-SEC,reduce_speed
98,6.174,snow,True,3,track_buckling,False,2174,81,axle_counter,80.31,CLEAR,False,45.367,False,HYB-SEC,emergency_stop
186,0.815,flood,True,4,signal_cable_theft,False,2874,89,axle_counter,54.45,CLEAR,True,44.625,False,KOL-HOW,proceed_with_caution
130,9.081,fog,True,6,broken_rail,False,2252,79,track_circuit,0.0,CLEAR,False,31.73,False,DEL-AGRA,reduce_speed
149,1.853,clear,False,6,stranded_vehicle,True,773,4,track_circuit,86.77,OCCUPIED,True,7.075,False,CHN-BGLR,emergency_stop
125,13.341,rain,True,7,environmental_false_positive,False,4086,63,accelerometer,43.36,CLEAR,True,33.135,False,MUM-PUNE,reduce_speed
71,16.695,snow,True,4,stranded_vehicle,False,2547,78,track_circuit,52.65,CLEAR,True,8.009,False,CHN-BGLR,reduce_speed
60,13.184,rain,False,3,environmental_false_positive,False,1645,9,axle_counter,0.0,OCCUPIED,False,44.835,True,HYB-SEC,proceed_with_caution
123,9.125,clear,False,7,broken_rail,True,1449,29,track_circuit,48.26,CLEAR,True,43.386,False,MUM-PUNE,reduce_speed
178,19.783,heavy_rain,False,4,fallen_tree,True,2583,89,accelerometer,30.44,CLEAR,True,43.263,True,CHN-BGLR,proceed_with_caution
71,14.917,fog,True,4,broken_rail,False,465,49,track_circuit,0.0,OCCUPIED,True,16.44,True,DEL-AGRA,reduce_speed
125,1.559,clear,False,6,stranded_vehicle,True,1069,65,accelerometer,23.69,CLEAR,False,42.245,True,CHN-BGLR,reduce_speed
142,5.038,snow,False,4,water_logging,True,2020,63,vibration,0.0,CLEAR,True,30.651,False,DEL-AGRA,proceed_with_caution
64,7.014,flood,True,3,cattle_crossing,False,4251,34,track_circuit,0.0,CLEAR,True,24.57,True,HYB-SEC,reduce_speed
168,12.847,heavy_rain,False,4,water_logging,True,4784,45,track_circuit,27.98,CLEAR,False,27.132,False,CHN-BGLR,proceed_with_caution
164,3.497,flood,True,6,signal_cable_theft,True,2117,30,track_circuit,38.26,CLEAR,False,35.676,False,DEL-AGRA,reduce_speed
161,18.561,heavy_rain,False,6,cattle_crossing,True,2798,0,axle_counter,0.0,CLEAR,True,17.881,False,HYB-SEC,reduce_speed
176,9.588,heavy_rain,True,1,broken_rail,False,3103,30,axle_counter,80.78,CLEAR,True,24.812,False,HYB-SEC,reduce_speed
98,2.923,clear,False,8,water_logging,False,2142,59,axle_counter,35.66,OCCUPIED,True,37.881,False,KOL-HOW,reduce_speed
133,17.224,clear,False,5,fallen_tree,False,3034,12,axle_counter,67.7,OCCUPIED,True,14.799,False,CHN-BGLR,proceed_with_caution
188,12.443,fog,True,5,landslide_debris,False,744,33,axle_counter,11.45,CLEAR,False,30.401,False,MUM-PUNE,reduce_speed
57,19.469,rain,False,3,water_logging,False,1429,54,track_circuit,0.0,CLEAR,True,32.944,True,HYB-SEC,proceed_with_caution
163,12.184,rain,False,5,sensor_miscount,False,4705,38,vibration,0.0,CLEAR,True,24.129,False,KOL-HOW,proceed_with_caution
158,9.168,clear,False,4,track_buckling,False,4213,86,vibration,0.0,CLEAR,True,20.392,False,CHN-BGLR,proceed_with_caution
45,1.566,clear,True,2,fallen_tree,False,4235,63,vibration,78.6,CLEAR,True,36.855,False,KOL-HOW,proceed_with_caution
129,15.09,snow,True,5,signal_cable_theft,False,1902,79,accelerometer,0.0,CLEAR,True,7.535,False,MUM-PUNE,proceed_with_caution
108,18.639,flood,True,9,water_logging,True,1613,87,vibration,78.98,OCCUPIED,True,39.314,False,HYB-SEC,reduce_speed
83,19.442,snow,True,2,water_logging,False,2638,53,track_circuit,0.0,CLEAR,True,40.041,False,MUM-PUNE,reduce_speed
80,4.193,clear,False,4,track_buckling,True,3430,76,axle_counter,0.0,CLEAR,False,4.936,False,MUM-PUNE,proceed_with_caution
79,8.249,clear,False,2,stranded_vehicle,True,1672,60,track_circuit,0.0,CLEAR,True,30.893,False,CHN-BGLR,proceed_with_caution
53,15.316,heavy_rain,False,6,environmental_false_positive,False,4970,12,axle_counter,17.86,CLEAR,False,35.313,False,KOL-HOW,reduce_speed
55,4.152,clear,False,7,sensor_miscount,False,719,4,vibration,44.44,CLEAR,True,27.41,False,KOL-HOW,reduce_speed
188,14.592,rain,True,7,environmental_false_positive,False,1502,27,vibration,0.0,OCCUPIED,True,0.727,False,HYB-SEC,reduce_speed
65,11.994,heavy_rain,True,5,signal_cable_theft,False,4671,50,axle_counter,0.0,OCCUPIED,False,6.167,False,HYB-SEC,reduce_speed
162,5.457,flood,True,3,environmental_false_positive,True,81,4,axle_counter,28.91,CLEAR,True,45.64,False,CHN-BGLR,proceed_with_caution
160,4.215,flood,True,3,broken_rail,True,4144,99,accelerometer,40.84,CLEAR,False,46.761,False,HYB-SEC,proceed_with_caution
62,1.778,clear,True,2,unknown_obstruction,False,3328,45,track_circuit,30.47,OCCUPIED,True,30.682,False,KOL-HOW,emergency_stop
96,1.563,clear,False,5,boulder,False,1688,87,track_circuit,0.0,CLEAR,True,2.075,False,HYB-SEC,proceed_with_caution
185,7.661,snow,True,3,water_logging,False,2462,26,vibration,0.0,CLEAR,True,38.457,True,DEL-AGRA,reduce_speed
185,8.665,fog,True,6,equipment_failure_ahead,True,4205,13,track_circuit,0.0,CLEAR,False,36.028,False,HYB-SEC,reduce_speed
122,14.903,rain,True,4,landslide_debris,False,126,85,track_circuit,70.4,CLEAR,True,8.077,False,CHN-BGLR,proceed_with_caution
110,1.443,snow,True,7,stranded_vehicle,False,2633,88,vibration,0.0,CLEAR,True,46.409,False,KOL-HOW,reduce_speed
66,9.071,clear,False,4,water_logging,False,4689,89,accelerometer,52.79,OCCUPIED,True,39.674,False,CHN-BGLR,proceed_with_caution
190,1.958,clear,False,2,track_buckling,False,3157,49,track_circuit,0.0,OCCUPIED,True,30.272,False,MUM-PUNE,reduce_speed
48,12.148,heavy_rain,False,4,boulder,False,2616,79,track_circuit,7.48,CLEAR,True,21.993,True,KOL-HOW,proceed_with_caution
198,9.479,clear,False,2,environmental_false_positive,True,3930,44,accelerometer,18.01,CLEAR,True,6.918,False,KOL-HOW,proceed_with_caution
46,3.994,clear,False,4,cattle_crossing,False,3415,34,accelerometer,0.0,CLEAR,False,3.497,True,DEL-AGRA,proceed_with_caution
119,19.738,heavy_rain,False,6,track_buckling,True,3551,25,track_circuit,0.0,CLEAR,False,30.745,False,KOL-HOW,reduce_speed
64,7.116,clear,False,4,unknown_obstruction,False,4074,11,axle_counter,40.09,OCCUPIED,False,16.435,False,KOL-HOW,proceed_with_caution
79,4.251,clear,False,6,stranded_vehicle,False,2639,92,axle_counter,82.39,OCCUPIED,True,35.602,False,CHN-BGLR,reduce_speed
125,10.996,rain,False,3,track_buckling,True,4986,63,track_circuit,97.93,CLEAR,False,14.421,True,DEL-AGRA,proceed_with_caution
123,5.226,clear,False,3,broken_rail,False,129,13,accelerometer,19.68,CLEAR,False,32.537,False,KOL-HOW,proceed_with_caution
133,2.507,clear,False,6,fallen_tree,False,3396,38,axle_counter,0.0,OCCUPIED,True,43.687,False,KOL-HOW,reduce_speed
96,7.75,flood,True,6,equipment_failure_ahead,False,3561,61,vibration,0.0,CLEAR,True,35.463,True,DEL-AGRA,reduce_speed
78,9.764,clear,False,6,unknown_obstruction,False,1114,12,accelerometer,0.12,CLEAR,True,30.151,False,KOL-HOW,reduce_speed
69,17.142,clear,False,4,broken_rail,False,1019,53,track_circuit,79.62,CLEAR,True,34.552,False,CHN-BGLR,proceed_with_caution
85,19.414,clear,False,4,cattle_crossing,True,703,96,track_circuit,56.56,CLEAR,True,18.43,True,MUM-PUNE,proceed_with_caution
160,10.557,rain,True,5,water_logging,False,364,54,track_circuit,0.0,CLEAR,False,24.132,False,DEL-AGRA,proceed_with_caution
165,4.251,clear,False,6,fallen_tree,False,2980,81,vibration,0.0,CLEAR,True,31.306,False,DEL-AGRA,reduce_speed
56,15.788,clear,True,6,track_buckling,True,4731,69,vibration,0.0,OCCUPIED,True,49.594,False,CHN-BGLR,reduce_speed
162,12.032,clear,False,10,cattle_crossing,False,4380,20,axle_counter,39.15,CLEAR,True,19.16,False,CHN-BGLR,emergency_stop
111,15.925,rain,True,5,fallen_tree,True,3310,19,track_circuit,0.0,CLEAR,True,42.218,False,HYB-SEC,reroute
174,14.061,clear,True,3,sensor_miscount,False,525,26,track_circuit,75.92,CLEAR,True,29.251,False,DEL-AGRA,proceed_with_caution
64,14.015,heavy_rain,False,6,fallen_tree,False,183,80,vibration,99.57,OCCUPIED,True,47.974,True,KOL-HOW,proceed_with_caution
88,8.82,snow,False,6,sensor_miscount,False,58,18,vibration,97.65,OCCUPIED,True,39.204,True,CHN-BGLR,proceed_with_caution
149,16.178,flood,True,2,unknown_obstruction,False,2717,14,accelerometer,0.0,CLEAR,True,0.697,False,KOL-HOW,proceed_with_caution
64,0.753,fog,True,8,track_buckling,False,2751,76,vibration,12.22,CLEAR,False,39.804,False,KOL-HOW,reduce_speed
125,9.861,rain,True,7,cattle_crossing,True,2287,91,accelerometer,41.05,OCCUPIED,True,9.503,False,HYB-SEC,reduce_speed
60,17.747,flood,False,6,water_logging,False,2802,87,track_circuit,83.91,CLEAR,False,41.332,True,KOL-HOW,reduce_speed
139,5.0,clear,False,7,cattle_crossing,False,4189,75,track_circuit,9.74,OCCUPIED,True,42.456,False,KOL-HOW,reduce_speed
147,9.904,snow,True,1,broken_rail,True,4605,74,axle_counter,46.32,OCCUPIED,True,34.321,False,DEL-AGRA,reduce_speed
95,16.875,snow,True,4,environmental_false_positive,False,384,44,track_circuit,1.26,CLEAR,False,49.493,False,MUM-PUNE,reduce_speed
69,4.311,clear,False,6,signal_cable_theft,True,766,94,vibration,0.0,CLEAR,True,19.09,False,HYB-SEC,reduce_speed
189,8.254,snow,True,8,equipment_failure_ahead,True,184,11,accelerometer,0.0,CLEAR,True,3.059,True,KOL-HOW,reduce_speed
56,4.29,clear,False,4,cattle_crossing,True,44,49,track_circuit,38.77,CLEAR,True,20.688,False,HYB-SEC,proceed_with_caution
52,18.623,clear,False,2,stranded_vehicle,False,590,65,track_circuit,53.46,CLEAR,True,14.039,False,DEL-AGRA,proceed_with_caution
124,9.969,rain,True,2,fallen_tree,False,3368,25,accelerometer,0.0,CLEAR,False,48.428,False,KOL-HOW,proceed_with_caution
85,17.285,rain,True,6,boulder,False,3207,54,accelerometer,24.28,CLEAR,True,39.688,False,HYB-SEC,reduce_speed
109,14.533,rain,False,6,equipment_failure_ahead,False,3953,5,vibration,0.0,OCCUPIED,False,41.585,False,KOL-HOW,reduce_speed
116,2.017,flood,True,4,cattle_crossing,False,2755,58,track_circuit,0.0,CLEAR,False,0.897,False,DEL-AGRA,proceed_with_caution
190,3.835,fog,True,5,environmental_false_positive,False,1531,52,axle_counter,36.15,CLEAR,True,3.909,True,MUM-PUNE,reduce_speed
200,15.962,flood,True,4,landslide_debris,False,3432,8,accelerometer,0.0,OCCUPIED,False,10.208,False,MUM-PUNE,proceed_with_caution
171,10.804,flood,True,7,boulder,False,37,8,axle_counter,0.0,CLEAR,True,0.368,False,CHN-BGLR,reduce_speed
190,13.228,rain,True,8,landslide_debris,False,3554,42,track_circuit,14.81,CLEAR,True,33.629,False,HYB-SEC,reduce_speed
59,2.86,rain,False,6,sensor_miscount,True,3212,24,accelerometer,0.0,OCCUPIED,False,45.52,False,MUM-PUNE,reduce_speed
113,10.613,rain,True,4,cattle_crossing,False,3406,10,accelerometer,70.05,OCCUPIED,True,23.751,True,CHN-BGLR,proceed_with_caution
191,14.132,heavy_rain,False,7,unknown_obstruction,False,823,45,vibration,70.73,OCCUPIED,True,4.396,False,DEL-AGRA,reduce_speed
86,15.898,clear,False,5,water_logging,True,4378,60,vibration,0.0,CLEAR,True,14.765,False,DEL-AGRA,reroute
182,10.657,flood,False,4,signal_cable_theft,False,3024,3,track_circuit,0.0,OCCUPIED,True,23.065,False,KOL-HOW,proceed_with_caution
88,0.439,clear,True,7,environmental_false_positive,False,2546,27,axle_counter,0.0,OCCUPIED,True,14.648,True,CHN-BGLR,emergency_stop
95,15.908,fog,False,8,track_buckling,True,1341,61,axle_counter,0.0,CLEAR,True,14.836,False,HYB-SEC,reduce_speed
90,16.702,flood,False,8,landslide_debris,False,4874,41,vibration,95.83,CLEAR,True,23.025,False,MUM-PUNE,reduce_speed
189,18.639,flood,True,2,unknown_obstruction,False,4113,35,accelerometer,0.0,CLEAR,True,18.611,True,DEL-AGRA,proceed_with_caution
148,14.582,snow,True,5,cattle_crossing,True,474,92,track_circuit,0.0,CLEAR,False,43.04,False,KOL-HOW,reduce_speed
59,15.303,clear,True,2,cattle_crossing,False,3141,87,axle_counter,4.13,OCCUPIED,False,24.844,False,MUM-PUNE,reduce_speed
183,11.365,rain,False,5,sensor_miscount,False,2634,24,accelerometer,0.0,CLEAR,False,35.12,True,CHN-BGLR,proceed_with_caution
100,3.053,fog,False,5,sensor_miscount,True,1163,29,accelerometer,89.12,OCCUPIED,True,23.793,False,CHN-BGLR,reroute
97,16.615,heavy_rain,True,9,stranded_vehicle,False,1289,53,track_circuit,88.75,CLEAR,False,46.766,False,KOL-HOW,emergency_stop
157,10.983,fog,True,4,boulder,False,4775,22,vibration,0.0,CLEAR,True,6.372,False,HYB-SEC,reduce_speed
133,2.888,clear,False,5,fallen_tree,False,718,70,accelerometer,48.05,CLEAR,False,3.398,False,CHN-BGLR,proceed_with_caution
158,18.815,rain,False,6,environmental_false_positive,False,159,24,track_circuit,52.39,OCCUPIED,False,47.706,True,CHN-BGLR,proceed_with_caution
59,17.498,flood,False,5,signal_cable_theft,False,3598,85,vibration,0.0,OCCUPIED,True,35.145,False,KOL-HOW,proceed_with_caution
148,3.509,flood,False,5,stranded_vehicle,False,2717,11,accelerometer,0.0,CLEAR,True,3.184,False,MUM-PUNE,proceed_with_caution
173,12.833,clear,False,1,unknown_obstruction,False,3533,84,accelerometer,0.0,OCCUPIED,True,41.906,False,DEL-AGRA,proceed_with_caution
134,11.333,snow,False,5,boulder,False,2752,47,axle_counter,18.4,CLEAR,True,49.745,False,KOL-HOW,proceed_with_caution
198,7.226,fog,True,5,equipment_failure_ahead,False,1612,40,track_circuit,0.0,CLEAR,False,8.995,False,CHN-BGLR,reduce_speed
65,10.01,clear,True,2,stranded_vehicle,False,431,4,vibration,44.28,OCCUPIED,True,22.332,False,KOL-HOW,proceed_with_caution
188,3.609,clear,False,2,track_buckling,False,553,70,axle_counter,41.59,CLEAR,True,29.381,False,HYB-SEC,proceed_with_caution
172,4.126,heavy_rain,True,7,water_logging,False,2753,54,axle_counter,0.0,CLEAR,True,12.971,False,HYB-SEC,reduce_speed
183,19.549,rain,False,6,cattle_crossing,False,240,73,vibration,0.0,OCCUPIED,False,7.352,False,KOL-HOW,reduce_speed
173,17.914,flood,False,6,broken_rail,True,2202,34,vibration,0.0,CLEAR,False,34.216,False,DEL-AGRA,reduce_speed
123,11.718,clear,False,7,sensor_miscount,False,665,18,axle_counter,0.0,CLEAR,True,6.924,False,KOL-HOW,reduce_speed
116,0.641,rain,True,2,cattle_crossing,False,1363,29,accelerometer,0.79,CLEAR,True,30.724,False,MUM-PUNE,proceed_with_caution
155,0.532,flood,True,7,broken_rail,False,2360,30,axle_counter,42.62,OCCUPIED,True,13.608,False,DEL-AGRA,emergency_stop
98,2.807,snow,False,5,environmental_false_positive,False,2119,31,accelerometer,71.53,CLEAR,False,27.399,False,DEL-AGRA,proceed_with_caution
116,15.241,flood,False,6,signal_cable_theft,True,2233,26,track_circuit,0.0,CLEAR,False,18.284,False,HYB-SEC,reduce_speed
88,13.786,fog,True,5,stranded_vehicle,True,2712,59,track_circuit,66.3,OCCUPIED,True,41.581,False,MUM-PUNE,reduce_speed
132,6.009,rain,False,5,environmental_false_positive,False,3598,8,track_circuit,0.0,CLEAR,False,49.749,False,CHN-BGLR,proceed_with_caution
78,5.97,fog,True,4,sensor_miscount,False,3526,29,vibration,96.64,CLEAR,True,4.977,True,HYB-SEC,reroute
133,10.068,heavy_rain,True,4,environmental_false_positive,True,3889,44,track_circuit,83.84,CLEAR,True,19.443,True,DEL-AGRA,reduce_speed
157,16.282,heavy_rain,False,5,signal_cable_theft,True,2053,55,accelerometer,93.38,CLEAR,True,18.938,False,KOL-HOW,reroute
74,11.264,fog,True,6,stranded_vehicle,True,1973,44,accelerometer,14.35,OCCUPIED,True,44.485,False,HYB-SEC,reduce_speed
46,0.802,fog,False,3,landslide_debris,False,1085,95,axle_counter,0.0,CLEAR,True,49.294,True,HYB-SEC,proceed_with_caution
143,1.418,clear,False,7,landslide_debris,False,2352,60,axle_counter,26.36,OCCUPIED,False,30.692,True,DEL-AGRA,emergency_stop
56,15.811,clear,False,2,cattle_crossing,False,4127,46,accelerometer,0.0,CLEAR,False,9.843,False,MUM-PUNE,proceed_with_caution
84,13.774,rain,False,4,cattle_crossing,False,1642,16,accelerometer,0.0,OCCUPIED,True,17.474,False,KOL-HOW,proceed_with_caution
154,12.168,fog,True,7,unknown_obstruction,False,2465,48,accelerometer,37.89,OCCUPIED,False,36.602,False,HYB-SEC,reduce_speed
87,14.286,clear,False,1,landslide_debris,False,908,27,accelerometer,26.31,CLEAR,True,4.881,False,MUM-PUNE,proceed_with_caution
91,2.945,clear,False,8,environmental_false_positive,False,1836,28,accelerometer,0.0,CLEAR,True,49.824,False,KOL-HOW,reduce_speed
115,2.372,clear,False,4,signal_cable_theft,False,3590,10,track_circuit,0.0,CLEAR,False,29.923,False,DEL-AGRA,proceed_with_caution
113,9.992,rain,False,6,environmental_false_positive,False,2478,65,track_circuit,0.0,CLEAR,True,33.755,False,MUM-PUNE,reduce_speed
133,12.667,rain,False,1,landslide_debris,False,3045,63,vibration,0.0,OCCUPIED,True,25.448,False,HYB-SEC,proceed_with_caution
58,13.306,clear,False,4,cattle_crossing,False,2628,2,track_circuit,0.0,CLEAR,True,49.399,False,DEL-AGRA,proceed_with_caution
102,3.217,rain,True,4,water_logging,False,548,60,accelerometer,24.96,CLEAR,True,21.112,True,DEL-AGRA,proceed_with_caution
189,9.728,snow,True,5,boulder,False,4384,19,accelerometer,16.5,CLEAR,True,38.729,False,HYB-SEC,reduce_speed
156,13.904,fog,True,5,sensor_miscount,False,97,78,vibration,0.0,CLEAR,False,27.806,False,MUM-PUNE,reduce_speed
168,6.264,fog,True,3,signal_cable_theft,False,193,74,accelerometer,0.0,CLEAR,True,47.888,False,MUM-PUNE,reduce_speed
193,1.889,heavy_rain,False,2,broken_rail,False,3243,69,accelerometer,21.79,CLEAR,False,47.97,False,MUM-PUNE,proceed_with_caution
190,17.817,rain,True,3,equipment_failure_ahead,False,1981,6,track_circuit,19.82,CLEAR,True,35.398,False,KOL-HOW,proceed_with_caution
107,5.079,flood,True,2,landslide_debris,False,2860,29,vibration,0.0,OCCUPIED,False,41.69,False,CHN-BGLR,proceed_with_caution
160,16.913,clear,False,5,equipment_failure_ahead,True,395,63,axle_counter,0.0,OCCUPIED,True,33.107,True,CHN-BGLR,reroute
46,4.518,clear,True,2,broken_rail,False,3587,8,accelerometer,31.09,OCCUPIED,True,23.686,False,HYB-SEC,proceed_with_caution
49,15.848,heavy_rain,True,1,boulder,True,493,87,axle_counter,72.14,OCCUPIED,True,12.763,True,DEL-AGRA,reduce_speed
191,3.233,flood,True,6,unknown_obstruction,False,4763,19,accelerometer,0.0,CLEAR,True,22.414,False,KOL-HOW,reduce_speed
124,8.526,clear,False,2,unknown_obstruction,False,1616,26,accelerometer,94.4,CLEAR,False,46.524,False,HYB-SEC,proceed_with_caution
75,12.065,heavy_rain,False,6,landslide_debris,False,1846,28,axle_counter,84.28,CLEAR,True,23.505,False,HYB-SEC,reduce_speed
79,7.54,flood,True,6,boulder,False,4712,72,axle_counter,72.87,OCCUPIED,True,33.754,False,CHN-BGLR,reduce_speed
161,18.405,rain,False,8,unknown_obstruction,False,4901,57,accelerometer,66.36,CLEAR,False,24.522,False,HYB-SEC,reroute
150,10.49,rain,True,6,equipment_failure_ahead,False,1844,72,axle_counter,27.9,CLEAR,False,35.945,False,HYB-SEC,reduce_speed
159,1.044,snow,True,7,water_logging,True,3308,0,vibration,15.54,OCCUPIED,False,6.765,False,DEL-AGRA,reduce_speed
157,13.609,heavy_rain,True,7,signal_cable_theft,False,133,21,axle_counter,58.84,CLEAR,False,40.848,False,MUM-PUNE,reduce_speed
100,9.963,heavy_rain,False,5,unknown_obstruction,False,570,88,track_circuit,0.0,CLEAR,True,17.29,False,KOL-HOW,proceed_with_caution
170,6.206,clear,False,1,signal_cable_theft,False,2346,69,accelerometer,0.0,OCCUPIED,False,7.918,False,KOL-HOW,proceed_with_caution
110,4.041,rain,True,7,unknown_obstruction,False,2063,13,accelerometer,93.35,OCCUPIED,True,0.542,False,MUM-PUNE,reduce_speed
66,17.808,rain,True,7,water_logging,False,3271,54,accelerometer,0.0,CLEAR,True,5.56,False,KOL-HOW,reduce_speed
198,3.174,heavy_rain,False,5,boulder,False,4992,70,track_circuit,0.0,CLEAR,False,29.131,False,KOL-HOW,reroute
68,9.474,rain,True,8,broken_rail,False,2113,11,vibration,40.77,CLEAR,True,40.328,True,MUM-PUNE,reduce_speed
132,7.284,flood,True,7,equipment_failure_ahead,False,723,44,accelerometer,0.0,CLEAR,True,11.635,False,KOL-HOW,reduce_speed
58,8.929,rain,True,3,track_buckling,False,2607,83,track_circuit,0.0,CLEAR,True,12.982,True,CHN-BGLR,proceed_with_caution
167,9.709,heavy_rain,False,7,fallen_tree,True,2540,43,axle_counter,27.4,CLEAR,True,38.544,True,KOL-HOW,reduce_speed
191,0.346,flood,True,9,unknown_obstruction,False,4275,35,track_circuit,94.75,OCCUPIED,True,30.052,False,CHN-BGLR,emergency_stop
97,2.896,snow,True,1,stranded_vehicle,False,4784,13,axle_counter,42.93,OCCUPIED,True,25.822,False,DEL-AGRA,reduce_speed
192,16.017,heavy_rain,False,4,sensor_miscount,True,3149,27,axle_counter,0.0,CLEAR,False,40.036,True,HYB-SEC,proceed_with_caution
186,8.57,clear,False,7,boulder,False,4986,21,vibration,0.0,CLEAR,False,45.506,False,DEL-AGRA,reduce_speed
181,2.253,flood,True,8,environmental_false_positive,False,2207,46,track_circuit,0.0,CLEAR,True,34.099,False,DEL-AGRA,reduce_speed
69,9.447,snow,False,8,track_buckling,True,2682,72,track_circuit,0.0,CLEAR,True,18.667,False,MUM-PUNE,reduce_speed
162,14.391,heavy_rain,False,9,unknown_obstruction,False,190,98,vibration,0.0,CLEAR,True,39.669,False,DEL-AGRA,emergency_stop
87,10.637,rain,False,3,signal_cable_theft,False,2387,36,accelerometer,0.0,CLEAR,True,29.895,True,HYB-SEC,proceed_with_caution
157,17.563,fog,True,6,fallen_tree,False,1141,32,axle_counter,0.0,CLEAR,False,36.252,False,DEL-AGRA,reduce_speed
120,6.847,clear,True,5,broken_rail,False,4445,35,accelerometer,0.0,CLEAR,True,34.83,False,KOL-HOW,proceed_with_caution
45,6.884,clear,False,6,landslide_debris,False,2645,23,vibration,0.0,CLEAR,True,41.791,False,MUM-PUNE,reduce_speed
192,19.011,rain,True,8,equipment_failure_ahead,False,4955,57,accelerometer,31.81,CLEAR,False,39.209,False,CHN-BGLR,reroute
133,15.834,rain,True,6,track_buckling,True,2473,24,accelerometer,0.0,CLEAR,False,27.397,False,KOL-HOW,reduce_speed
78,8.593,heavy_rain,True,8,equipment_failure_ahead,False,1957,0,vibration,0.0,OCCUPIED,False,27.984,True,MUM-PUNE,reroute
46,11.879,fog,True,3,landslide_debris,False,1069,45,axle_counter,0.0,CLEAR,False,13.687,True,KOL-HOW,reduce_speed
65,4.232,rain,False,5,equipment_failure_ahead,False,4822,74,track_circuit,0.0,CLEAR,False,45.683,True,HYB-SEC,proceed_with_caution
137,16.75,snow,True,7,signal_cable_theft,False,2038,42,vibration,0.0,CLEAR,True,8.91,True,DEL-AGRA,reduce_speed
164,9.472,snow,True,3,equipment_failure_ahead,False,4029,13,vibration,4.92,CLEAR,True,19.061,False,HYB-SEC,reduce_speed
192,3.233,rain,False,5,boulder,False,700,99,axle_counter,14.03,OCCUPIED,False,1.077,False,HYB-SEC,proceed_with_caution
119,11.557,flood,False,2,broken_rail,True,4783,7,axle_counter,40.58,CLEAR,True,17.196,False,DEL-AGRA,proceed_with_caution
199,11.516,clear,False,5,fallen_tree,True,1888,89,axle_counter,98.58,CLEAR,True,31.435,True,KOL-HOW,reroute
92,16.189,flood,False,5,equipment_failure_ahead,False,4883,97,vibration,0.0,OCCUPIED,True,33.575,False,DEL-AGRA,proceed_with_caution
198,16.245,flood,False,6,landslide_debris,True,1555,28,accelerometer,81.48,CLEAR,True,46.672,True,KOL-HOW,reroute
67,7.457,snow,True,6,signal_cable_theft,False,3564,53,axle_counter,0.0,OCCUPIED,True,33.335,False,DEL-AGRA,reduce_speed
122,2.916,clear,False,2,unknown_obstruction,False,4107,79,vibration,0.0,CLEAR,False,19.321,False,KOL-HOW,proceed_with_caution
145,13.084,clear,False,5,stranded_vehicle,True,1795,100,accelerometer,0.0,OCCUPIED,False,34.997,False,DEL-AGRA,reroute
46,17.942,snow,True,3,stranded_vehicle,False,1936,20,accelerometer,34.73,OCCUPIED,True,36.702,True,HYB-SEC,reduce_speed
75,12.835,fog,True,6,water_logging,False,542,57,track_circuit,0.0,CLEAR,True,39.522,False,MUM-PUNE,reduce_speed
110,10.677,heavy_rain,True,1,stranded_vehicle,False,414,67,track_circuit,0.0,CLEAR,True,29.328,False,HYB-SEC,reduce_speed
100,3.764,heavy_rain,False,8,boulder,False,4835,97,axle_counter,38.94,CLEAR,False,41.799,False,DEL-AGRA,reduce_speed
189,16.373,clear,False,6,cattle_crossing,True,4236,14,track_circuit,0.0,CLEAR,True,31.192,False,DEL-AGRA,reduce_speed
199,3.244,flood,False,5,water_logging,True,4096,37,vibration,35.39,OCCUPIED,True,9.411,False,CHN-BGLR,reroute
110,17.688,fog,False,4,broken_rail,False,878,18,accelerometer,0.0,CLEAR,True,39.867,False,CHN-BGLR,proceed_with_caution
106,3.517,fog,True,5,environmental_false_positive,False,197,62,track_circuit,46.42,CLEAR,False,8.64,False,HYB-SEC,reduce_speed
74,3.308,clear,False,5,water_logging,False,4478,3,accelerometer,99.75,CLEAR,True,23.415,False,DEL-AGRA,proceed_with_caution
80,16.09,snow,True,5,cattle_crossing,False,767,23,vibration,25.66,CLEAR,False,22.022,False,KOL-HOW,reduce_speed
110,11.473,rain,False,1,boulder,False,2177,3,track_circuit,33.47,CLEAR,True,8.498,False,KOL-HOW,proceed_with_caution
134,4.923,clear,False,6,equipment_failure_ahead,False,1788,74,track_circuit,45.75,CLEAR,True,17.831,True,KOL-HOW,reduce_speed
106,2.076,clear,False,4,sensor_miscount,False,84,51,vibration,0.0,CLEAR,True,18.438,True,CHN-BGLR,proceed_with_caution
102,6.546,clear,False,6,unknown_obstruction,False,853,72,axle_counter,99.18,CLEAR,False,20.756,False,HYB-SEC,reduce_speed
152,0.024,rain,True,6,broken_rail,True,3423,43,vibration,0.0,CLEAR,False,4.929,False,KOL-HOW,emergency_stop
46,1.645,snow,False,9,signal_cable_theft,True,1666,82,axle_counter,0.0,CLEAR,True,45.877,False,KOL-HOW,reduce_speed
147,9.421,snow,True,7,boulder,False,3059,28,axle_counter,0.0,CLEAR,True,25.354,False,CHN-BGLR,reduce_speed
187,17.636,snow,True,6,equipment_failure_ahead,False,4457,30,axle_counter,0.0,CLEAR,True,35.183,False,CHN-BGLR,reduce_speed
164,15.033,flood,True,3,sensor_miscount,True,396,26,axle_counter,16.1,OCCUPIED,True,39.073,True,DEL-AGRA,proceed_with_caution
66,16.636,clear,False,7,water_logging,False,2163,86,track_circuit,89.77,CLEAR,True,27.307,False,MUM-PUNE,reduce_speed
64,9.383,snow,False,6,stranded_vehicle,True,2810,80,vibration,88.28,OCCUPIED,False,37.76,False,KOL-HOW,reduce_speed
71,2.048,rain,True,3,fallen_tree,False,3014,88,accelerometer,0.0,CLEAR,False,17.039,False,HYB-SEC,proceed_with_caution
46,0.946,clear,True,4,track_buckling,True,3697,11,accelerometer,99.13,CLEAR,True,36.51,False,KOL-HOW,proceed_with_caution
160,12.538,snow,True,2,boulder,False,1334,56,track_circuit,0.0,OCCUPIED,True,23.558,False,MUM-PUNE,reduce_speed
74,14.554,flood,True,8,unknown_obstruction,False,2021,9,track_circuit,0.0,CLEAR,True,13.121,True,KOL-HOW,reduce_speed
124,11.708,flood,False,8,signal_cable_theft,False,2847,11,track_circuit,20.02,CLEAR,True,9.079,False,HYB-SEC,reduce_speed
91,14.756,heavy_rain,True,4,fallen_tree,True,2204,67,track_circuit,49.17,CLEAR,False,21.786,False,CHN-BGLR,reduce_speed
135,19.252,clear,False,5,boulder,True,1943,97,track_circuit,16.62,CLEAR,True,22.679,False,DEL-AGRA,reroute
175,5.307,rain,False,5,boulder,False,1197,20,axle_counter,64.29,CLEAR,True,39.916,False,KOL-HOW,proceed_with_caution
146,15.566,heavy_rain,False,6,stranded_vehicle,False,668,89,vibration,17.71,CLEAR,True,29.321,False,CHN-BGLR,reduce_speed
101,4.06,rain,True,4,signal_cable_theft,True,3313,100,vibration,0.0,OCCUPIED,True,36.668,False,KOL-HOW,proceed_with_caution
82,17.926,flood,False,7,fallen_tree,False,95,52,accelerometer,0.0,CLEAR,True,33.819,False,MUM-PUNE,proceed_with_caution
99,5.107,heavy_rain,True,3,unknown_obstruction,False,1747,72,track_circuit,0.0,OCCUPIED,False,29.11,True,MUM-PUNE,reduce_speed
66,10.202,fog,False,8,unknown_obstruction,False,3634,30,vibration,53.22,CLEAR,True,19.56,True,DEL-AGRA,reduce_speed
79,9.212,clear,False,4,environmental_false_positive,False,594,60,accelerometer,92.6,OCCUPIED,True,11.502,False,DEL-AGRA,proceed_with_caution
137,8.191,rain,False,4,unknown_obstruction,False,2209,75,accelerometer,0.0,CLEAR,True,37.48,False,KOL-HOW,proceed_with_caution
45,1.785,clear,False,3,sensor_miscount,False,4279,82,vibration,0.0,CLEAR,False,47.982,False,MUM-PUNE,proceed_with_caution
104,0.476,heavy_rain,True,3,track_buckling,True,334,21,vibration,87.7,CLEAR,False,29.606,True,CHN-BGLR,reduce_speed
185,3.178,clear,True,6,broken_rail,True,160,85,track_circuit,59.83,CLEAR,True,42.617,False,CHN-BGLR,reduce_speed
198,7.001,fog,True,2,boulder,True,2733,24,track_circuit,11.82,CLEAR,True,9.927,False,CHN-BGLR,reduce_speed
60,8.524,clear,False,8,stranded_vehicle,True,1734,80,track_circuit,0.0,CLEAR,True,36.357,False,KOL-HOW,reduce_speed
171,3.611,snow,False,4,water_logging,False,1343,12,accelerometer,81.05,OCCUPIED,True,0.04,False,HYB-SEC,proceed_with_caution
135,19.34,rain,False,6,landslide_debris,False,1228,71,vibration,0.0,OCCUPIED,True,39.666,False,HYB-SEC,reduce_speed
144,10.109,fog,True,2,cattle_crossing,False,2799,98,axle_counter,53.02,OCCUPIED,False,1.599,True,MUM-PUNE,reduce_speed
110,17.363,rain,False,5,equipment_failure_ahead,False,1923,83,accelerometer,0.0,CLEAR,True,6.965,True,KOL-HOW,proceed_with_caution
120,16.078,fog,True,8,sensor_miscount,False,1867,77,accelerometer,0.0,CLEAR,True,18.472,True,KOL-HOW,reduce_speed
136,17.286,clear,True,7,signal_cable_theft,False,4292,36,track_circuit,30.83,CLEAR,True,0.317,False,HYB-SEC,reduce_speed
134,16.942,snow,True,6,cattle_crossing,False,1325,17,track_circuit,0.0,CLEAR,False,1.694,True,HYB-SEC,reduce_speed
123,13.975,fog,False,6,fallen_tree,True,4776,39,accelerometer,0.0,CLEAR,False,32.724,False,MUM-PUNE,reduce_speed
122,2.772,flood,False,10,broken_rail,False,3751,35,track_circuit,0.0,OCCUPIED,True,20.406,False,CHN-BGLR,emergency_stop
97,13.677,snow,True,4,cattle_crossing,True,940,12,accelerometer,80.51,CLEAR,True,43.945,False,CHN-BGLR,reduce_speed
122,9.814,heavy_rain,True,5,fallen_tree,True,1681,22,vibration,0.0,OCCUPIED,True,32.901,False,HYB-SEC,reduce_speed
113,11.432,fog,False,4,landslide_debris,True,1068,5,track_circuit,64.69,CLEAR,False,4.662,False,CHN-BGLR,proceed_with_caution
195,17.397,clear,True,2,equipment_failure_ahead,False,1534,94,track_circuit,17.28,OCCUPIED,True,13.132,False,DEL-AGRA,proceed_with_caution
172,0.864,clear,True,5,equipment_failure_ahead,False,2215,93,axle_counter,40.97,CLEAR,True,33.843,False,DEL-AGRA,proceed_with_caution
72,12.586,rain,False,6,cattle_crossing,False,4978,80,axle_counter,0.0,CLEAR,True,28.586,True,MUM-PUNE,reduce_speed
178,12.959,fog,False,5,cattle_crossing,False,1982,26,vibration,75.49,CLEAR,True,47.299,False,DEL-AGRA,proceed_with_caution
50,13.764,heavy_rain,False,6,water_logging,False,4885,64,track_circuit,95.64,CLEAR,False,7.682,False,CHN-BGLR,reduce_speed
186,19.391,fog,False,4,stranded_vehicle,True,2412,58,track_circuit,26.4,CLEAR,True,44.784,False,MUM-PUNE,proceed_with_caution
155,0.421,fog,True,7,track_buckling,True,4249,18,track_circuit,0.0,CLEAR,True,29.704,False,CHN-BGLR,reduce_speed
186,2.778,fog,True,4,water_logging,True,1217,19,axle_counter,0.0,CLEAR,True,19.936,True,KOL-HOW,reduce_speed
89,14.338,snow,True,3,track_buckling,True,2132,17,vibration,7.14,OCCUPIED,True,27.81,False,DEL-AGRA,reduce_speed
197,5.421,heavy_rain,False,3,environmental_false_positive,True,1579,16,axle_counter,50.21,CLEAR,False,19.76,False,HYB-SEC,proceed_with_caution
69,15.322,clear,False,3,boulder,True,1867,57,vibration,0.0,CLEAR,True,33.101,False,KOL-HOW,proceed_with_caution
52,14.288,clear,False,10,sensor_miscount,False,4043,33,vibration,0.0,CLEAR,True,43.015,False,MUM-PUNE,emergency_stop
138,12.955,heavy_rain,True,7,broken_rail,False,1831,18,track_circuit,0.0,CLEAR,True,32.406,False,DEL-AGRA,reduce_speed
107,19.099,rain,False,4,equipment_failure_ahead,False,4169,45,accelerometer,0.0,OCCUPIED,False,15.859,False,MUM-PUNE,proceed_with_caution
173,4.237,flood,False,6,landslide_debris,True,4385,92,vibration,0.0,CLEAR,True,14.472,False,CHN-BGLR,reduce_speed
88,9.267,flood,False,5,track_buckling,False,369,59,accelerometer,0.0,OCCUPIED,False,17.659,True,MUM-PUNE,proceed_with_caution
74,17.402,rain,False,8,broken_rail,True,656,60,track_circuit,6.36,CLEAR,True,34.677,False,KOL-HOW,reroute
56,17.798,rain,True,4,stranded_vehicle,True,4964,77,track_circuit,78.55,OCCUPIED,False,24.41,False,HYB-SEC,proceed_with_caution
87,19.542,clear,False,5,track_buckling,True,25,1,axle_counter,0.0,OCCUPIED,True,48.68,False,KOL-HOW,reroute
95,12.341,clear,True,7,fallen_tree,False,90,24,vibration,0.0,OCCUPIED,True,36.783,True,HYB-SEC,proceed_with_caution
114,11.017,fog,True,7,unknown_obstruction,False,4442,63,vibration,56.52,CLEAR,True,32.107,True,CHN-BGLR,reduce_speed
81,18.144,fog,True,7,environmental_false_positive,False,4429,50,axle_counter,0.0,CLEAR,True,1.561,False,CHN-BGLR,reduce_speed
55,15.368,flood,True,7,sensor_miscount,True,4691,96,vibration,54.53,CLEAR,True,34.926,False,CHN-BGLR,reduce_speed
114,16.507,snow,True,2,water_logging,True,876,43,vibration,66.89,OCCUPIED,True,16.712,False,DEL-AGRA,reduce_speed
56,10.509,flood,True,5,track_buckling,False,145,16,axle_counter,64.07,OCCUPIED,False,8.985,False,KOL-HOW,proceed_with_caution
88,9.743,fog,False,9,environmental_false_positive,True,575,15,vibration,0.0,OCCUPIED,True,43.182,False,CHN-BGLR,reduce_speed
194,8.783,snow,True,5,environmental_false_positive,False,2263,52,track_circuit,35.25,OCCUPIED,False,16.568,False,KOL-HOW,reduce_speed
142,15.848,snow,True,6,signal_cable_theft,False,4888,64,accelerometer,9.38,OCCUPIED,True,7.914,True,DEL-AGRA,reduce_speed
94,7.792,rain,True,3,sensor_miscount,True,4464,8,track_circuit,0.0,CLEAR,False,23.544,False,DEL-AGRA,proceed_with_caution
85,14.649,heavy_rain,True,6,boulder,False,3980,86,track_circuit,0.0,CLEAR,True,25.76,False,MUM-PUNE,reduce_speed
166,19.456,clear,True,4,water_logging,True,2877,92,vibration,76.87,OCCUPIED,True,45.682,False,MUM-PUNE,proceed_with_caution
162,18.444,snow,True,4,cattle_crossing,False,4581,49,accelerometer,56.85,CLEAR,True,38.592,True,CHN-BGLR,reduce_speed
87,3.821,flood,True,7,track_buckling,False,4966,26,track_circuit,54.46,CLEAR,True,8.839,False,MUM-PUNE,reduce_speed
148,4.345,flood,False,9,equipment_failure_ahead,False,3002,55,accelerometer,0.0,OCCUPIED,True,8.523,False,DEL-AGRA,emergency_stop
152,2.611,clear,False,5,stranded_vehicle,True,4001,86,axle_counter,0.0,OCCUPIED,True,1.403,False,MUM-PUNE,reroute
59,0.863,fog,True,1,boulder,False,4108,97,track_circuit,15.35,OCCUPIED,True,20.945,False,CHN-BGLR,reduce_speed
69,9.804,clear,False,4,sensor_miscount,False,3905,44,track_circuit,21.31,OCCUPIED,True,47.285,False,DEL-AGRA,proceed_with_caution
197,14.726,fog,True,6,boulder,False,2683,8,axle_counter,0.29,OCCUPIED,False,17.514,False,KOL-HOW,reduce_speed
55,7.464,heavy_rain,True,4,environmental_false_positive,False,4777,27,vibration,0.0,CLEAR,True,43.228,False,HYB-SEC,reduce_speed
131,9.452,clear,False,6,landslide_debris,True,1441,43,axle_counter,0.0,CLEAR,False,9.233,False,KOL-HOW,reduce_speed
190,16.183,clear,False,6,fallen_tree,False,3720,73,vibration,54.59,CLEAR,True,48.339,True,HYB-SEC,reduce_speed
178,3.825,fog,True,5,boulder,False,4462,0,accelerometer,42.62,OCCUPIED,True,14.947,False,HYB-SEC,reduce_speed
162,4.172,flood,False,3,unknown_obstruction,True,3206,35,track_circuit,0.0,CLEAR,True,17.792,False,MUM-PUNE,proceed_with_caution
137,7.647,flood,True,7,unknown_obstruction,False,4600,38,track_circuit,98.09,CLEAR,False,26.887,False,CHN-BGLR,proceed_with_caution
196,4.682,clear,False,2,environmental_false_positive,False,2468,65,accelerometer,0.0,OCCUPIED,False,17.506,False,DEL-AGRA,proceed_with_caution
112,4.577,fog,False,2,water_logging,False,668,56,axle_counter,0.0,OCCUPIED,True,33.667,False,CHN-BGLR,proceed_with_caution
109,8.937,fog,True,4,equipment_failure_ahead,True,2760,6,accelerometer,36.02,CLEAR,True,44.386,False,CHN-BGLR,reduce_speed
65,8.517,flood,True,6,sensor_miscount,False,649,13,accelerometer,28.58,OCCUPIED,True,9.035,False,CHN-BGLR,reduce_speed
120,6.361,snow,True,5,environmental_false_positive,False,3260,5,vibration,0.0,CLEAR,False,43.091,False,MUM-PUNE,reduce_speed
138,6.164,snow,False,2,water_logging,False,1241,60,accelerometer,0.0,OCCUPIED,True,47.202,False,CHN-BGLR,proceed_with_caution
189,10.755,snow,True,7,track_buckling,False,4825,19,track_circuit,4.51,CLEAR,True,5.097,False,KOL-HOW,reduce_speed
55,7.995,flood,False,6,sensor_miscount,False,1326,30,accelerometer,0.0,CLEAR,True,40.102,False,DEL-AGRA,reduce_speed
84,7.153,clear,True,4,sensor_miscount,False,4119,80,axle_counter,74.53,CLEAR,True,12.934,False,DEL-AGRA,reduce_speed
182,18.656,clear,True,1,track_buckling,False,3280,52,track_circuit,0.0,CLEAR,True,20.302,False,HYB-SEC,proceed_with_caution
62,7.83,heavy_rain,False,8,unknown_obstruction,False,3401,44,track_circuit,14.77,OCCUPIED,True,3.121,True,MUM-PUNE,reduce_speed
137,19.133,heavy_rain,True,5,sensor_miscount,False,1290,61,track_circuit,95.9,OCCUPIED,False,45.402,False,KOL-HOW,reduce_speed
93,4.252,snow,True,7,landslide_debris,False,3896,87,track_circuit,11.56,OCCUPIED,False,15.425,True,MUM-PUNE,reduce_speed
141,5.307,heavy_rain,True,6,landslide_debris,False,1666,12,axle_counter,0.0,CLEAR,True,34.129,False,CHN-BGLR,reduce_speed
170,5.734,clear,False,7,environmental_false_positive,True,2864,13,vibration,10.64,CLEAR,False,34.736,False,HYB-SEC,reduce_speed
93,12.191,flood,True,7,fallen_tree,False,1080,56,accelerometer,3.21,CLEAR,False,38.908,False,KOL-HOW,reduce_speed
49,1.361,rain,True,6,equipment_failure_ahead,False,673,33,vibration,0.0,OCCUPIED,True,18.266,False,DEL-AGRA,emergency_stop
114,11.385,rain,True,4,sensor_miscount,False,2108,46,track_circuit,0.0,OCCUPIED,True,6.841,False,MUM-PUNE,proceed_with_caution
45,12.632,fog,True,7,environmental_false_positive,False,2369,16,track_circuit,0.0,OCCUPIED,True,14.315,False,HYB-SEC,reduce_speed
55,17.958,clear,False,5,water_logging,True,2853,86,vibration,70.76,OCCUPIED,True,30.867,False,KOL-HOW,reroute
69,9.2,clear,True,9,cattle_crossing,False,4929,93,axle_counter,62.01,OCCUPIED,False,23.281,True,CHN-BGLR,emergency_stop
171,2.834,heavy_rain,True,6,equipment_failure_ahead,False,1549,71,vibration,8.26,CLEAR,True,23.232,True,KOL-HOW,reduce_speed
159,7.815,fog,True,3,track_buckling,False,1757,69,axle_counter,46.0,CLEAR,True,34.838,False,MUM-PUNE,reduce_speed
153,17.441,rain,True,5,broken_rail,True,1131,29,track_circuit,7.13,CLEAR,True,46.372,False,MUM-PUNE,reroute
128,14.793,snow,False,2,water_logging,False,515,27,accelerometer,0.0,OCCUPIED,True,46.56,False,KOL-HOW,proceed_with_caution
56,11.678,clear,True,6,equipment_failure_ahead,True,2092,5,accelerometer,0.0,OCCUPIED,False,43.857,False,KOL-HOW,reduce_speed
128,10.428,rain,True,3,track_buckling,False,3613,49,vibration,46.76,CLEAR,False,44.305,False,MUM-PUNE,proceed_with_caution
132,0.461,rain,False,3,water_logging,True,3350,56,vibration,0.0,OCCUPIED,False,8.654,False,DEL-AGRA,emergency_stop
89,3.818,flood,False,9,sensor_miscount,False,630,88,vibration,0.0,OCCUPIED,False,33.227,False,CHN-BGLR,emergency_stop
90,5.069,clear,True,3,cattle_crossing,False,1756,48,axle_counter,0.0,OCCUPIED,True,17.561,False,CHN-BGLR,proceed_with_caution
168,19.656,clear,False,3,equipment_failure_ahead,False,3568,40,vibration,50.93,OCCUPIED,True,17.81,False,CHN-BGLR,proceed_with_caution
195,19.753,flood,True,6,signal_cable_theft,False,1804,81,track_circuit,64.03,OCCUPIED,False,49.973,False,KOL-HOW,reduce_speed
124,12.751,fog,True,5,unknown_obstruction,True,4369,59,accelerometer,0.0,CLEAR,True,19.791,True,KOL-HOW,reduce_speed
69,0.867,rain,False,7,environmental_false_positive,False,4617,66,accelerometer,79.52,OCCUPIED,True,27.74,False,DEL-AGRA,emergency_stop
157,16.677,fog,True,8,boulder,False,3406,64,axle_counter,64.17,OCCUPIED,True,43.659,True,CHN-BGLR,reduce_speed
62,15.561,fog,True,7,broken_rail,False,96,43,vibration,0.0,OCCUPIED,False,39.362,False,DEL-AGRA,reduce_speed
159,1.671,flood,False,6,environmental_false_positive,True,4078,90,track_circuit,3.22,OCCUPIED,True,47.505,False,MUM-PUNE,emergency_stop
54,16.138,clear,True,4,sensor_miscount,False,513,41,accelerometer,0.0,OCCUPIED,False,22.143,False,DEL-AGRA,proceed_with_caution
116,16.809,fog,True,7,boulder,False,4310,88,accelerometer,76.19,OCCUPIED,True,28.318,False,MUM-PUNE,reduce_speed
122,18.441,fog,True,3,signal_cable_theft,True,789,19,vibration,29.23,CLEAR,False,29.009,True,DEL-AGRA,reduce_speed
50,18.648,fog,True,1,cattle_crossing,True,3965,14,accelerometer,69.18,CLEAR,True,5.532,True,KOL-HOW,reduce_speed
117,11.056,flood,True,5,track_buckling,False,3619,97,vibration,72.94,CLEAR,True,16.463,False,MUM-PUNE,proceed_with_caution
168,19.589,rain,False,2,signal_cable_theft,False,3479,96,accelerometer,0.0,CLEAR,True,9.597,False,KOL-HOW,proceed_with_caution
76,14.243,clear,False,5,broken_rail,True,1187,8,track_circuit,0.0,CLEAR,True,13.834,True,CHN-BGLR,reroute
177,5.124,fog,True,7,water_logging,False,1527,29,accelerometer,98.35,CLEAR,True,42.662,True,KOL-HOW,reduce_speed
175,16.784,rain,False,6,fallen_tree,True,2733,99,axle_counter,0.0,OCCUPIED,True,46.705,False,CHN-BGLR,reduce_speed
103,10.356,clear,False,2,broken_rail,False,2791,67,accelerometer,87.98,OCCUPIED,True,9.121,True,MUM-PUNE,proceed_with_caution
53,14.679,flood,True,3,environmental_false_positive,False,1098,6,axle_counter,22.61,CLEAR,True,18.647,False,MUM-PUNE,proceed_with_caution
58,2.505,clear,False,6,fallen_tree,False,3310,48,accelerometer,0.0,CLEAR,True,18.763,False,KOL-HOW,reduce_speed
167,10.84,heavy_rain,False,7,boulder,False,2546,37,vibration,0.0,CLEAR,True,24.9,True,KOL-HOW,reduce_speed
84,10.832,flood,True,6,signal_cable_theft,False,901,50,accelerometer,0.0,OCCUPIED,True,25.607,True,DEL-AGRA,reduce_speed
73,7.582,clear,True,6,broken_rail,False,2928,86,vibration,0.0,CLEAR,True,33.773,False,CHN-BGLR,reduce_speed
171,7.935,clear,True,3,cattle_crossing,False,2250,76,track_circuit,0.0,CLEAR,True,12.414,False,CHN-BGLR,proceed_with_caution
101,6.04,heavy_rain,False,5,water_logging,True,4367,19,axle_counter,0.0,OCCUPIED,True,49.391,False,DEL-AGRA,reroute
149,19.609,rain,False,6,cattle_crossing,True,2247,72,axle_counter,23.01,CLEAR,True,24.288,False,CHN-BGLR,reduce_speed
97,10.185,fog,True,6,sensor_miscount,True,2355,82,axle_counter,0.0,OCCUPIED,True,32.892,False,HYB-SEC,reduce_speed
65,14.036,clear,False,5,broken_rail,False,2169,99,accelerometer,52.42,OCCUPIED,False,9.97,True,DEL-AGRA,proceed_with_caution
148,12.343,flood,True,2,signal_cable_theft,False,3236,96,accelerometer,0.0,CLEAR,False,34.326,False,KOL-HOW,proceed_with_caution
163,5.363,heavy_rain,False,4,stranded_vehicle,True,539,74,vibration,71.78,CLEAR,True,6.108,False,MUM-PUNE,proceed_with_caution
81,17.88,rain,True,4,boulder,False,1373,67,vibration,0.0,CLEAR,True,5.764,False,KOL-HOW,proceed_with_caution
67,11.131,clear,False,1,stranded_vehicle,False,4780,22,vibration,0.0,OCCUPIED,False,27.104,False,HYB-SEC,proceed_with_caution
162,18.022,snow,True,7,boulder,False,440,65,track_circuit,0.79,CLEAR,False,13.428,False,MUM-PUNE,reduce_speed
159,11.975,rain,False,4,environmental_false_positive,True,3183,34,axle_counter,0.0,CLEAR,True,42.426,False,HYB-SEC,proceed_with_caution
65,10.754,rain,False,4,equipment_failure_ahead,False,2323,9,axle_counter,0.0,CLEAR,True,17.508,False,MUM-PUNE,proceed_with_caution
145,2.924,clear,True,4,cattle_crossing,True,1728,48,track_circuit,11.09,CLEAR,True,5.132,False,MUM-PUNE,proceed_with_caution
172,14.656,heavy_rain,False,5,landslide_debris,False,441,72,accelerometer,0.0,CLEAR,True,13.977,False,HYB-SEC,proceed_with_caution
148,14.449,fog,True,7,signal_cable_theft,False,3398,58,accelerometer,52.67,CLEAR,True,30.905,False,MUM-PUNE,reduce_speed
145,18.643,clear,False,5,fallen_tree,True,186,31,accelerometer,98.43,OCCUPIED,False,39.691,False,MUM-PUNE,reroute
93,17.3,snow,True,5,signal_cable_theft,True,1800,57,track_circuit,46.73,CLEAR,False,1.067,False,CHN-BGLR,reduce_speed
55,5.027,fog,True,4,cattle_crossing,False,3203,28,accelerometer,0.0,CLEAR,False,27.594,False,MUM-PUNE,reduce_speed
80,17.691,clear,True,2,stranded_vehicle,False,1509,12,track_circuit,0.0,OCCUPIED,True,26.856,False,MUM-PUNE,proceed_with_caution
68,3.489,clear,True,7,unknown_obstruction,False,1793,94,accelerometer,62.98,CLEAR,True,30.017,False,HYB-SEC,reduce_speed
51,1.359,clear,True,1,stranded_vehicle,False,3895,34,track_circuit,66.21,CLEAR,False,23.625,False,DEL-AGRA,proceed_with_caution
102,12.08,clear,False,3,cattle_crossing,False,2567,79,axle_counter,0.0,OCCUPIED,True,4.378,False,DEL-AGRA,proceed_with_caution
108,11.242,clear,False,8,unknown_obstruction,False,1637,89,accelerometer,0.0,CLEAR,True,3.827,False,KOL-HOW,reduce_speed
126,10.719,rain,True,6,landslide_debris,False,4944,36,axle_counter,0.0,CLEAR,True,37.124,False,HYB-SEC,reduce_speed
132,14.277,flood,True,6,environmental_false_positive,False,353,8,track_circuit,0.0,OCCUPIED,True,11.484,False,MUM-PUNE,reduce_speed
172,6.0,flood,False,5,equipment_failure_ahead,True,2541,34,track_circuit,0.0,CLEAR,False,12.519,False,CHN-BGLR,reroute
121,1.842,clear,False,4,stranded_vehicle,False,4101,5,axle_counter,0.0,CLEAR,True,4.08,False,KOL-HOW,proceed_with_caution
68,0.212,clear,False,6,broken_rail,False,1443,30,vibration,0.0,CLEAR,False,49.154,False,KOL-HOW,emergency_stop
144,4.067,heavy_rain,True,4,track_buckling,False,4600,37,vibration,89.57,OCCUPIED,True,21.596,False,HYB-SEC,reduce_speed
165,18.525,clear,False,5,track_buckling,False,3426,16,track_circuit,30.14,CLEAR,False,31.42,True,DEL-AGRA,proceed_with_caution
61,0.939,flood,True,6,track_buckling,False,4862,81,axle_counter,21.16,CLEAR,True,20.679,True,KOL-HOW,emergency_stop
83,17.845,rain,False,5,landslide_debris,False,3422,3,vibration,0.0,CLEAR,True,15.028,False,KOL-HOW,proceed_with_caution
48,18.287,clear,True,1,stranded_vehicle,False,189,67,accelerometer,55.89,CLEAR,True,11.218,True,HYB-SEC,proceed_with_caution
104,4.615,clear,True,5,landslide_debris,False,615,7,axle_counter,48.03,CLEAR,True,41.269,False,MUM-PUNE,proceed_with_caution
51,8.733,snow,True,6,unknown_obstruction,False,3041,60,track_circuit,0.0,CLEAR,False,42.645,False,CHN-BGLR,reduce_speed
116,4.397,clear,False,6,boulder,False,4130,73,axle_counter,84.06,CLEAR,True,14.318,False,KOL-HOW,reduce_speed
104,1.129,clear,False,3,landslide_debris,False,2786,70,track_circuit,50.09,CLEAR,False,11.81,True,CHN-BGLR,proceed_with_caution
182,13.271,clear,False,6,sensor_miscount,True,526,72,vibration,77.36,OCCUPIED,True,3.361,False,HYB-SEC,reduce_speed
142,14.822,fog,False,4,equipment_failure_ahead,False,495,20,axle_counter,0.0,CLEAR,True,14.855,False,HYB-SEC,proceed_with_caution
197,7.391,clear,True,3,equipment_failure_ahead,False,3255,41,track_circuit,54.61,OCCUPIED,True,12.751,True,MUM-PUNE,proceed_with_caution
55,14.579,fog,True,5,fallen_tree,True,55,57,accelerometer,78.82,CLEAR,True,1.559,False,MUM-PUNE,reduce_speed
157,16.103,snow,True,6,sensor_miscount,False,1444,12,vibration,0.0,OCCUPIED,False,43.185,False,DEL-AGRA,reduce_speed
184,7.513,rain,False,8,track_buckling,True,198,82,track_circuit,3.29,CLEAR,True,35.437,False,DEL-AGRA,reduce_speed
56,3.701,rain,True,8,stranded_vehicle,True,4356,75,accelerometer,37.2,OCCUPIED,True,13.059,True,MUM-PUNE,reduce_speed
54,14.151,fog,True,5,track_buckling,True,2480,74,axle_counter,87.16,CLEAR,False,47.002,False,KOL-HOW,reduce_speed
92,9.698,fog,False,6,unknown_obstruction,False,1244,0,vibration,0.0,OCCUPIED,False,37.04,False,KOL-HOW,reduce_speed
93,14.736,snow,True,4,stranded_vehicle,False,4558,14,vibration,0.0,CLEAR,True,14.636,False,CHN-BGLR,reduce_speed
112,12.613,clear,True,6,fallen_tree,False,424,69,track_circuit,0.0,CLEAR,True,5.808,False,CHN-BGLR,reduce_speed
164,10.752,flood,True,2,cattle_crossing,False,2077,64,vibration,73.95,CLEAR,True,10.664,False,CHN-BGLR,proceed_with_caution
50,15.856,flood,True,3,track_buckling,False,4378,71,track_circuit,0.0,CLEAR,True,4.262,False,HYB-SEC,proceed_with_caution
170,4.515,snow,False,3,broken_rail,True,3129,28,vibration,0.0,CLEAR,True,25.988,False,HYB-SEC,proceed_with_caution
87,3.988,clear,True,3,track_buckling,False,2567,78,vibration,0.0,CLEAR,True,1.421,False,KOL-HOW,proceed_with_caution
112,7.334,heavy_rain,False,3,unknown_obstruction,False,998,3,track_circuit,50.44,OCCUPIED,False,40.888,False,DEL-AGRA,proceed_with_caution
178,14.208,fog,True,5,equipment_failure_ahead,False,4746,5,vibration,65.67,OCCUPIED,True,47.24,False,DEL-AGRA,reduce_speed
81,5.924,snow,True,3,boulder,False,3361,12,axle_counter,21.66,CLEAR,False,12.362,True,KOL-HOW,reduce_speed
145,3.82,snow,False,2,stranded_vehicle,True,2905,59,accelerometer,0.0,OCCUPIED,False,28.228,True,MUM-PUNE,proceed_with_caution
137,2.732,rain,False,6,environmental_false_positive,True,4871,0,axle_counter,76.75,CLEAR,True,13.758,False,HYB-SEC,reduce_speed
140,0.356,heavy_rain,True,3,fallen_tree,False,1898,53,vibration,0.0,CLEAR,False,24.773,True,KOL-HOW,reduce_speed
60,12.977,clear,True,9,signal_cable_theft,True,179,32,axle_counter,77.15,CLEAR,True,2.485,False,KOL-HOW,reroute
167,5.284,rain,True,3,cattle_crossing,False,2678,18,track_circuit,0.0,CLEAR,True,41.656,False,KOL-HOW,proceed_with_caution
194,4.071,heavy_rain,False,6,unknown_obstruction,False,3904,76,axle_counter,36.38,OCCUPIED,True,5.26,False,MUM-PUNE,reduce_speed
150,9.091,rain,True,5,sensor_miscount,False,1304,52,accelerometer,0.0,CLEAR,True,20.619,False,MUM-PUNE,proceed_with_caution
162,12.985,clear,False,9,sensor_miscount,True,558,38,vibration,0.0,CLEAR,True,11.279,False,CHN-BGLR,reduce_speed
161,11.964,rain,False,3,cattle_crossing,True,2248,31,accelerometer,0.0,OCCUPIED,True,1.931,False,HYB-SEC,proceed_with_caution
100,12.791,clear,False,5,boulder,False,4029,96,axle_counter,66.43,OCCUPIED,True,9.255,True,CHN-BGLR,proceed_with_caution
143,2.839,snow,False,7,signal_cable_theft,False,1811,42,track_circuit,92.87,OCCUPIED,False,31.872,False,KOL-HOW,reduce_speed
178,6.864,flood,False,1,stranded_vehicle,False,2148,58,axle_counter,58.54,OCCUPIED,False,32.548,False,CHN-BGLR,proceed_with_caution
55,10.892,flood,True,7,sensor_miscount,False,3149,29,accelerometer,73.24,CLEAR,True,31.175,False,KOL-HOW,reduce_speed
47,0.369,clear,False,4,landslide_debris,True,4588,35,track_circuit,0.0,OCCUPIED,True,4.886,False,MUM-PUNE,emergency_stop
46,16.211,fog,False,5,landslide_debris,False,3969,82,accelerometer,0.0,CLEAR,False,20.71,False,MUM-PUNE,proceed_with_caution
188,0.523,clear,True,9,environmental_false_positive,False,3187,55,track_circuit,97.24,CLEAR,True,41.379,False,CHN-BGLR,emergency_stop
148,7.097,clear,False,2,fallen_tree,False,4351,25,axle_counter,0.0,CLEAR,False,36.503,False,HYB-SEC,proceed_with_caution
146,17.802,clear,True,5,stranded_vehicle,False,3002,57,accelerometer,97.55,CLEAR,True,15.755,False,KOL-HOW,proceed_with_caution
161,0.517,fog,False,4,broken_rail,True,1102,55,vibration,84.81,CLEAR,False,29.36,False,HYB-SEC,proceed_with_caution
73,10.02,flood,False,2,cattle_crossing,False,366,62,axle_counter,0.0,OCCUPIED,True,46.233,False,HYB-SEC,proceed_with_caution
56,1.048,rain,True,1,fallen_tree,False,3533,39,axle_counter,0.0,CLEAR,True,9.034,True,KOL-HOW,proceed_with_caution
131,13.092,flood,True,6,boulder,True,199,21,vibration,0.0,CLEAR,True,44.201,False,CHN-BGLR,reduce_speed
129,13.891,rain,True,7,water_logging,False,4601,28,accelerometer,30.32,CLEAR,True,43.752,False,HYB-SEC,reduce_speed
139,13.529,snow,True,2,unknown_obstruction,False,1579,91,track_circuit,0.0,OCCUPIED,True,14.97,False,HYB-SEC,reduce_speed
180,11.55,rain,True,1,environmental_false_positive,False,184,53,track_circuit,0.0,CLEAR,False,3.573,False,HYB-SEC,proceed_with_caution
71,4.471,clear,False,5,sensor_miscount,True,3163,90,accelerometer,0.0,CLEAR,True,32.223,False,CHN-BGLR,reroute
93,19.233,clear,False,5,boulder,False,4163,88,vibration,21.23,OCCUPIED,False,28.875,False,DEL-AGRA,proceed_with_caution
163,14.639,fog,False,3,signal_cable_theft,True,260,32,track_circuit,0.0,CLEAR,False,38.738,False,HYB-SEC,proceed_with_caution
76,15.703,fog,False,7,fallen_tree,False,124,4,accelerometer,36.43,CLEAR,False,9.499,False,HYB-SEC,proceed_with_caution
103,5.967,clear,True,2,stranded_vehicle,False,2325,50,accelerometer,31.48,CLEAR,False,4.229,False,DEL-AGRA,proceed_with_caution
161,18.584,rain,False,3,fallen_tree,True,4771,58,axle_counter,25.27,OCCUPIED,False,49.534,False,DEL-AGRA,proceed_with_caution
97,14.156,fog,True,4,cattle_crossing,False,2229,15,accelerometer,0.0,CLEAR,True,41.824,False,KOL-HOW,reduce_speed
91,7.678,clear,False,1,environmental_false_positive,False,2630,7,axle_counter,0.0,CLEAR,True,3.777,False,CHN-BGLR,emergency_stop
55,4.332,rain,False,5,landslide_debris,False,2457,24,track_circuit,41.02,CLEAR,True,6.175,False,DEL-AGRA,proceed_with_caution
82,10.739,fog,True,5,broken_rail,False,1992,15,accelerometer,0.0,CLEAR,True,25.655,True,KOL-HOW,reduce_speed
152,15.563,rain,True,4,unknown_obstruction,True,4350,7,accelerometer,60.62,OCCUPIED,False,7.897,True,DEL-AGRA,proceed_with_caution
129,4.241,heavy_rain,True,2,cattle_crossing,False,3876,91,vibration,0.0,CLEAR,True,49.869,False,HYB-SEC,reduce_speed
178,1.342,heavy_rain,True,7,signal_cable_theft,False,2668,80,axle_counter,25.35,CLEAR,False,14.5,False,HYB-SEC,reduce_speed
177,17.713,clear,False,7,environmental_false_positive,False,369,49,track_circuit,30.59,CLEAR,True,30.303,False,HYB-SEC,reduce_speed
122,15.349,heavy_rain,False,4,track_buckling,False,4759,96,track_circuit,57.11,CLEAR,True,33.978,True,HYB-SEC,proceed_with_caution
92,18.295,heavy_rain,False,5,broken_rail,True,4377,64,track_circuit,0.0,CLEAR,True,10.339,False,CHN-BGLR,reroute
189,9.864,rain,True,3,stranded_vehicle,True,1191,89,accelerometer,0.0,OCCUPIED,True,11.018,False,KOL-HOW,proceed_with_caution
111,15.41,heavy_rain,False,6,stranded_vehicle,False,3470,22,accelerometer,0.0,CLEAR,True,5.604,False,KOL-HOW,reduce_speed
176,15.052,clear,True,6,equipment_failure_ahead,False,609,2,track_circuit,0.0,OCCUPIED,True,12.34,False,HYB-SEC,reduce_speed
48,18.808,rain,False,4,boulder,False,3235,1,accelerometer,19.03,CLEAR,True,12.167,True,KOL-HOW,reroute
71,3.164,flood,True,4,cattle_crossing,False,1691,83,vibration,0.0,CLEAR,True,1.632,True,DEL-AGRA,proceed_with_caution
85,10.578,clear,False,7,cattle_crossing,False,2838,49,vibration,0.0,CLEAR,True,49.931,True,KOL-HOW,reduce_speed
174,16.782,clear,True,8,sensor_miscount,False,23,88,accelerometer,0.0,CLEAR,True,5.651,False,DEL-AGRA,proceed_with_caution
166,13.949,fog,True,6,stranded_vehicle,False,3791,68,axle_counter,8.92,CLEAR,True,1.441,False,MUM-PUNE,reduce_speed
95,12.485,snow,False,5,environmental_false_positive,False,3678,86,accelerometer,0.0,CLEAR,True,43.247,False,MUM-PUNE,proceed_with_caution
108,4.61,fog,True,1,cattle_crossing,True,3310,87,vibration,40.42,CLEAR,False,7.476,False,KOL-HOW,reroute
149,12.353,fog,False,3,boulder,False,3528,94,track_circuit,0.0,CLEAR,True,37.599,True,KOL-HOW,proceed_with_caution
126,17.294,clear,True,6,stranded_vehicle,False,399,38,vibration,0.0,CLEAR,True,34.646,False,CHN-BGLR,reduce_speed
146,1.096,clear,False,3,unknown_obstruction,True,1322,39,accelerometer,89.98,OCCUPIED,True,45.864,False,MUM-PUNE,emergency_stop
168,15.133,clear,True,4,cattle_crossing,False,4951,100,axle_counter,49.3,OCCUPIED,True,38.593,True,KOL-HOW,proceed_with_caution
63,3.523,heavy_rain,True,5,cattle_crossing,False,878,17,axle_counter,0.0,CLEAR,False,29.161,False,HYB-SEC,reduce_speed
198,16.877,heavy_rain,False,7,signal_cable_theft,True,2562,88,track_circuit,0.0,CLEAR,True,20.084,True,DEL-AGRA,reduce_speed
153,9.444,clear,False,3,equipment_failure_ahead,False,3227,64,vibration,0.0,CLEAR,True,23.007,False,CHN-BGLR,proceed_with_caution
94,12.579,rain,False,7,signal_cable_theft,False,2606,8,axle_counter,2.56,CLEAR,False,25.116,False,HYB-SEC,reduce_speed
163,15.325,snow,True,5,sensor_miscount,False,1144,2,axle_counter,0.0,CLEAR,True,1.516,False,MUM-PUNE,reduce_speed
165,10.801,clear,False,4,track_buckling,False,2695,37,axle_counter,0.0,CLEAR,False,15.571,False,HYB-SEC,proceed_with_caution
186,7.08,clear,False,4,stranded_vehicle,False,403,43,track_circuit,5.72,OCCUPIED,False,47.43,False,CHN-BGLR,proceed_with_caution
187,10.27,clear,False,5,environmental_false_positive,True,4754,81,track_circuit,0.0,CLEAR,False,41.327,True,DEL-AGRA,reroute
144,8.048,heavy_rain,False,1,signal_cable_theft,False,1500,67,track_circuit,25.73,OCCUPIED,False,43.014,False,DEL-AGRA,proceed_with_caution
73,19.094,rain,False,8,stranded_vehicle,False,4535,89,axle_counter,0.0,OCCUPIED,True,12.065,False,CHN-BGLR,reduce_speed
123,5.698,fog,True,5,stranded_vehicle,True,1916,37,axle_counter,43.02,CLEAR,False,40.614,False,CHN-BGLR,reduce_speed
72,15.349,snow,False,4,environmental_false_positive,True,3361,0,accelerometer,0.0,CLEAR,True,42.466,False,DEL-AGRA,proceed_with_caution
142,17.065,heavy_rain,False,4,environmental_false_positive,False,149,57,vibration,0.0,CLEAR,True,36.535,False,CHN-BGLR,proceed_with_caution
195,17.953,clear,False,7,sensor_miscount,False,3065,100,axle_counter,10.57,OCCUPIED,True,15.715,False,HYB-SEC,reduce_speed
186,8.474,clear,True,4,fallen_tree,False,194,85,accelerometer,88.27,CLEAR,True,23.313,False,KOL-HOW,proceed_with_caution
161,3.94,snow,False,4,cattle_crossing,False,4745,76,accelerometer,0.0,CLEAR,True,9.405,True,MUM-PUNE,proceed_with_caution
148,4.312,snow,False,4,environmental_false_positive,False,2337,99,accelerometer,20.61,CLEAR,True,34.717,False,CHN-BGLR,proceed_with_caution
72,10.664,snow,False,6,broken_rail,False,1869,34,track_circuit,0.0,OCCUPIED,True,31.941,False,KOL-HOW,reduce_speed
125,8.383,snow,True,7,stranded_vehicle,True,418,19,track_circuit,0.0,OCCUPIED,False,43.311,False,CHN-BGLR,reduce_speed
167,3.251,rain,False,7,signal_cable_theft,False,1967,27,axle_counter,0.0,CLEAR,True,24.606,True,CHN-BGLR,reduce_speed
94,8.408,clear,False,2,track_buckling,False,376,55,accelerometer,55.63,CLEAR,True,49.559,False,HYB-SEC,proceed_with_caution
164,16.115,rain,True,3,signal_cable_theft,True,4818,95,vibration,68.58,CLEAR,False,13.784,True,DEL-AGRA,proceed_with_caution
145,6.945,clear,True,4,fallen_tree,True,2142,41,vibration,46.94,CLEAR,False,30.928,True,MUM-PUNE,proceed_with_caution
49,15.385,flood,False,4,environmental_false_positive,False,3928,82,accelerometer,0.0,CLEAR,True,2.81,False,DEL-AGRA,proceed_with_caution
81,0.026,clear,False,6,signal_cable_theft,False,1427,8,accelerometer,2.74,CLEAR,False,32.101,True,HYB-SEC,emergency_stop
144,2.833,rain,True,5,boulder,True,343,33,accelerometer,0.0,OCCUPIED,True,18.24,False,DEL-AGRA,reroute
69,8.127,fog,True,5,environmental_false_positive,True,1850,54,accelerometer,0.0,OCCUPIED,True,49.04,False,HYB-SEC,reduce_speed
52,2.787,clear,True,1,unknown_obstruction,False,4686,48,axle_counter,60.23,CLEAR,True,14.733,False,KOL-HOW,proceed_with_caution
187,2.909,snow,False,4,unknown_obstruction,False,2488,26,vibration,0.0,CLEAR,True,18.448,False,CHN-BGLR,proceed_with_caution
146,3.717,flood,True,9,fallen_tree,False,1489,79,vibration,0.99,OCCUPIED,True,38.202,True,DEL-AGRA,emergency_stop
173,14.128,snow,False,5,cattle_crossing,False,287,88,vibration,0.0,CLEAR,False,26.758,False,DEL-AGRA,proceed_with_caution
175,1.75,clear,False,5,track_buckling,False,685,76,axle_counter,0.0,OCCUPIED,True,47.942,False,DEL-AGRA,emergency_stop
103,2.221,clear,False,5,cattle_crossing,False,3377,62,axle_counter,0.0,CLEAR,True,16.767,True,MUM-PUNE,proceed_with_caution
76,1.092,heavy_rain,False,5,equipment_failure_ahead,False,4961,80,axle_counter,15.96,CLEAR,True,13.567,False,KOL-HOW,emergency_stop
66,17.041,rain,True,3,track_buckling,True,4850,62,accelerometer,70.1,OCCUPIED,True,27.587,False,HYB-SEC,proceed_with_caution
131,13.773,snow,True,3,equipment_failure_ahead,True,946,90,accelerometer,17.05,CLEAR,True,17.204,False,DEL-AGRA,reduce_speed
150,2.277,clear,False,8,landslide_debris,False,919,25,vibration,22.4,CLEAR,True,49.134,True,DEL-AGRA,reduce_speed
136,9.286,fog,False,5,sensor_miscount,False,4765,23,vibration,47.82,OCCUPIED,False,23.974,False,HYB-SEC,proceed_with_caution
112,14.168,clear,False,8,sensor_miscount,False,599,8,accelerometer,0.0,CLEAR,True,2.56,False,DEL-AGRA,reduce_speed
166,3.618,clear,False,3,unknown_obstruction,True,320,100,axle_counter,0.0,CLEAR,True,27.48,False,DEL-AGRA,proceed_with_caution
193,1.733,flood,False,6,sensor_miscount,True,2100,8,vibration,0.0,OCCUPIED,True,35.34,False,MUM-PUNE,emergency_stop
104,1.593,rain,True,3,signal_cable_theft,False,1481,67,accelerometer,0.0,CLEAR,False,37.41,False,MUM-PUNE,proceed_with_caution
174,17.931,fog,False,1,unknown_obstruction,False,3769,78,accelerometer,28.17,OCCUPIED,False,30.316,False,KOL-HOW,proceed_with_caution
195,12.355,clear,True,8,water_logging,False,567,28,track_circuit,86.16,CLEAR,True,26.858,False,DEL-AGRA,reduce_speed
116,18.909,rain,False,3,stranded_vehicle,True,3065,91,vibration,0.0,CLEAR,True,7.612,False,CHN-BGLR,proceed_with_caution
178,13.288,clear,True,4,boulder,False,4887,55,vibration,67.42,CLEAR,True,22.428,True,KOL-HOW,proceed_with_caution
172,6.612,snow,False,6,signal_cable_theft,True,3695,55,axle_counter,0.0,CLEAR,True,40.387,False,DEL-AGRA,reduce_speed
75,15.862,fog,True,9,signal_cable_theft,False,3944,32,vibration,0.0,CLEAR,True,4.443,False,KOL-HOW,emergency_stop
118,12.318,clear,False,1,landslide_debris,False,2288,43,track_circuit,59.93,CLEAR,True,9.04,False,CHN-BGLR,proceed_with_caution
48,2.292,rain,False,7,stranded_vehicle,True,2632,20,vibration,85.83,CLEAR,True,19.136,False,KOL-HOW,reduce_speed
95,13.751,rain,True,5,water_logging,True,4380,83,axle_counter,16.19,OCCUPIED,True,30.123,False,KOL-HOW,reroute
74,4.714,flood,True,8,cattle_crossing,False,3063,34,axle_counter,0.0,CLEAR,True,17.537,True,HYB-SEC,reduce_speed
94,13.139,heavy_rain,True,7,broken_rail,False,448,39,axle_counter,92.4,OCCUPIED,True,27.438,False,CHN-BGLR,reduce_speed
153,6.327,fog,True,4,unknown_obstruction,True,4917,20,vibration,0.0,OCCUPIED,True,46.776,False,KOL-HOW,reduce_speed
123,0.009,flood,True,8,sensor_miscount,False,1234,43,axle_counter,0.0,CLEAR,True,43.417,False,DEL-AGRA,emergency_stop
183,9.787,fog,True,3,signal_cable_theft,False,149,21,track_circuit,69.48,OCCUPIED,True,17.072,False,MUM-PUNE,reduce_speed
76,8.16,heavy_rain,True,5,cattle_crossing,True,895,31,accelerometer,0.0,CLEAR,True,47.288,True,KOL-HOW,reduce_speed
124,0.928,clear,False,8,fallen_tree,False,1939,15,vibration,58.72,CLEAR,True,8.25,False,KOL-HOW,emergency_stop
102,16.43,flood,True,5,environmental_false_positive,True,1515,28,vibration,0.0,CLEAR,True,6.692,False,DEL-AGRA,reroute
181,11.479,clear,True,7,water_logging,True,1280,58,track_circuit,61.04,OCCUPIED,True,13.262,False,HYB-SEC,reduce_speed
130,7.54,clear,True,8,landslide_debris,False,3767,73,accelerometer,40.4,OCCUPIED,True,39.555,False,KOL-HOW,reduce_speed
127,5.174,clear,False,9,broken_rail,True,1809,1,track_circuit,0.0,CLEAR,True,33.381,False,MUM-PUNE,reduce_speed
90,7.319,flood,False,7,boulder,False,4321,80,track_circuit,0.0,OCCUPIED,True,6.803,False,DEL-AGRA,reduce_speed
71,10.708,fog,False,4,stranded_vehicle,False,3418,53,axle_counter,45.06,CLEAR,True,34.514,False,CHN-BGLR,proceed_with_caution
139,1.621,flood,True,9,water_logging,False,2162,54,axle_counter,12.6,CLEAR,False,19.35,True,CHN-BGLR,emergency_stop
192,0.029,flood,False,8,environmental_false_positive,True,893,77,axle_counter,0.0,CLEAR,True,27.203,False,HYB-SEC,emergency_stop
59,6.217,clear,False,6,cattle_crossing,False,73,70,vibration,38.66,CLEAR,True,42.932,False,HYB-SEC,proceed_with_caution
137,7.371,flood,False,7,track_buckling,True,151,5,track_circuit,75.48,CLEAR,True,44.116,True,DEL-AGRA,reduce_speed
87,11.872,rain,False,3,boulder,True,904,58,axle_counter,0.0,CLEAR,True,8.703,True,MUM-PUNE,proceed_with_caution
66,13.464,snow,True,4,broken_rail,False,3898,27,vibration,0.0,OCCUPIED,True,1.974,False,MUM-PUNE,reduce_speed
99,7.804,clear,True,5,stranded_vehicle,False,4220,75,vibration,20.89,OCCUPIED,True,26.676,False,KOL-HOW,proceed_with_caution
191,6.811,fog,True,2,stranded_vehicle,True,452,36,axle_counter,0.0,OCCUPIED,True,49.236,False,HYB-SEC,reduce_speed
154,17.022,fog,False,8,stranded_vehicle,False,1273,46,track_circuit,56.78,CLEAR,True,24.844,False,HYB-SEC,reduce_speed
136,19.143,clear,False,1,cattle_crossing,True,2793,66,vibration,33.23,CLEAR,True,35.325,False,HYB-SEC,proceed_with_caution
56,16.926,clear,False,5,unknown_obstruction,False,514,77,vibration,94.72,CLEAR,False,2.71,True,HYB-SEC,proceed_with_caution
52,3.645,rain,True,4,broken_rail,False,1029,35,axle_counter,88.54,CLEAR,True,21.391,False,HYB-SEC,proceed_with_caution
71,2.464,clear,True,4,sensor_miscount,False,2366,49,track_circuit,0.0,OCCUPIED,True,10.648,False,CHN-BGLR,proceed_with_caution
95,6.198,flood,True,4,landslide_debris,False,2657,63,accelerometer,0.0,CLEAR,True,14.789,False,MUM-PUNE,proceed_with_caution
198,19.75,clear,False,3,unknown_obstruction,True,619,91,track_circuit,0.0,CLEAR,False,10.845,False,MUM-PUNE,proceed_with_caution
185,0.522,flood,True,5,broken_rail,False,4589,76,track_circuit,85.89,CLEAR,False,45.852,False,CHN-BGLR,proceed_with_caution
175,13.216,flood,True,3,fallen_tree,False,3561,41,track_circuit,0.0,CLEAR,True,33.192,False,KOL-HOW,proceed_with_caution
113,1.089,clear,False,10,fallen_tree,True,4242,76,vibration,0.0,CLEAR,True,29.627,False,CHN-BGLR,reduce_speed
177,0.254,rain,False,4,fallen_tree,False,3030,66,vibration,0.0,OCCUPIED,True,9.125,False,MUM-PUNE,reroute
142,13.128,heavy_rain,False,7,landslide_debris,False,4033,29,vibration,32.33,CLEAR,True,4.758,False,CHN-BGLR,reduce_speed
68,6.017,flood,True,5,stranded_vehicle,False,3384,63,accelerometer,0.0,OCCUPIED,True,34.954,True,HYB-SEC,proceed_with_caution
90,12.885,fog,True,4,boulder,True,2644,84,accelerometer,25.87,OCCUPIED,True,18.594,False,MUM-PUNE,reduce_speed
194,18.697,rain,True,7,broken_rail,True,2943,52,vibration,0.0,CLEAR,False,9.575,False,HYB-SEC,reduce_speed
51,15.199,heavy_rain,False,1,landslide_debris,True,1459,2,track_circuit,80.36,CLEAR,False,19.456,False,MUM-PUNE,proceed_with_caution
165,10.881,heavy_rain,True,2,track_buckling,False,2554,64,vibration,17.46,OCCUPIED,True,39.466,False,MUM-PUNE,reduce_speed
110,1.099,fog,False,4,broken_rail,False,4624,85,track_circuit,20.26,CLEAR,True,20.877,False,HYB-SEC,proceed_with_caution
190,11.985,heavy_rain,True,3,fallen_tree,False,1049,57,vibration,8.66,CLEAR,False,0.159,False,MUM-PUNE,reduce_speed
178,9.532,clear,True,8,track_buckling,False,1402,75,vibration,74.95,CLEAR,True,31.349,False,KOL-HOW,reduce_speed
144,17.579,flood,False,4,stranded_vehicle,False,4673,55,vibration,0.0,CLEAR,True,47.448,False,MUM-PUNE,proceed_with_caution
180,1.866,flood,False,6,signal_cable_theft,False,1353,25,accelerometer,79.78,CLEAR,True,27.633,True,MUM-PUNE,reduce_speed
63,4.928,rain,True,6,track_buckling,False,2176,73,vibration,0.0,CLEAR,True,27.293,True,DEL-AGRA,reduce_speed
85,5.564,fog,True,5,landslide_debris,False,2406,10,vibration,0.0,CLEAR,True,13.785,False,KOL-HOW,reduce_speed
76,19.976,snow,True,8,equipment_failure_ahead,False,51,8,accelerometer,33.87,OCCUPIED,True,18.443,False,KOL-HOW,reduce_speed
145,18.634,clear,False,7,water_logging,False,771,56,axle_counter,78.31,CLEAR,True,10.834,True,DEL-AGRA,reduce_speed
168,18.223,clear,True,9,environmental_false_positive,True,2336,42,axle_counter,94.63,OCCUPIED,True,19.222,False,DEL-AGRA,reduce_speed
130,5.362,clear,True,5,unknown_obstruction,True,121,85,vibration,0.0,OCCUPIED,False,38.047,False,DEL-AGRA,reroute
163,11.821,heavy_rain,False,5,unknown_obstruction,False,663,28,track_circuit,10.53,CLEAR,False,46.161,False,DEL-AGRA,proceed_with_caution
194,18.611,flood,True,7,boulder,False,2635,55,accelerometer,4.91,CLEAR,False,27.341,False,CHN-BGLR,reduce_speed
187,19.872,clear,False,3,signal_cable_theft,False,2458,7,track_circuit,86.99,OCCUPIED,True,34.977,False,DEL-AGRA,proceed_with_caution
187,6.799,snow,True,5,boulder,True,4025,68,accelerometer,0.0,CLEAR,True,34.884,False,CHN-BGLR,reduce_speed
162,13.177,rain,False,4,water_logging,True,1161,24,track_circuit,0.0,OCCUPIED,True,9.218,False,MUM-PUNE,proceed_with_caution
142,11.756,snow,True,2,fallen_tree,False,2903,59,track_circuit,4.54,CLEAR,True,3.286,True,KOL-HOW,reduce_speed
89,4.424,flood,False,7,signal_cable_theft,False,1559,5,axle_counter,53.73,OCCUPIED,True,41.221,False,HYB-SEC,reduce_speed
92,14.75,fog,True,8,track_buckling,True,4661,100,vibration,20.3,CLEAR,False,36.213,False,KOL-HOW,reduce_speed
78,8.788,fog,True,9,cattle_crossing,False,3029,35,track_circuit,36.38,CLEAR,True,22.841,False,CHN-BGLR,emergency_stop
60,18.964,rain,False,5,landslide_debris,False,4603,17,vibration,51.63,OCCUPIED,True,47.157,False,CHN-BGLR,proceed_with_caution
159,14.403,clear,False,8,boulder,False,1748,57,track_circuit,3.57,CLEAR,True,36.462,False,HYB-SEC,reduce_speed
193,8.854,flood,False,7,landslide_debris,False,3617,60,track_circuit,86.16,CLEAR,False,15.008,True,KOL-HOW,reduce_speed
77,12.413,clear,True,3,landslide_debris,False,3319,60,vibration,0.0,CLEAR,False,17.034,False,KOL-HOW,proceed_with_caution
195,10.299,clear,True,7,boulder,False,506,30,vibration,18.81,CLEAR,False,39.121,False,DEL-AGRA,reduce_speed
123,6.905,fog,False,7,track_buckling,False,2943,87,accelerometer,0.0,CLEAR,True,25.313,False,KOL-HOW,reduce_speed
184,17.601,rain,True,3,signal_cable_theft,False,2090,21,vibration,0.83,CLEAR,True,46.583,False,CHN-BGLR,proceed_with_caution
184,10.897,rain,False,8,cattle_crossing,False,705,19,vibration,0.0,CLEAR,True,40.524,True,KOL-HOW,reduce_speed
186,2.102,flood,False,2,cattle_crossing,True,839,2,accelerometer,0.0,CLEAR,True,18.832,False,MUM-PUNE,proceed_with_caution
142,3.898,clear,False,2,landslide_debris,False,1081,35,vibration,21.44,OCCUPIED,False,0.211,False,CHN-BGLR,proceed_with_caution
118,2.961,fog,True,4,boulder,False,4036,22,vibration,79.13,OCCUPIED,True,24.604,False,HYB-SEC,reduce_speed
54,8.682,heavy_rain,True,4,track_buckling,True,3638,36,vibration,73.15,CLEAR,True,33.35,False,MUM-PUNE,reduce_speed
63,5.085,clear,False,2,landslide_debris,False,4583,98,track_circuit,86.35,CLEAR,False,29.877,False,DEL-AGRA,proceed_with_caution
101,16.975,clear,True,5,unknown_obstruction,True,2180,18,vibration,48.95,CLEAR,True,33.399,True,MUM-PUNE,reroute
69,8.423,rain,False,1,landslide_debris,True,4114,90,vibration,82.24,CLEAR,True,14.042,False,KOL-HOW,proceed_with_caution
146,4.364,rain,True,7,landslide_debris,False,1152,93,track_circuit,0.0,CLEAR,False,17.835,False,CHN-BGLR,reduce_speed
125,17.893,heavy_rain,True,5,cattle_crossing,False,4073,48,accelerometer,93.55,OCCUPIED,False,10.987,False,DEL-AGRA,reduce_speed
116,18.191,heavy_rain,True,4,track_buckling,True,3477,89,vibration,0.0,OCCUPIED,False,14.185,False,MUM-PUNE,reduce_speed
48,0.326,rain,True,3,sensor_miscount,True,442,42,track_circuit,0.0,CLEAR,True,14.641,False,KOL-HOW,proceed_with_caution
103,9.625,clear,False,6,sensor_miscount,False,307,41,accelerometer,0.0,OCCUPIED,True,27.146,False,DEL-AGRA,reduce_speed
60,13.157,heavy_rain,False,10,stranded_vehicle,False,3060,14,axle_counter,91.08,CLEAR,False,30.381,False,MUM-PUNE,emergency_stop
188,6.652,clear,False,8,equipment_failure_ahead,True,802,46,vibration,91.04,CLEAR,False,37.028,False,MUM-PUNE,reduce_speed
157,2.224,clear,False,4,equipment_failure_ahead,True,387,15,track_circuit,10.92,OCCUPIED,True,27.397,False,MUM-PUNE,proceed_with_caution
96,7.938,clear,False,4,unknown_obstruction,False,1002,60,axle_counter,82.32,CLEAR,True,42.959,False,DEL-AGRA,proceed_with_caution
120,17.95,flood,True,5,track_buckling,False,978,63,axle_counter,0.0,CLEAR,True,41.634,False,KOL-HOW,proceed_with_caution
128,12.541,clear,False,8,fallen_tree,True,888,19,track_circuit,0.0,OCCUPIED,False,9.233,True,CHN-BGLR,reduce_speed
199,2.225,rain,True,6,cattle_crossing,False,651,42,axle_counter,59.25,CLEAR,True,3.844,False,CHN-BGLR,reduce_speed
47,6.864,fog,False,4,signal_cable_theft,True,3710,47,axle_counter,61.91,OCCUPIED,True,14.811,True,MUM-PUNE,proceed_with_caution
105,4.222,clear,False,8,sensor_miscount,True,3639,44,track_circuit,0.0,CLEAR,True,18.376,True,KOL-HOW,reduce_speed
174,8.516,fog,False,8,equipment_failure_ahead,False,1164,25,vibration,76.73,CLEAR,False,0.227,False,DEL-AGRA,reduce_speed
168,17.315,heavy_rain,True,8,environmental_false_positive,False,3175,31,accelerometer,42.61,CLEAR,False,10.686,False,CHN-BGLR,reduce_speed
146,4.941,fog,True,5,stranded_vehicle,False,976,85,track_circuit,18.16,CLEAR,False,30.395,False,MUM-PUNE,reduce_speed
111,3.224,clear,False,3,unknown_obstruction,False,4373,65,track_circuit,76.85,CLEAR,True,40.394,True,DEL-AGRA,proceed_with_caution
117,6.101,fog,True,1,stranded_vehicle,False,1694,30,vibration,0.0,CLEAR,True,7.763,False,KOL-HOW,reduce_speed
128,15.492,clear,False,5,fallen_tree,False,2039,75,axle_counter,66.64,CLEAR,True,43.609,True,MUM-PUNE,proceed_with_caution
80,11.705,clear,False,6,signal_cable_theft,False,3866,35,vibration,79.03,CLEAR,True,40.283,False,DEL-AGRA,reduce_speed
183,8.228,snow,False,4,sensor_miscount,True,4904,76,vibration,0.0,OCCUPIED,True,32.037,False,KOL-HOW,proceed_with_caution
78,9.212,flood,True,6,water_logging,False,1006,79,vibration,0.0,CLEAR,True,22.271,True,DEL-AGRA,reduce_speed
117,17.257,heavy_rain,True,7,equipment_failure_ahead,True,25,71,axle_counter,0.0,CLEAR,False,5.513,False,KOL-HOW,reduce_speed
177,5.169,heavy_rain,True,6,broken_rail,False,4163,3,vibration,0.0,OCCUPIED,False,43.352,False,KOL-HOW,reduce_speed
167,18.053,clear,False,6,stranded_vehicle,False,3075,54,axle_counter,0.0,OCCUPIED,True,38.836,True,CHN-BGLR,reduce_speed
161,15.273,clear,False,3,landslide_debris,False,4184,23,track_circuit,0.0,CLEAR,False,48.923,False,HYB-SEC,proceed_with_caution
158,19.73,clear,False,4,sensor_miscount,False,3553,81,axle_counter,70.21,CLEAR,True,18.109,False,MUM-PUNE,proceed_with_caution
197,1.268,snow,False,9,sensor_miscount,False,4248,40,vibration,0.0,CLEAR,True,24.13,True,KOL-HOW,emergency_stop
117,7.103,snow,False,8,stranded_vehicle,True,321,41,vibration,72.87,OCCUPIED,False,43.416,False,MUM-PUNE,reduce_speed
189,8.043,fog,True,6,environmental_false_positive,False,1940,58,track_circuit,84.38,OCCUPIED,True,2.558,False,CHN-BGLR,reduce_speed
135,19.327,flood,True,7,equipment_failure_ahead,False,1096,76,vibration,0.0,CLEAR,True,3.528,False,CHN-BGLR,reduce_speed
114,15.918,snow,False,3,stranded_vehicle,False,427,30,track_circuit,21.26,CLEAR,False,21.373,False,MUM-PUNE,proceed_with_caution
74,13.617,heavy_rain,True,5,landslide_debris,False,556,68,accelerometer,33.2,CLEAR,True,31.935,False,DEL-AGRA,reduce_speed
151,1.159,rain,True,4,landslide_debris,False,4604,71,axle_counter,80.42,CLEAR,True,4.437,True,HYB-SEC,proceed_with_caution
189,8.898,fog,True,7,landslide_debris,False,417,54,vibration,94.86,CLEAR,False,23.637,False,MUM-PUNE,reduce_speed
118,19.363,clear,True,4,water_logging,False,1504,33,track_circuit,79.11,CLEAR,True,9.225,True,HYB-SEC,proceed_with_caution
52,17.876,clear,False,8,sensor_miscount,False,921,9,accelerometer,63.76,CLEAR,False,6.169,False,MUM-PUNE,proceed_with_caution
97,5.258,flood,False,2,signal_cable_theft,False,248,87,accelerometer,0.0,CLEAR,False,19.171,False,DEL-AGRA,proceed_with_caution
60,7.681,heavy_rain,True,2,water_logging,False,500,91,accelerometer,28.98,CLEAR,True,8.9,False,DEL-AGRA,reduce_speed
120,14.503,fog,True,6,stranded_vehicle,True,4238,72,axle_counter,0.0,CLEAR,False,43.21,False,KOL-HOW,reduce_speed
84,5.806,rain,False,2,stranded_vehicle,True,4533,13,axle_counter,0.0,OCCUPIED,True,26.976,False,MUM-PUNE,proceed_with_caution
149,15.757,heavy_rain,True,5,unknown_obstruction,False,2208,41,accelerometer,51.07,CLEAR,False,42.604,False,HYB-SEC,reduce_speed
195,8.579,heavy_rain,True,3,environmental_false_positive,True,2081,32,vibration,0.0,CLEAR,True,15.447,False,HYB-SEC,reduce_speed
60,14.703,heavy_rain,True,6,landslide_debris,False,3895,14,vibration,65.56,OCCUPIED,True,49.943,False,HYB-SEC,reduce_speed
64,10.153,snow,True,7,boulder,True,605,100,track_circuit,0.0,CLEAR,True,5.541,False,DEL-AGRA,reduce_speed
115,13.96,fog,True,4,fallen_tree,False,1108,44,accelerometer,0.0,OCCUPIED,False,3.215,False,KOL-HOW,reduce_speed
46,11.365,flood,True,6,equipment_failure_ahead,True,2906,96,axle_counter,7.09,CLEAR,True,21.682,False,DEL-AGRA,reduce_speed
176,10.843,clear,False,9,broken_rail,False,2454,95,track_circuit,30.83,OCCUPIED,True,8.938,False,CHN-BGLR,emergency_stop
93,1.564,flood,False,5,water_logging,True,4585,9,track_circuit,72.11,CLEAR,True,43.084,False,DEL-AGRA,reroute
55,4.737,flood,False,5,boulder,True,1402,40,axle_counter,78.25,OCCUPIED,True,10.421,False,KOL-HOW,reroute
62,12.515,flood,True,1,landslide_debris,False,3545,60,axle_counter,22.73,OCCUPIED,False,46.814,False,DEL-AGRA,proceed_with_caution
81,1.925,flood,False,6,broken_rail,False,273,41,vibration,89.2,OCCUPIED,True,7.205,False,CHN-BGLR,emergency_stop
149,9.57,rain,True,7,stranded_vehicle,False,3140,3,accelerometer,0.0,CLEAR,True,47.643,False,MUM-PUNE,reduce_speed
161,2.335,clear,True,5,unknown_obstruction,False,3580,23,accelerometer,67.21,CLEAR,False,9.066,False,MUM-PUNE,proceed_with_caution
112,3.403,snow,True,6,stranded_vehicle,True,34,80,accelerometer,99.74,OCCUPIED,False,30.422,False,MUM-PUNE,reduce_speed
103,3.772,clear,True,4,track_buckling,True,4966,41,axle_counter,29.96,CLEAR,False,37.404,False,CHN-BGLR,proceed_with_caution
124,13.7,clear,False,6,boulder,False,1777,11,accelerometer,72.48,OCCUPIED,True,4.761,True,DEL-AGRA,reduce_speed
49,5.145,rain,False,5,equipment_failure_ahead,True,1096,95,track_circuit,42.57,CLEAR,False,37.856,True,HYB-SEC,reroute
46,15.053,rain,False,6,boulder,False,437,64,track_circuit,0.0,CLEAR,False,23.869,False,HYB-SEC,proceed_with_caution
163,2.918,rain,True,6,equipment_failure_ahead,False,3217,56,axle_counter,27.89,OCCUPIED,True,48.028,False,DEL-AGRA,reduce_speed
54,0.896,rain,True,5,equipment_failure_ahead,True,562,91,vibration,68.98,CLEAR,False,39.386,False,DEL-AGRA,reroute
199,19.1,clear,False,5,broken_rail,True,3442,60,track_circuit,66.59,CLEAR,False,35.668,False,MUM-PUNE,reroute
156,5.105,flood,False,4,stranded_vehicle,False,2028,28,axle_counter,0.0,OCCUPIED,False,10.44,False,DEL-AGRA,proceed_with_caution
122,13.605,snow,False,8,track_buckling,False,3212,72,track_circuit,0.0,OCCUPIED,True,30.121,False,DEL-AGRA,reduce_speed
65,18.712,snow,True,4,stranded_vehicle,True,3520,48,track_circuit,0.0,CLEAR,False,45.57,False,HYB-SEC,reduce_speed
62,15.859,heavy_rain,True,6,unknown_obstruction,True,4449,55,vibration,19.3,OCCUPIED,False,14.947,True,DEL-AGRA,reduce_speed
188,7.262,heavy_rain,True,3,broken_rail,False,1671,49,track_circuit,0.0,CLEAR,False,32.999,False,DEL-AGRA,reduce_speed
199,13.533,flood,True,2,unknown_obstruction,True,1284,10,axle_counter,0.0,CLEAR,True,2.256,False,MUM-PUNE,proceed_with_caution
174,11.788,snow,False,9,water_logging,False,1871,59,accelerometer,36.75,CLEAR,True,29.515,False,MUM-PUNE,proceed_with_caution
131,12.18,flood,True,1,broken_rail,False,4797,38,track_circuit,0.0,OCCUPIED,False,25.627,False,KOL-HOW,proceed_with_caution
79,16.456,rain,True,8,sensor_miscount,False,1036,21,vibration,0.0,CLEAR,False,37.619,False,MUM-PUNE,reduce_speed
155,17.135,rain,True,6,environmental_false_positive,True,2859,54,track_circuit,0.0,CLEAR,True,32.812,False,MUM-PUNE,reduce_speed
152,9.387,fog,False,2,track_buckling,False,1031,27,vibration,0.0,OCCUPIED,True,40.68,True,HYB-SEC,proceed_with_caution
185,4.321,flood,False,5,sensor_miscount,False,1803,26,track_circuit,0.0,CLEAR,False,30.236,False,HYB-SEC,proceed_with_caution
153,16.439,flood,True,1,equipment_failure_ahead,False,4189,19,accelerometer,0.0,CLEAR,True,10.196,False,HYB-SEC,proceed_with_caution
108,17.662,flood,True,6,landslide_debris,False,4456,67,accelerometer,48.6,CLEAR,True,27.824,False,MUM-PUNE,reduce_speed
114,3.17,rain,True,4,sensor_miscount,False,3135,34,vibration,0.0,CLEAR,True,44.036,False,CHN-BGLR,proceed_with_caution
82,15.921,clear,False,8,environmental_false_positive,True,4784,70,track_circuit,9.06,CLEAR,True,38.773,False,CHN-BGLR,reduce_speed
72,6.717,fog,False,4,signal_cable_theft,False,4309,92,track_circuit,0.0,OCCUPIED,True,12.607,False,KOL-HOW,proceed_with_caution
190,16.337,rain,False,6,track_buckling,False,1566,27,vibration,34.46,CLEAR,True,3.584,False,HYB-SEC,reduce_speed
119,6.118,snow,True,4,environmental_false_positive,True,4804,7,vibration,0.0,CLEAR,True,4.796,False,MUM-PUNE,reduce_speed
131,17.887,clear,False,5,cattle_crossing,False,4278,42,vibration,17.36,CLEAR,True,14.435,False,KOL-HOW,proceed_with_caution
118,10.676,snow,False,6,unknown_obstruction,False,4377,13,accelerometer,28.42,OCCUPIED,True,26.163,True,MUM-PUNE,reduce_speed
48,12.706,heavy_rain,False,6,broken_rail,False,1927,82,track_circuit,22.08,OCCUPIED,True,38.169,False,KOL-HOW,reduce_speed
109,4.301,snow,True,1,unknown_obstruction,False,449,41,vibration,0.0,CLEAR,False,41.088,False,KOL-HOW,reduce_speed
67,19.634,flood,True,3,environmental_false_positive,False,2375,79,accelerometer,0.0,CLEAR,True,11.72,False,MUM-PUNE,proceed_with_caution
57,2.447,clear,False,7,track_buckling,False,1396,26,track_circuit,4.6,CLEAR,True,27.401,False,DEL-AGRA,reduce_speed
49,14.994,clear,True,5,cattle_crossing,False,1427,60,axle_counter,39.93,CLEAR,False,27.286,False,CHN-BGLR,proceed_with_caution
110,2.161,rain,False,7,unknown_obstruction,False,3804,10,vibration,0.0,OCCUPIED,False,29.497,False,HYB-SEC,reduce_speed
151,13.972,clear,True,7,stranded_vehicle,False,3050,57,track_circuit,53.2,CLEAR,False,15.867,False,MUM-PUNE,reduce_speed
162,2.221,clear,False,9,broken_rail,True,2173,86,accelerometer,0.0,CLEAR,True,40.951,False,CHN-BGLR,reduce_speed
153,8.864,clear,True,3,boulder,False,2224,97,axle_counter,83.08,CLEAR,True,22.589,False,DEL-AGRA,proceed_with_caution
131,18.346,clear,False,8,boulder,True,2221,24,axle_counter,0.0,CLEAR,True,25.287,False,KOL-HOW,reduce_speed
173,5.72,fog,False,4,boulder,False,4899,73,accelerometer,59.06,CLEAR,False,3.454,False,CHN-BGLR,proceed_with_caution
158,11.446,flood,False,5,track_buckling,False,4413,86,axle_counter,0.0,OCCUPIED,False,44.98,False,HYB-SEC,proceed_with_caution
169,14.72,snow,False,8,environmental_false_positive,True,144,63,axle_counter,0.0,CLEAR,False,5.406,False,CHN-BGLR,reduce_speed
174,14.865,clear,True,4,environmental_false_positive,True,3110,33,accelerometer,48.18,OCCUPIED,True,44.258,False,MUM-PUNE,proceed_with_caution
129,0.449,fog,True,4,unknown_obstruction,False,4274,84,vibration,0.0,OCCUPIED,False,28.906,False,KOL-HOW,reduce_speed
181,19.894,clear,False,3,equipment_failure_ahead,False,3719,12,vibration,86.45,CLEAR,True,25.687,False,MUM-PUNE,proceed_with_caution
90,13.2,rain,False,5,stranded_vehicle,False,4693,51,accelerometer,0.0,CLEAR,False,11.685,False,DEL-AGRA,proceed_with_caution
169,2.743,clear,False,4,sensor_miscount,False,400,42,accelerometer,0.0,CLEAR,True,1.773,True,DEL-AGRA,proceed_with_caution
93,9.279,snow,False,1,cattle_crossing,False,94,78,accelerometer,0.0,CLEAR,True,47.746,False,KOL-HOW,emergency_stop
89,15.599,heavy_rain,False,1,unknown_obstruction,False,4353,17,axle_counter,80.13,CLEAR,False,29.624,False,CHN-BGLR,proceed_with_caution
139,6.355,clear,False,2,boulder,False,3348,32,track_circuit,80.98,CLEAR,True,42.002,False,DEL-AGRA,proceed_with_caution
118,2.254,clear,False,7,unknown_obstruction,False,3063,7,track_circuit,0.0,CLEAR,False,7.904,False,DEL-AGRA,reduce_speed
79,18.527,heavy_rain,True,8,signal_cable_theft,False,2329,23,accelerometer,0.0,CLEAR,True,13.439,False,HYB-SEC,reduce_speed
58,13.809,snow,True,7,sensor_miscount,False,1172,11,track_circuit,32.86,CLEAR,True,33.117,True,HYB-SEC,reduce_speed
108,12.719,clear,False,6,sensor_miscount,False,1010,79,accelerometer,0.0,CLEAR,True,33.228,False,DEL-AGRA,reduce_speed
98,14.632,clear,False,6,landslide_debris,True,2405,14,track_circuit,93.9,CLEAR,False,27.992,True,DEL-AGRA,reduce_speed
142,19.046,fog,False,1,landslide_debris,False,1553,80,axle_counter,0.0,CLEAR,True,32.406,False,MUM-PUNE,proceed_with_caution
77,1.027,clear,False,4,water_logging,False,3813,79,track_circuit,88.04,CLEAR,False,44.677,True,HYB-SEC,proceed_with_caution
49,1.938,clear,True,9,broken_rail,True,1665,31,axle_counter,30.95,OCCUPIED,True,9.882,False,CHN-BGLR,emergency_stop
186,16.797,heavy_rain,False,5,landslide_debris,False,1127,88,axle_counter,54.31,CLEAR,True,7.076,False,CHN-BGLR,proceed_with_caution
178,13.132,snow,True,2,water_logging,False,1074,21,vibration,79.73,CLEAR,True,0.894,True,KOL-HOW,reduce_speed
184,3.717,fog,True,2,broken_rail,False,2807,84,accelerometer,30.11,CLEAR,False,7.279,True,CHN-BGLR,reduce_speed
107,4.456,clear,False,4,fallen_tree,False,1717,2,axle_counter,41.75,CLEAR,True,10.468,True,MUM-PUNE,proceed_with_caution
173,6.817,flood,True,6,cattle_crossing,True,4299,1,axle_counter,0.0,CLEAR,False,21.856,False,KOL-HOW,reduce_speed
110,13.978,snow,False,7,landslide_debris,True,2440,96,vibration,0.0,OCCUPIED,True,18.602,False,KOL-HOW,reduce_speed
179,4.215,clear,False,7,unknown_obstruction,False,2343,74,vibration,0.0,CLEAR,True,7.032,False,KOL-HOW,reduce_speed
120,3.106,flood,False,8,sensor_miscount,False,3371,94,axle_counter,0.35,CLEAR,True,32.334,True,KOL-HOW,reduce_speed
142,14.203,heavy_rain,True,5,signal_cable_theft,False,1390,64,track_circuit,1.34,OCCUPIED,True,8.04,True,DEL-AGRA,reduce_speed
196,14.557,flood,True,3,boulder,False,3565,48,vibration,82.88,CLEAR,False,21.299,False,DEL-AGRA,proceed_with_caution
94,4.05,clear,False,7,boulder,False,2429,1,accelerometer,66.63,OCCUPIED,False,35.911,False,DEL-AGRA,reduce_speed
158,19.951,rain,True,8,track_buckling,False,1608,92,accelerometer,81.2,OCCUPIED,False,13.102,True,CHN-BGLR,reduce_speed
153,18.407,snow,True,6,equipment_failure_ahead,False,3803,51,vibration,0.0,CLEAR,True,25.438,True,DEL-AGRA,reduce_speed
149,9.192,rain,True,3,track_buckling,True,4799,82,accelerometer,0.0,CLEAR,True,30.03,True,KOL-HOW,proceed_with_caution
179,4.124,rain,True,7,broken_rail,False,2383,8,accelerometer,0.0,CLEAR,True,47.037,True,CHN-BGLR,reduce_speed
167,7.662,flood,False,4,stranded_vehicle,False,2752,4,axle_counter,0.0,CLEAR,False,33.161,False,KOL-HOW,proceed_with_caution
59,12.553,flood,True,5,stranded_vehicle,False,4550,100,accelerometer,37.64,OCCUPIED,False,15.294,False,DEL-AGRA,proceed_with_caution
96,13.225,rain,False,3,equipment_failure_ahead,False,1473,18,accelerometer,0.0,CLEAR,True,19.364,False,CHN-BGLR,proceed_with_caution
200,1.117,clear,False,7,landslide_debris,False,1310,63,accelerometer,0.0,CLEAR,False,20.607,False,CHN-BGLR,reduce_speed
165,12.575,rain,True,1,track_buckling,True,911,91,axle_counter,81.77,OCCUPIED,True,12.759,False,CHN-BGLR,proceed_with_caution
197,19.7,fog,True,4,unknown_obstruction,False,3472,12,vibration,0.0,CLEAR,True,46.016,False,CHN-BGLR,reduce_speed
188,4.885,clear,False,7,broken_rail,False,1821,80,axle_counter,74.87,CLEAR,True,24.165,False,MUM-PUNE,reduce_speed
55,10.656,snow,True,6,fallen_tree,False,3167,7,accelerometer,0.0,CLEAR,True,47.512,False,HYB-SEC,reduce_speed
94,0.269,clear,False,8,broken_rail,False,4334,49,axle_counter,0.0,OCCUPIED,True,14.827,False,CHN-BGLR,emergency_stop
70,4.024,rain,True,3,stranded_vehicle,False,1597,73,accelerometer,0.0,CLEAR,True,0.993,False,DEL-AGRA,proceed_with_caution
112,19.91,fog,False,5,unknown_obstruction,False,4351,90,vibration,0.0,CLEAR,False,12.191,False,MUM-PUNE,proceed_with_caution
81,9.169,heavy_rain,False,4,stranded_vehicle,False,2165,87,vibration,0.0,CLEAR,False,45.341,False,DEL-AGRA,proceed_with_caution
198,6.448,heavy_rain,True,7,unknown_obstruction,False,3657,81,axle_counter,83.0,OCCUPIED,True,11.416,False,KOL-HOW,reduce_speed
66,8.224,heavy_rain,False,6,cattle_crossing,True,741,58,axle_counter,0.0,OCCUPIED,True,17.603,False,MUM-PUNE,reduce_speed
130,8.948,snow,False,6,landslide_debris,False,2707,86,track_circuit,0.0,CLEAR,True,42.436,True,MUM-PUNE,reduce_speed
92,2.475,rain,True,7,fallen_tree,False,3670,11,axle_counter,1.66,CLEAR,True,41.006,False,HYB-SEC,reduce_speed
92,10.615,rain,True,3,environmental_false_positive,False,3688,4,axle_counter,98.3,CLEAR,False,16.367,False,DEL-AGRA,proceed_with_caution
146,12.785,clear,False,5,landslide_debris,False,4738,49,track_circuit,54.91,CLEAR,True,32.218,False,HYB-SEC,proceed_with_caution
171,18.401,clear,False,6,water_logging,False,3497,26,axle_counter,38.93,CLEAR,True,37.518,False,MUM-PUNE,reduce_speed
91,3.799,clear,True,4,track_buckling,False,2329,56,axle_counter,0.0,CLEAR,True,48.931,True,DEL-AGRA,proceed_with_caution
77,0.878,fog,True,6,water_logging,False,82,35,axle_counter,29.19,OCCUPIED,False,31.424,False,HYB-SEC,reduce_speed
194,3.2,fog,False,7,equipment_failure_ahead,True,3102,63,vibration,0.0,CLEAR,False,34.068,False,CHN-BGLR,reduce_speed
154,18.643,flood,True,2,fallen_tree,True,225,94,accelerometer,0.0,CLEAR,True,22.649,False,CHN-BGLR,proceed_with_caution
174,13.274,clear,True,5,track_buckling,False,3704,3,vibration,26.56,OCCUPIED,True,27.9,False,HYB-SEC,proceed_with_caution
110,3.439,rain,True,4,signal_cable_theft,True,2316,87,accelerometer,84.2,OCCUPIED,True,11.62,False,HYB-SEC,proceed_with_caution
57,18.207,rain,True,6,water_logging,False,1813,73,axle_counter,65.96,OCCUPIED,True,38.133,False,DEL-AGRA,reduce_speed
109,3.628,snow,True,5,sensor_miscount,False,2758,37,vibration,0.0,OCCUPIED,True,49.559,False,KOL-HOW,reduce_speed
104,5.035,flood,False,6,unknown_obstruction,False,4128,5,vibration,78.07,CLEAR,False,27.705,False,KOL-HOW,reduce_speed
194,3.43,snow,True,8,sensor_miscount,True,4485,0,accelerometer,0.0,CLEAR,True,10.122,False,DEL-AGRA,reduce_speed
144,15.323,flood,True,6,stranded_vehicle,False,546,70,vibration,84.56,CLEAR,True,13.005,False,HYB-SEC,reduce_speed
75,0.598,snow,True,3,track_buckling,False,1470,35,accelerometer,0.0,CLEAR,False,45.372,False,CHN-BGLR,reduce_speed
104,6.704,rain,True,5,broken_rail,False,3504,99,track_circuit,0.0,OCCUPIED,True,33.817,True,KOL-HOW,proceed_with_caution
115,9.65,clear,False,5,stranded_vehicle,False,839,69,vibration,6.63,CLEAR,True,24.043,False,MUM-PUNE,proceed_with_caution
181,11.771,flood,True,3,fallen_tree,False,236,47,accelerometer,0.0,CLEAR,True,25.48,False,MUM-PUNE,proceed_with_caution
91,2.578,rain,True,8,broken_rail,False,4436,95,track_circuit,0.0,CLEAR,True,37.226,False,CHN-BGLR,reduce_speed
63,2.38,heavy_rain,False,10,broken_rail,False,986,49,axle_counter,11.63,CLEAR,True,2.523,False,MUM-PUNE,emergency_stop
175,15.02,flood,False,2,signal_cable_theft,False,546,72,axle_counter,55.85,OCCUPIED,False,34.213,True,MUM-PUNE,proceed_with_caution
56,13.363,fog,False,3,environmental_false_positive,False,4451,95,accelerometer,0.0,CLEAR,True,42.563,False,HYB-SEC,proceed_with_caution
185,5.804,snow,False,4,equipment_failure_ahead,False,2066,78,axle_counter,50.37,OCCUPIED,True,21.674,False,HYB-SEC,proceed_with_caution
64,6.238,heavy_rain,True,6,equipment_failure_ahead,False,1075,86,vibration,0.0,OCCUPIED,True,10.186,False,CHN-BGLR,reduce_speed
178,1.933,snow,False,4,signal_cable_theft,False,502,98,axle_counter,2.39,CLEAR,True,17.827,False,HYB-SEC,proceed_with_caution
166,19.787,clear,False,7,stranded_vehicle,False,4358,96,axle_counter,56.36,CLEAR,True,39.483,False,HYB-SEC,reduce_speed
192,0.953,clear,True,4,equipment_failure_ahead,False,548,80,axle_counter,87.15,CLEAR,True,10.945,False,MUM-PUNE,proceed_with_caution
54,8.477,flood,False,4,cattle_crossing,False,3455,100,accelerometer,0.0,CLEAR,True,2.35,False,HYB-SEC,proceed_with_caution
140,19.433,flood,False,5,water_logging,True,4168,67,axle_counter,98.33,CLEAR,True,22.947,False,CHN-BGLR,reroute
187,7.009,clear,False,6,sensor_miscount,True,522,91,accelerometer,0.0,CLEAR,True,16.451,False,DEL-AGRA,reduce_speed
75,10.57,heavy_rain,False,3,sensor_miscount,True,4256,34,track_circuit,50.35,CLEAR,True,3.952,False,MUM-PUNE,proceed_with_caution
57,16.57,clear,True,5,equipment_failure_ahead,True,4689,96,vibration,4.46,OCCUPIED,True,40.175,True,DEL-AGRA,reroute
46,17.775,rain,False,10,boulder,False,2488,54,axle_counter,0.0,CLEAR,False,31.67,True,CHN-BGLR,emergency_stop
159,19.708,heavy_rain,True,8,boulder,False,2263,60,track_circuit,0.0,CLEAR,True,18.51,False,MUM-PUNE,reduce_speed
144,11.76,clear,False,4,landslide_debris,False,1911,37,axle_counter,86.86,OCCUPIED,False,21.857,True,HYB-SEC,proceed_with_caution
173,2.191,flood,True,3,sensor_miscount,False,4275,69,vibration,0.0,CLEAR,True,25.229,False,MUM-PUNE,proceed_with_caution
117,8.932,flood,False,7,signal_cable_theft,False,2443,42,track_circuit,60.78,CLEAR,False,10.668,True,CHN-BGLR,reduce_speed
186,10.376,snow,False,3,track_buckling,False,3757,40,vibration,0.0,OCCUPIED,True,18.623,False,KOL-HOW,reroute
169,6.459,fog,True,4,boulder,False,3458,79,track_circuit,0.0,OCCUPIED,True,32.048,False,DEL-AGRA,reduce_speed
165,17.299,clear,False,5,signal_cable_theft,False,4071,96,vibration,73.96,OCCUPIED,True,41.679,False,KOL-HOW,proceed_with_caution
80,9.925,heavy_rain,True,5,broken_rail,True,3258,88,vibration,0.0,CLEAR,True,47.468,False,DEL-AGRA,reduce_speed
196,6.289,clear,True,6,environmental_false_positive,False,3420,76,axle_counter,0.0,CLEAR,True,7.19,False,HYB-SEC,reduce_speed
58,2.688,snow,True,1,sensor_miscount,False,4168,100,accelerometer,2.21,CLEAR,True,10.266,False,KOL-HOW,reduce_speed
172,11.135,rain,True,7,broken_rail,False,1045,33,accelerometer,6.92,OCCUPIED,True,29.988,False,HYB-SEC,reduce_speed
121,15.536,clear,False,9,water_logging,True,2697,100,track_circuit,33.34,CLEAR,True,3.035,False,CHN-BGLR,reduce_speed
163,19.556,flood,False,2,environmental_false_positive,False,486,98,track_circuit,0.0,OCCUPIED,True,18.167,False,HYB-SEC,proceed_with_caution
112,0.122,rain,False,5,broken_rail,False,2987,84,axle_counter,0.0,CLEAR,False,16.118,False,DEL-AGRA,proceed_with_caution
107,13.794,clear,False,3,signal_cable_theft,True,3793,0,track_circuit,59.31,OCCUPIED,False,27.607,False,MUM-PUNE,proceed_with_caution
170,14.606,fog,True,2,environmental_false_positive,False,4489,58,axle_counter,0.0,CLEAR,True,34.682,False,CHN-BGLR,reduce_speed
69,7.591,rain,False,4,unknown_obstruction,False,63,4,axle_counter,0.0,CLEAR,True,8.895,False,CHN-BGLR,proceed_with_caution
173,4.808,heavy_rain,False,6,stranded_vehicle,False,247,23,axle_counter,0.0,OCCUPIED,True,0.228,False,HYB-SEC,reduce_speed
188,1.091,fog,True,2,track_buckling,True,3539,40,track_circuit,70.02,CLEAR,True,32.267,True,CHN-BGLR,reduce_speed
151,10.624,rain,True,1,unknown_obstruction,True,2691,17,accelerometer,0.0,CLEAR,True,5.349,True,MUM-PUNE,proceed_with_caution
179,10.526,rain,False,5,landslide_debris,False,636,80,axle_counter,0.0,CLEAR,True,38.742,False,CHN-BGLR,proceed_with_caution
69,1.204,clear,True,7,stranded_vehicle,False,395,92,vibration,0.0,CLEAR,True,3.342,False,CHN-BGLR,reduce_speed
175,16.07,heavy_rain,False,2,unknown_obstruction,True,2654,2,vibration,0.0,OCCUPIED,True,41.958,True,MUM-PUNE,proceed_with_caution
129,1.199,rain,True,4,equipment_failure_ahead,True,4647,7,accelerometer,0.0,CLEAR,True,14.212,False,CHN-BGLR,proceed_with_caution
198,1.865,flood,True,2,boulder,True,4417,64,track_circuit,78.77,OCCUPIED,True,28.301,False,KOL-HOW,emergency_stop
197,1.308,clear,True,4,fallen_tree,False,1524,38,accelerometer,0.0,CLEAR,False,34.14,False,KOL-HOW,proceed_with_caution
192,17.012,clear,False,5,water_logging,False,1578,82,accelerometer,93.01,OCCUPIED,False,46.78,False,HYB-SEC,proceed_with_caution
63,2.007,heavy_rain,True,5,boulder,False,201,56,accelerometer,36.08,OCCUPIED,True,6.589,False,DEL-AGRA,reduce_speed
144,2.068,snow,True,3,equipment_failure_ahead,True,181,60,axle_counter,92.1,CLEAR,True,7.197,False,KOL-HOW,reduce_speed
182,0.423,flood,False,8,environmental_false_positive,False,3156,14,accelerometer,0.0,OCCUPIED,True,13.031,False,KOL-HOW,emergency_stop
179,1.989,rain,True,4,equipment_failure_ahead,False,2309,52,axle_counter,0.0,CLEAR,True,44.691,True,HYB-SEC,proceed_with_caution
181,17.604,snow,True,4,unknown_obstruction,False,2502,10,vibration,0.0,CLEAR,False,30.86,False,CHN-BGLR,reduce_speed
93,7.39,rain,False,9,environmental_false_positive,False,3223,2,track_circuit,0.0,CLEAR,False,49.346,False,CHN-BGLR,emergency_stop
183,9.431,clear,False,5,unknown_obstruction,False,4753,21,axle_counter,0.0,OCCUPIED,True,23.598,False,HYB-SEC,proceed_with_caution
58,12.122,snow,True,5,track_buckling,False,222,74,vibration,40.83,CLEAR,True,44.185,False,CHN-BGLR,reduce_speed
91,16.29,clear,False,6,signal_cable_theft,False,4901,58,axle_counter,46.01,CLEAR,True,13.154,True,DEL-AGRA,reduce_speed
75,8.206,clear,False,8,broken_rail,False,1129,24,accelerometer,57.01,OCCUPIED,True,42.293,False,MUM-PUNE,reduce_speed
59,2.318,clear,False,4,signal_cable_theft,False,2321,57,track_circuit,25.84,OCCUPIED,True,8.529,True,CHN-BGLR,proceed_with_caution
120,14.188,snow,False,2,water_logging,False,2944,6,axle_counter,0.0,CLEAR,False,45.379,True,KOL-HOW,proceed_with_caution
175,2.979,clear,False,7,boulder,True,1193,91,track_circuit,0.0,CLEAR,False,2.4,False,CHN-BGLR,reduce_speed
171,6.261,heavy_rain,True,6,signal_cable_theft,False,4923,100,accelerometer,0.0,OCCUPIED,True,29.765,False,KOL-HOW,reduce_speed
194,5.219,heavy_rain,False,7,environmental_false_positive,True,2849,13,track_circuit,0.0,OCCUPIED,True,3.917,False,CHN-BGLR,reduce_speed
196,13.774,heavy_rain,False,5,unknown_obstruction,True,3364,46,track_circuit,0.0,OCCUPIED,False,48.883,False,CHN-BGLR,reroute
132,13.778,flood,False,4,stranded_vehicle,False,965,85,accelerometer,0.0,OCCUPIED,False,13.302,True,HYB-SEC,proceed_with_caution
114,6.138,clear,True,3,signal_cable_theft,False,2572,75,track_circuit,5.65,CLEAR,True,41.465,False,MUM-PUNE,proceed_with_caution
94,16.563,heavy_rain,True,5,equipment_failure_ahead,False,1333,7,track_circuit,0.0,CLEAR,True,16.447,False,CHN-BGLR,proceed_with_caution
145,16.249,clear,False,5,broken_rail,False,1102,33,accelerometer,0.0,CLEAR,True,23.713,False,DEL-AGRA,proceed_with_caution
181,18.454,clear,True,4,boulder,False,2582,96,accelerometer,0.0,OCCUPIED,True,9.017,False,DEL-AGRA,proceed_with_caution
153,16.834,clear,False,4,cattle_crossing,False,2059,4,vibration,0.0,CLEAR,True,22.126,False,CHN-BGLR,proceed_with_caution
151,9.914,clear,True,7,unknown_obstruction,True,4992,70,accelerometer,43.26,CLEAR,True,41.455,False,MUM-PUNE,reduce_speed
61,13.91,clear,False,3,cattle_crossing,False,1990,75,track_circuit,0.0,CLEAR,True,36.245,True,DEL-AGRA,proceed_with_caution
64,4.307,flood,True,7,unknown_obstruction,True,3342,52,vibration,81.91,CLEAR,True,10.279,False,KOL-HOW,reduce_speed
119,6.635,clear,True,8,water_logging,False,3004,34,accelerometer,54.01,CLEAR,True,20.093,False,MUM-PUNE,reduce_speed
172,2.207,clear,True,9,sensor_miscount,False,2358,34,vibration,0.0,CLEAR,True,41.569,False,DEL-AGRA,emergency_stop
194,13.633,rain,False,9,unknown_obstruction,False,3855,14,axle_counter,4.96,CLEAR,False,19.143,True,DEL-AGRA,emergency_stop
114,2.82,heavy_rain,False,6,environmental_false_positive,False,3957,40,axle_counter,0.0,CLEAR,True,35.063,False,HYB-SEC,reduce_speed
121,18.828,heavy_rain,True,6,unknown_obstruction,False,1512,35,accelerometer,0.0,CLEAR,True,0.201,False,KOL-HOW,reduce_speed
49,8.453,clear,False,6,signal_cable_theft,False,4027,30,track_circuit,2.93,CLEAR,False,46.514,False,DEL-AGRA,reduce_speed
77,2.738,clear,True,3,landslide_debris,False,3202,36,vibration,0.0,OCCUPIED,True,48.712,False,DEL-AGRA,proceed_with_caution
161,7.322,clear,True,6,fallen_tree,False,4500,14,vibration,9.36,OCCUPIED,True,41.967,False,MUM-PUNE,reduce_speed
171,11.95,flood,True,5,sensor_miscount,True,1028,19,axle_counter,0.0,OCCUPIED,True,27.667,False,DEL-AGRA,reroute
102,15.075,rain,True,5,unknown_obstruction,False,1746,21,axle_counter,66.05,CLEAR,False,42.523,False,CHN-BGLR,proceed_with_caution
115,18.102,heavy_rain,True,5,track_buckling,True,3481,36,accelerometer,0.0,CLEAR,True,37.331,True,CHN-BGLR,reduce_speed
100,3.604,flood,True,5,cattle_crossing,True,2909,67,axle_counter,30.52,CLEAR,True,22.819,True,HYB-SEC,reroute
176,15.031,fog,False,5,track_buckling,True,1175,35,track_circuit,0.0,CLEAR,False,17.81,False,KOL-HOW,reroute
175,4.557,heavy_rain,True,6,sensor_miscount,False,2154,79,track_circuit,0.0,CLEAR,True,21.941,False,DEL-AGRA,reduce_speed
114,15.402,rain,True,4,unknown_obstruction,False,4928,82,accelerometer,92.14,CLEAR,True,8.179,False,KOL-HOW,proceed_with_caution
135,7.438,clear,False,6,fallen_tree,False,2797,11,axle_counter,0.0,OCCUPIED,True,43.25,False,KOL-HOW,reduce_speed
152,5.045,clear,False,6,sensor_miscount,False,2893,56,track_circuit,0.0,OCCUPIED,True,18.085,False,HYB-SEC,reduce_speed
102,4.646,clear,False,7,environmental_false_positive,False,2768,2,track_circuit,20.58,CLEAR,False,35.35,False,KOL-HOW,reduce_speed
157,3.851,flood,False,1,environmental_false_positive,False,1059,16,track_circuit,8.3,CLEAR,False,49.919,False,CHN-BGLR,proceed_with_caution
146,10.779,clear,False,7,signal_cable_theft,False,3400,53,axle_counter,0.07,CLEAR,True,20.658,False,HYB-SEC,reduce_speed
197,14.982,clear,False,5,cattle_crossing,False,817,73,axle_counter,62.5,CLEAR,False,4.321,True,HYB-SEC,proceed_with_caution
98,10.52,rain,True,1,sensor_miscount,True,3641,47,axle_counter,12.85,CLEAR,False,37.215,True,MUM-PUNE,proceed_with_caution
107,14.515,flood,False,7,water_logging,False,1661,21,axle_counter,60.05,OCCUPIED,False,3.539,True,HYB-SEC,reduce_speed
73,19.616,rain,True,10,cattle_crossing,True,2075,52,vibration,0.0,CLEAR,True,18.743,False,CHN-BGLR,reduce_speed
49,1.036,rain,True,4,landslide_debris,True,1322,53,track_circuit,74.29,OCCUPIED,True,45.634,True,KOL-HOW,emergency_stop
50,19.339,clear,True,5,environmental_false_positive,False,1825,12,axle_counter,0.0,CLEAR,False,13.62,False,MUM-PUNE,proceed_with_caution
155,0.665,rain,True,6,sensor_miscount,False,1224,95,axle_counter,0.0,CLEAR,False,40.879,True,DEL-AGRA,emergency_stop
46,18.296,snow,False,7,sensor_miscount,False,4226,38,accelerometer,67.63,OCCUPIED,True,34.982,False,CHN-BGLR,reduce_speed
154,13.414,rain,True,9,landslide_debris,False,2549,42,axle_counter,7.67,CLEAR,False,19.183,False,MUM-PUNE,emergency_stop
168,15.511,clear,True,6,landslide_debris,False,3106,19,axle_counter,0.0,OCCUPIED,True,48.271,True,KOL-HOW,reduce_speed
111,10.292,snow,True,8,equipment_failure_ahead,False,2356,95,axle_counter,0.0,OCCUPIED,True,4.086,False,CHN-BGLR,reduce_speed
143,4.47,snow,True,5,broken_rail,True,2599,61,vibration,0.0,CLEAR,True,22.196,True,MUM-PUNE,reduce_speed
184,2.037,heavy_rain,True,4,broken_rail,False,1046,22,axle_counter,0.0,CLEAR,False,42.788,False,HYB-SEC,reduce_speed
81,13.131,clear,True,4,equipment_failure_ahead,True,3432,38,track_circuit,1.67,CLEAR,False,7.056,False,KOL-HOW,proceed_with_caution
131,15.098,rain,True,1,equipment_failure_ahead,False,1249,45,track_circuit,0.0,CLEAR,True,27.072,False,HYB-SEC,proceed_with_caution
189,17.669,heavy_rain,False,5,fallen_tree,False,3575,77,accelerometer,26.13,OCCUPIED,True,47.615,False,CHN-BGLR,proceed_with_caution
166,5.839,fog,True,2,environmental_false_positive,True,3484,84,accelerometer,11.45,CLEAR,False,34.207,False,HYB-SEC,reduce_speed
161,7.561,fog,True,5,track_buckling,False,3021,76,track_circuit,0.0,CLEAR,False,34.914,False,KOL-HOW,reduce_speed
130,14.279,heavy_rain,False,5,fallen_tree,True,3714,85,axle_counter,0.0,CLEAR,True,25.586,False,MUM-PUNE,reroute
178,1.547,fog,True,6,track_buckling,False,388,36,accelerometer,0.0,OCCUPIED,True,3.325,False,DEL-AGRA,reduce_speed
166,2.69,snow,False,5,signal_cable_theft,True,367,6,axle_counter,0.0,CLEAR,True,10.039,False,CHN-BGLR,reroute
52,12.735,snow,True,2,water_logging,False,1488,31,vibration,6.23,CLEAR,True,40.078,False,CHN-BGLR,reduce_speed
143,3.997,clear,False,4,stranded_vehicle,False,451,55,accelerometer,45.0,CLEAR,False,7.009,False,DEL-AGRA,proceed_with_caution
152,6.452,flood,True,2,cattle_crossing,False,2058,60,axle_counter,48.25,CLEAR,True,39.299,True,MUM-PUNE,proceed_with_caution
180,9.856,rain,True,1,sensor_miscount,False,2230,44,track_circuit,0.0,OCCUPIED,True,19.924,False,HYB-SEC,proceed_with_caution
94,17.749,clear,False,8,fallen_tree,False,1764,55,track_circuit,0.0,CLEAR,True,20.644,True,DEL-AGRA,reduce_speed
108,9.396,clear,False,5,signal_cable_theft,True,751,55,accelerometer,43.54,OCCUPIED,True,44.826,False,DEL-AGRA,reroute
105,14.789,rain,True,4,fallen_tree,False,2207,78,track_circuit,65.3,CLEAR,True,9.337,False,HYB-SEC,proceed_with_caution
151,13.12,flood,True,4,water_logging,False,2505,99,track_circuit,62.0,OCCUPIED,False,47.867,True,HYB-SEC,reroute
151,4.659,clear,True,6,unknown_obstruction,False,650,53,axle_counter,0.0,CLEAR,True,16.143,False,HYB-SEC,emergency_stop
90,14.814,clear,False,4,water_logging,False,790,51,vibration,58.51,CLEAR,True,16.415,True,HYB-SEC,proceed_with_caution
72,7.233,clear,False,6,landslide_debris,False,4823,32,track_circuit,0.0,CLEAR,True,49.635,False,DEL-AGRA,reduce_speed
60,7.858,rain,True,6,unknown_obstruction,True,1221,33,accelerometer,6.69,CLEAR,True,17.469,False,KOL-HOW,proceed_with_caution
49,3.651,snow,True,5,broken_rail,False,3462,38,accelerometer,0.7,CLEAR,True,1.436,False,CHN-BGLR,reduce_speed
150,2.69,rain,True,6,boulder,True,3054,8,accelerometer,0.0,CLEAR,True,8.751,False,KOL-HOW,reduce_speed
179,18.424,clear,False,5,cattle_crossing,False,4281,44,track_circuit,0.0,CLEAR,False,26.981,False,KOL-HOW,proceed_with_caution
131,13.715,clear,False,7,unknown_obstruction,False,1108,100,accelerometer,0.0,CLEAR,True,13.331,True,DEL-AGRA,reduce_speed
133,10.441,heavy_rain,False,5,boulder,False,1615,50,axle_counter,0.0,CLEAR,True,34.394,False,CHN-BGLR,emergency_stop
175,3.202,clear,False,8,track_buckling,True,4839,84,axle_counter,54.41,CLEAR,True,30.767,True,DEL-AGRA,reduce_speed
102,1.586,clear,False,9,broken_rail,False,4777,88,accelerometer,0.0,CLEAR,True,31.303,False,HYB-SEC,emergency_stop
103,1.563,flood,False,8,landslide_debris,False,301,40,axle_counter,58.25,CLEAR,False,45.228,False,DEL-AGRA,reduce_speed
189,4.181,snow,True,5,signal_cable_theft,True,638,0,accelerometer,0.0,CLEAR,False,22.558,False,MUM-PUNE,reduce_speed
46,11.699,clear,True,6,signal_cable_theft,False,3991,7,accelerometer,0.0,CLEAR,True,40.688,True,DEL-AGRA,reduce_speed
50,1.756,snow,True,7,broken_rail,True,1417,66,track_circuit,81.51,OCCUPIED,True,32.061,True,CHN-BGLR,reduce_speed
187,12.418,heavy_rain,True,5,water_logging,False,2748,54,vibration,0.0,CLEAR,False,1.15,False,CHN-BGLR,reduce_speed
150,1.373,rain,True,5,water_logging,True,4648,42,vibration,0.0,CLEAR,True,21.387,False,HYB-SEC,reroute
116,15.54,heavy_rain,False,6,boulder,False,4732,23,axle_counter,0.0,OCCUPIED,True,13.726,True,HYB-SEC,reduce_speed
186,12.499,snow,True,2,cattle_crossing,False,964,68,vibration,0.0,CLEAR,True,28.677,True,CHN-BGLR,reduce_speed
156,8.033,heavy_rain,True,8,broken_rail,False,4994,43,vibration,0.0,CLEAR,True,11.483,False,KOL-HOW,reduce_speed
172,19.535,rain,False,6,environmental_false_positive,False,1894,83,accelerometer,14.86,CLEAR,False,39.927,True,MUM-PUNE,reduce_speed
75,3.129,fog,True,4,environmental_false_positive,False,258,77,track_circuit,0.0,OCCUPIED,False,26.139,False,DEL-AGRA,reduce_speed
45,3.801,clear,False,5,broken_rail,False,710,7,track_circuit,16.61,OCCUPIED,False,29.018,False,HYB-SEC,proceed_with_caution
141,4.515,flood,False,4,water_logging,False,3212,69,track_circuit,61.99,CLEAR,True,40.787,False,DEL-AGRA,proceed_with_caution
145,3.933,rain,False,6,water_logging,False,303,66,track_circuit,0.0,OCCUPIED,False,24.751,False,MUM-PUNE,reduce_speed
92,8.209,rain,True,7,stranded_vehicle,False,2921,46,accelerometer,0.0,CLEAR,False,46.682,False,CHN-BGLR,reduce_speed
158,6.196,heavy_rain,False,5,broken_rail,False,2249,66,track_circuit,17.59,CLEAR,True,33.965,False,HYB-SEC,proceed_with_caution
115,9.029,heavy_rain,True,6,unknown_obstruction,False,4526,82,accelerometer,81.89,CLEAR,False,46.279,False,CHN-BGLR,reduce_speed
129,16.955,rain,True,5,equipment_failure_ahead,False,1230,35,track_circuit,0.0,CLEAR,False,36.731,False,DEL-AGRA,proceed_with_caution
193,5.642,flood,False,2,unknown_obstruction,False,306,13,track_circuit,0.0,CLEAR,True,33.146,False,HYB-SEC,proceed_with_caution
122,0.809,flood,True,5,unknown_obstruction,True,809,72,axle_counter,0.0,CLEAR,True,40.91,True,HYB-SEC,reroute
160,0.617,flood,False,8,sensor_miscount,True,3402,73,axle_counter,79.47,CLEAR,False,23.164,True,CHN-BGLR,emergency_stop
157,12.136,flood,False,6,broken_rail,True,3988,70,axle_counter,0.0,CLEAR,False,35.707,True,HYB-SEC,reduce_speed
145,5.812,flood,True,8,stranded_vehicle,False,3631,49,axle_counter,67.59,CLEAR,False,9.644,True,MUM-PUNE,reduce_speed
91,6.27,fog,True,4,cattle_crossing,False,2392,39,axle_counter,0.0,OCCUPIED,True,37.277,False,DEL-AGRA,reduce_speed
101,17.568,heavy_rain,False,6,sensor_miscount,False,2400,55,track_circuit,85.49,CLEAR,False,22.102,False,CHN-BGLR,reduce_speed
180,18.595,snow,False,6,boulder,False,4965,61,track_circuit,78.13,OCCUPIED,False,27.036,False,DEL-AGRA,reduce_speed
85,9.805,fog,False,2,unknown_obstruction,False,4051,41,track_circuit,0.0,OCCUPIED,True,42.565,False,MUM-PUNE,reduce_speed
146,16.825,snow,False,7,fallen_tree,False,4158,12,accelerometer,0.0,OCCUPIED,False,10.607,False,CHN-BGLR,reduce_speed
198,14.082,snow,True,2,broken_rail,False,3545,100,accelerometer,52.43,CLEAR,True,4.729,False,CHN-BGLR,reduce_speed
138,11.612,clear,True,5,track_buckling,False,919,17,accelerometer,0.0,CLEAR,True,38.649,False,DEL-AGRA,proceed_with_caution
84,9.174,rain,True,5,fallen_tree,False,4658,79,axle_counter,55.42,CLEAR,True,20.708,True,CHN-BGLR,proceed_with_caution
127,6.005,clear,False,9,boulder,True,3350,13,axle_counter,73.64,OCCUPIED,True,5.319,False,HYB-SEC,reduce_speed
138,10.527,clear,False,6,track_buckling,False,4045,71,track_circuit,0.0,CLEAR,True,11.685,False,HYB-SEC,reduce_speed
170,17.749,clear,False,3,signal_cable_theft,False,2188,20,track_circuit,0.0,OCCUPIED,True,40.3,True,DEL-AGRA,proceed_with_caution
79,10.549,clear,True,5,cattle_crossing,False,2888,24,axle_counter,97.65,OCCUPIED,True,11.415,False,CHN-BGLR,proceed_with_caution
86,8.713,snow,True,5,fallen_tree,True,2157,17,axle_counter,0.0,CLEAR,True,13.386,False,CHN-BGLR,reduce_speed
148,2.836,fog,False,5,stranded_vehicle,False,2529,66,accelerometer,2.81,CLEAR,False,5.885,True,DEL-AGRA,proceed_with_caution
56,14.484,rain,False,7,track_buckling,False,2742,15,axle_counter,98.16,OCCUPIED,True,29.602,True,KOL-HOW,reduce_speed
186,1.435,clear,False,6,sensor_miscount,False,2995,87,track_circuit,96.12,OCCUPIED,True,7.357,True,MUM-PUNE,emergency_stop
120,4.191,clear,False,6,landslide_debris,False,3956,71,vibration,0.0,CLEAR,True,45.048,False,CHN-BGLR,reduce_speed
111,14.337,heavy_rain,True,7,landslide_debris,False,1760,96,track_circuit,0.0,CLEAR,True,15.287,False,CHN-BGLR,reduce_speed
140,10.495,rain,True,4,track_buckling,True,195,81,accelerometer,0.0,CLEAR,False,48.503,False,DEL-AGRA,proceed_with_caution
151,5.174,rain,True,6,equipment_failure_ahead,False,795,38,track_circuit,57.01,CLEAR,True,44.55,False,MUM-PUNE,reduce_speed
127,1.585,clear,False,6,cattle_crossing,True,1460,90,axle_counter,15.18,OCCUPIED,True,43.823,False,CHN-BGLR,emergency_stop
116,18.009,rain,False,2,broken_rail,False,542,38,track_circuit,53.72,CLEAR,False,46.347,False,KOL-HOW,proceed_with_caution
74,13.84,clear,False,3,environmental_false_positive,False,3813,96,vibration,0.0,CLEAR,True,25.415,False,DEL-AGRA,proceed_with_caution
166,16.06,clear,False,5,environmental_false_positive,True,4947,6,vibration,0.0,CLEAR,True,35.653,False,MUM-PUNE,reroute
168,2.02,fog,True,1,fallen_tree,False,4889,10,axle_counter,0.0,CLEAR,False,29.142,False,KOL-HOW,reduce_speed
118,2.386,clear,False,5,unknown_obstruction,True,381,54,vibration,0.0,OCCUPIED,False,0.176,True,HYB-SEC,reroute
62,16.678,rain,False,6,landslide_debris,True,286,19,accelerometer,87.76,CLEAR,False,36.021,False,CHN-BGLR,reroute
114,1.292,clear,True,8,track_buckling,False,4401,60,accelerometer,29.02,CLEAR,True,40.31,False,DEL-AGRA,reduce_speed
127,3.125,clear,True,6,boulder,False,4121,47,vibration,73.37,CLEAR,True,10.097,True,HYB-SEC,reduce_speed
98,1.554,clear,True,5,fallen_tree,False,4140,4,axle_counter,60.83,CLEAR,True,37.768,False,HYB-SEC,proceed_with_caution
92,17.132,snow,True,7,broken_rail,True,475,44,accelerometer,13.95,CLEAR,False,43.969,False,HYB-SEC,reduce_speed
183,1.762,fog,True,1,sensor_miscount,False,1468,78,axle_counter,56.54,OCCUPIED,False,31.873,True,CHN-BGLR,reduce_speed
47,18.054,snow,True,5,environmental_false_positive,False,4694,87,axle_counter,0.0,OCCUPIED,True,46.427,False,CHN-BGLR,emergency_stop
164,16.881,fog,True,8,water_logging,False,2717,49,axle_counter,0.0,CLEAR,True,20.802,False,HYB-SEC,reduce_speed
131,9.131,clear,False,6,unknown_obstruction,False,66,74,vibration,0.0,CLEAR,True,38.638,True,CHN-BGLR,reduce_speed
144,16.796,snow,False,7,track_buckling,False,2796,93,track_circuit,0.0,CLEAR,True,25.459,False,MUM-PUNE,reduce_speed
86,5.527,snow,True,5,environmental_false_positive,False,3450,70,accelerometer,73.18,OCCUPIED,True,25.398,False,HYB-SEC,reduce_speed
165,13.115,clear,False,6,cattle_crossing,False,1451,36,vibration,35.13,OCCUPIED,True,46.932,False,KOL-HOW,reduce_speed
64,13.28,clear,True,6,water_logging,False,344,42,axle_counter,65.25,OCCUPIED,False,12.216,False,CHN-BGLR,proceed_with_caution
147,17.996,rain,False,3,sensor_miscount,False,1517,64,accelerometer,72.16,OCCUPIED,True,45.782,False,DEL-AGRA,proceed_with_caution
80,7.121,snow,True,2,cattle_crossing,False,413,55,vibration,0.0,OCCUPIED,True,14.748,False,CHN-BGLR,reduce_speed
115,10.225,rain,True,7,track_buckling,False,2787,52,axle_counter,0.0,CLEAR,True,31.703,False,MUM-PUNE,reduce_speed
68,9.483,snow,True,4,fallen_tree,False,4029,30,track_circuit,70.77,OCCUPIED,False,5.21,True,HYB-SEC,reduce_speed
155,14.915,clear,False,5,sensor_miscount,False,333,60,axle_counter,86.54,CLEAR,True,1.176,False,HYB-SEC,proceed_with_caution
178,18.768,snow,True,4,stranded_vehicle,True,1855,1,accelerometer,86.8,OCCUPIED,True,12.462,False,CHN-BGLR,reroute
84,2.734,clear,False,5,water_logging,True,243,25,track_circuit,0.0,CLEAR,True,9.592,False,KOL-HOW,reroute
107,2.76,clear,False,2,stranded_vehicle,False,1509,19,vibration,0.0,OCCUPIED,True,45.037,True,DEL-AGRA,proceed_with_caution
72,5.872,clear,False,3,environmental_false_positive,False,4173,24,axle_counter,63.76,CLEAR,True,37.885,False,DEL-AGRA,proceed_with_caution
59,17.161,rain,False,8,equipment_failure_ahead,False,234,94,axle_counter,73.47,CLEAR,True,3.808,False,DEL-AGRA,proceed_with_caution
164,19.256,clear,True,7,landslide_debris,True,2087,87,axle_counter,0.0,CLEAR,False,20.873,False,MUM-PUNE,reduce_speed
121,12.686,rain,False,6,water_logging,False,1826,64,axle_counter,30.46,CLEAR,False,29.233,True,MUM-PUNE,reduce_speed
166,9.507,rain,True,3,environmental_false_positive,False,3631,8,accelerometer,28.79,CLEAR,True,14.334,False,CHN-BGLR,proceed_with_caution
132,4.576,clear,False,8,water_logging,False,2780,73,track_circuit,0.0,CLEAR,True,22.961,False,KOL-HOW,reduce_speed
187,6.687,heavy_rain,False,6,boulder,True,585,28,track_circuit,0.0,CLEAR,False,4.099,True,CHN-BGLR,reduce_speed
160,8.392,flood,True,2,equipment_failure_ahead,False,1705,86,track_circuit,0.0,OCCUPIED,True,25.866,False,MUM-PUNE,proceed_with_caution
128,18.64,clear,True,5,landslide_debris,False,3651,36,accelerometer,0.0,CLEAR,True,1.855,False,HYB-SEC,proceed_with_caution
142,8.182,clear,False,8,boulder,False,1720,79,axle_counter,95.16,CLEAR,False,12.081,False,HYB-SEC,reduce_speed
154,11.46,rain,True,6,cattle_crossing,False,4622,18,track_circuit,36.27,CLEAR,False,7.514,False,DEL-AGRA,reduce_speed
59,17.376,fog,False,3,sensor_miscount,True,1537,26,axle_counter,3.98,CLEAR,True,44.627,True,DEL-AGRA,proceed_with_caution
54,0.25,clear,False,1,water_logging,False,4260,65,axle_counter,13.03,CLEAR,True,16.042,False,DEL-AGRA,proceed_with_caution
174,9.414,flood,False,8,fallen_tree,True,2887,29,accelerometer,91.04,CLEAR,False,33.79,False,MUM-PUNE,reduce_speed
166,16.446,snow,True,1,cattle_crossing,False,1013,90,vibration,68.43,OCCUPIED,True,9.658,False,HYB-SEC,reduce_speed
114,19.476,clear,False,5,landslide_debris,False,1813,39,track_circuit,43.47,CLEAR,True,11.579,False,DEL-AGRA,proceed_with_caution
170,8.803,snow,False,4,unknown_obstruction,False,1004,64,axle_counter,0.0,CLEAR,False,46.075,False,DEL-AGRA,proceed_with_caution
50,8.777,clear,False,4,signal_cable_theft,False,542,60,vibration,95.09,OCCUPIED,False,41.746,False,DEL-AGRA,proceed_with_caution
134,6.431,snow,False,1,landslide_debris,False,1586,6,accelerometer,92.25,OCCUPIED,True,8.724,False,CHN-BGLR,proceed_with_caution
108,2.665,clear,False,7,water_logging,False,4113,98,axle_counter,0.0,CLEAR,False,31.199,False,KOL-HOW,reduce_speed
164,19.556,snow,True,6,landslide_debris,True,4359,66,axle_counter,0.0,OCCUPIED,True,5.708,False,KOL-HOW,proceed_with_caution
120,14.285,fog,True,8,signal_cable_theft,False,4245,1,accelerometer,67.35,CLEAR,False,4.213,True,KOL-HOW,reduce_speed
96,15.573,rain,True,4,equipment_failure_ahead,False,3197,94,axle_counter,53.86,CLEAR,False,3.041,False,CHN-BGLR,proceed_with_caution
88,9.029,snow,False,4,boulder,False,2675,40,axle_counter,0.0,CLEAR,True,1.719,False,KOL-HOW,proceed_with_caution
137,8.323,clear,True,3,fallen_tree,False,1948,14,accelerometer,0.0,CLEAR,True,46.047,False,CHN-BGLR,proceed_with_caution
194,13.26,fog,True,6,water_logging,False,1612,6,accelerometer,29.75,CLEAR,True,31.741,True,HYB-SEC,reduce_speed
138,18.174,fog,False,7,signal_cable_theft,True,1086,84,axle_counter,0.0,OCCUPIED,True,24.834,False,MUM-PUNE,reduce_speed
149,15.736,clear,True,6,equipment_failure_ahead,False,837,18,vibration,64.62,CLEAR,True,33.022,False,MUM-PUNE,reduce_speed
75,13.695,snow,False,7,landslide_debris,False,4930,23,vibration,0.0,OCCUPIED,True,1.076,True,DEL-AGRA,reduce_speed
175,16.122,flood,False,2,broken_rail,False,600,59,accelerometer,0.0,CLEAR,True,25.64,False,MUM-PUNE,proceed_with_caution
110,2.751,flood,True,6,environmental_false_positive,False,3921,87,accelerometer,51.69,CLEAR,True,13.713,True,CHN-BGLR,reduce_speed
157,16.627,rain,True,3,unknown_obstruction,True,998,52,axle_counter,0.0,CLEAR,True,9.363,False,CHN-BGLR,proceed_with_caution
112,17.512,clear,False,6,cattle_crossing,False,2644,43,axle_counter,0.65,OCCUPIED,True,39.332,False,DEL-AGRA,reduce_speed
123,16.286,flood,True,7,landslide_debris,False,1794,95,accelerometer,0.0,OCCUPIED,True,11.151,False,MUM-PUNE,reduce_speed
157,16.791,flood,True,5,water_logging,True,2452,18,vibration,0.0,CLEAR,True,40.507,False,HYB-SEC,reroute
75,7.468,fog,False,8,track_buckling,True,4730,79,axle_counter,86.1,CLEAR,True,5.106,True,HYB-SEC,reduce_speed
62,2.072,clear,False,8,boulder,False,3164,15,track_circuit,0.0,CLEAR,True,35.364,True,HYB-SEC,reduce_speed
113,18.807,rain,False,6,broken_rail,False,1597,36,axle_counter,0.0,OCCUPIED,False,34.775,False,MUM-PUNE,reduce_speed
192,0.59,rain,True,4,broken_rail,True,3635,13,vibration,33.44,CLEAR,True,12.636,True,KOL-HOW,proceed_with_caution
104,2.137,heavy_rain,True,6,water_logging,False,4886,78,accelerometer,0.0,OCCUPIED,True,7.976,False,MUM-PUNE,reduce_speed
85,0.39,clear,True,3,landslide_debris,True,2855,18,track_circuit,0.0,CLEAR,True,32.935,False,CHN-BGLR,proceed_with_caution
91,5.694,clear,False,4,track_buckling,False,4805,78,accelerometer,0.0,CLEAR,True,37.758,False,MUM-PUNE,proceed_with_caution
183,15.482,clear,False,6,signal_cable_theft,True,3754,30,vibration,0.0,OCCUPIED,False,27.449,False,MUM-PUNE,reduce_speed
177,17.576,heavy_rain,True,5,environmental_false_positive,False,4881,60,track_circuit,9.31,OCCUPIED,False,46.194,False,MUM-PUNE,reduce_speed
55,12.409,fog,False,7,water_logging,False,1293,4,track_circuit,0.0,CLEAR,True,26.239,False,DEL-AGRA,reduce_speed
101,6.269,rain,False,8,signal_cable_theft,True,848,69,accelerometer,48.91,CLEAR,True,39.255,False,KOL-HOW,reduce_speed
139,4.414,flood,True,6,track_buckling,False,471,56,axle_counter,89.53,CLEAR,False,20.471,False,MUM-PUNE,reduce_speed
116,9.085,clear,True,5,equipment_failure_ahead,False,3864,33,vibration,0.0,CLEAR,True,7.758,False,MUM-PUNE,proceed_with_caution
138,6.65,rain,False,8,broken_rail,False,4219,15,track_circuit,0.0,CLEAR,True,41.988,False,KOL-HOW,reduce_speed
109,0.408,clear,False,4,environmental_false_positive,False,1680,67,accelerometer,15.79,OCCUPIED,True,45.201,False,MUM-PUNE,emergency_stop
90,5.72,heavy_rain,True,4,signal_cable_theft,False,1070,31,axle_counter,0.0,CLEAR,True,1.834,False,HYB-SEC,reduce_speed
76,10.91,fog,True,6,fallen_tree,False,4795,87,vibration,0.0,CLEAR,True,38.619,False,DEL-AGRA,reduce_speed
59,16.18,heavy_rain,False,4,landslide_debris,False,4537,67,accelerometer,78.31,OCCUPIED,False,43.82,False,DEL-AGRA,proceed_with_caution
78,4.663,rain,True,2,water_logging,True,3403,17,axle_counter,84.13,CLEAR,True,48.368,False,HYB-SEC,proceed_with_caution
107,18.876,fog,True,6,fallen_tree,True,1620,26,accelerometer,67.95,CLEAR,True,16.323,False,KOL-HOW,reduce_speed
194,18.682,heavy_rain,False,4,unknown_obstruction,False,2329,66,track_circuit,32.35,CLEAR,True,24.408,False,MUM-PUNE,proceed_with_caution
163,3.978,flood,True,3,stranded_vehicle,False,2286,67,accelerometer,0.0,CLEAR,True,48.426,False,HYB-SEC,proceed_with_caution
199,2.818,heavy_rain,True,6,broken_rail,False,1612,81,accelerometer,0.0,CLEAR,False,38.99,False,DEL-AGRA,reduce_speed
161,8.597,clear,True,4,boulder,False,813,94,accelerometer,59.48,CLEAR,True,28.978,False,CHN-BGLR,proceed_with_caution
58,14.634,clear,False,2,fallen_tree,False,1370,23,vibration,36.75,CLEAR,True,12.46,True,DEL-AGRA,proceed_with_caution
174,10.163,snow,False,8,boulder,False,3560,3,accelerometer,1.45,CLEAR,False,16.092,False,MUM-PUNE,reduce_speed
150,11.149,clear,False,8,environmental_false_positive,True,1719,92,accelerometer,0.0,CLEAR,False,17.465,False,KOL-HOW,proceed_with_caution
118,11.401,clear,False,6,equipment_failure_ahead,False,350,87,track_circuit,76.89,OCCUPIED,True,39.491,False,KOL-HOW,reduce_speed
102,11.795,clear,True,5,environmental_false_positive,True,3735,38,vibration,0.0,CLEAR,True,36.37,False,DEL-AGRA,reroute
52,13.067,heavy_rain,False,5,water_logging,True,1149,57,axle_counter,0.0,OCCUPIED,False,9.979,False,HYB-SEC,reroute
164,2.204,clear,False,3,signal_cable_theft,False,2788,67,track_circuit,0.0,CLEAR,True,14.904,False,DEL-AGRA,proceed_with_caution
182,4.232,rain,True,2,boulder,False,1649,83,vibration,47.34,CLEAR,False,14.838,True,CHN-BGLR,proceed_with_caution
185,6.057,rain,True,4,track_buckling,False,700,14,track_circuit,67.86,CLEAR,True,2.021,False,MUM-PUNE,emergency_stop
46,0.51,flood,True,5,water_logging,False,1555,20,track_circuit,0.0,CLEAR,True,44.282,False,DEL-AGRA,proceed_with_caution
120,10.021,heavy_rain,True,10,fallen_tree,False,1138,37,vibration,0.0,CLEAR,True,1.1,False,HYB-SEC,emergency_stop
127,2.897,flood,False,3,cattle_crossing,False,2277,84,accelerometer,0.0,CLEAR,True,36.937,False,DEL-AGRA,proceed_with_caution
132,18.369,rain,True,4,boulder,False,3861,66,accelerometer,0.0,CLEAR,True,30.802,False,MUM-PUNE,proceed_with_caution
49,9.848,clear,True,5,landslide_debris,True,2895,7,track_circuit,46.61,CLEAR,False,1.619,False,CHN-BGLR,reroute
176,2.451,snow,True,5,stranded_vehicle,False,4999,94,accelerometer,0.0,CLEAR,True,28.311,False,HYB-SEC,reduce_speed
197,9.212,clear,True,4,cattle_crossing,False,2731,37,vibration,89.54,OCCUPIED,True,24.528,True,HYB-SEC,proceed_with_caution
68,11.106,rain,True,6,signal_cable_theft,True,3350,2,vibration,0.0,OCCUPIED,True,11.597,False,MUM-PUNE,reduce_speed
145,4.613,clear,False,8,sensor_miscount,False,3992,53,axle_counter,0.0,OCCUPIED,True,17.147,False,KOL-HOW,reduce_speed
200,11.988,fog,False,7,water_logging,False,4345,29,vibration,3.12,CLEAR,True,9.442,False,DEL-AGRA,reduce_speed
115,17.434,rain,True,5,sensor_miscount,True,31,23,axle_counter,0.0,OCCUPIED,True,37.232,False,DEL-AGRA,reroute
80,10.506,clear,False,6,broken_rail,False,1492,86,accelerometer,3.03,CLEAR,True,38.04,True,HYB-SEC,reduce_speed
143,15.221,flood,False,6,broken_rail,False,3794,43,axle_counter,0.0,CLEAR,True,31.993,False,CHN-BGLR,reduce_speed
158,10.928,clear,False,7,environmental_false_positive,False,1396,65,track_circuit,81.34,OCCUPIED,True,30.101,False,KOL-HOW,reduce_speed
99,11.087,clear,True,8,signal_cable_theft,False,737,74,track_circuit,0.0,OCCUPIED,True,16.456,True,CHN-BGLR,reduce_speed
171,17.206,fog,False,4,boulder,False,1429,94,axle_counter,21.92,OCCUPIED,True,14.321,True,CHN-BGLR,proceed_with_caution
165,13.039,clear,True,5,fallen_tree,False,591,85,axle_counter,95.11,CLEAR,True,40.266,False,KOL-HOW,proceed_with_caution
177,11.945,rain,True,6,boulder,False,627,4,track_circuit,54.22,CLEAR,True,24.244,False,HYB-SEC,reduce_speed
101,17.918,clear,True,8,boulder,False,2202,61,vibration,0.0,OCCUPIED,False,30.625,False,HYB-SEC,reduce_speed
168,4.969,clear,True,1,water_logging,False,3297,19,track_circuit,70.3,CLEAR,False,40.918,False,DEL-AGRA,proceed_with_caution
173,15.478,fog,True,6,boulder,False,3576,18,vibration,22.17,OCCUPIED,True,13.193,False,CHN-BGLR,reduce_speed
97,14.572,clear,False,6,fallen_tree,False,1177,49,axle_counter,40.93,CLEAR,True,0.32,True,DEL-AGRA,reduce_speed
131,13.114,flood,False,5,cattle_crossing,True,4889,28,accelerometer,0.0,CLEAR,False,15.848,False,CHN-BGLR,reroute
170,3.893,flood,True,6,broken_rail,False,200,59,track_circuit,0.0,CLEAR,True,42.323,True,KOL-HOW,reduce_speed
64,5.229,clear,False,4,track_buckling,True,114,57,accelerometer,35.83,CLEAR,False,37.796,False,DEL-AGRA,proceed_with_caution
120,13.863,clear,False,7,unknown_obstruction,False,1389,29,accelerometer,70.61,CLEAR,True,27.481,False,DEL-AGRA,reduce_speed
111,19.175,flood,False,5,equipment_failure_ahead,False,2079,7,vibration,0.0,CLEAR,False,32.13,True,DEL-AGRA,proceed_with_caution
76,1.737,heavy_rain,False,5,equipment_failure_ahead,False,1463,78,axle_counter,0.0,CLEAR,True,12.92,False,KOL-HOW,proceed_with_caution
200,4.375,rain,True,3,water_logging,False,450,19,accelerometer,0.0,CLEAR,True,42.304,False,KOL-HOW,proceed_with_caution
53,3.86,clear,False,5,water_logging,True,590,22,track_circuit,0.0,CLEAR,True,19.242,False,MUM-PUNE,reroute
89,13.535,heavy_rain,True,7,stranded_vehicle,False,3812,53,track_circuit,11.56,CLEAR,True,47.828,False,MUM-PUNE,reduce_speed
45,10.387,rain,True,2,track_buckling,True,2176,2,accelerometer,42.31,CLEAR,True,39.391,False,CHN-BGLR,proceed_with_caution
135,4.033,rain,True,5,fallen_tree,True,3605,80,vibration,0.0,OCCUPIED,True,23.483,False,KOL-HOW,reroute
112,1.584,heavy_rain,False,2,broken_rail,False,3035,61,track_circuit,0.0,CLEAR,True,34.22,False,KOL-HOW,proceed_with_caution
180,9.075,clear,False,4,unknown_obstruction,False,471,1,vibration,47.46,CLEAR,False,49.709,False,HYB-SEC,emergency_stop
94,5.485,rain,False,8,cattle_crossing,True,3440,9,track_circuit,0.0,CLEAR,True,17.156,False,MUM-PUNE,reduce_speed
187,0.438,rain,False,4,landslide_debris,False,3351,24,vibration,8.56,CLEAR,True,40.555,False,KOL-HOW,proceed_with_caution
52,14.454,clear,False,3,track_buckling,False,526,98,axle_counter,57.13,CLEAR,True,44.553,True,HYB-SEC,proceed_with_caution
77,13.986,rain,True,4,broken_rail,False,4556,51,axle_counter,0.0,CLEAR,True,38.37,False,CHN-BGLR,proceed_with_caution
190,7.687,fog,False,6,broken_rail,False,2979,49,track_circuit,73.06,OCCUPIED,True,49.491,False,MUM-PUNE,reduce_speed
100,19.723,rain,False,4,broken_rail,False,3111,95,vibration,0.0,CLEAR,True,5.816,True,KOL-HOW,proceed_with_caution
141,18.46,clear,True,1,track_buckling,False,423,46,axle_counter,32.21,CLEAR,False,26.162,False,MUM-PUNE,proceed_with_caution
89,14.526,rain,True,8,environmental_false_positive,False,1486,56,accelerometer,0.0,CLEAR,True,1.801,True,DEL-AGRA,reduce_speed
165,14.594,clear,False,7,boulder,True,4423,90,track_circuit,60.9,OCCUPIED,False,39.356,False,HYB-SEC,reduce_speed
80,14.707,clear,False,6,fallen_tree,False,2796,87,vibration,0.0,CLEAR,True,36.616,False,DEL-AGRA,reduce_speed
81,17.426,clear,True,2,fallen_tree,False,4011,37,track_circuit,0.0,OCCUPIED,True,33.011,False,KOL-HOW,proceed_with_caution
130,10.781,clear,True,4,sensor_miscount,True,1151,49,accelerometer,0.0,CLEAR,True,43.621,False,CHN-BGLR,proceed_with_caution
159,5.544,heavy_rain,False,5,fallen_tree,False,699,22,axle_counter,0.0,CLEAR,False,32.124,True,CHN-BGLR,emergency_stop
118,1.327,clear,False,6,fallen_tree,False,1320,29,axle_counter,0.0,CLEAR,True,49.878,False,HYB-SEC,reduce_speed
65,13.766,rain,False,4,fallen_tree,False,2806,71,accelerometer,0.0,OCCUPIED,False,19.127,False,MUM-PUNE,proceed_with_caution
101,9.009,snow,False,6,landslide_debris,False,1961,13,axle_counter,30.9,CLEAR,False,30.181,False,KOL-HOW,reduce_speed
192,17.859,clear,False,7,fallen_tree,False,3480,46,track_circuit,0.0,CLEAR,False,3.529,False,HYB-SEC,reduce_speed
121,6.67,fog,False,2,environmental_false_positive,True,478,49,accelerometer,0.0,CLEAR,False,14.201,False,DEL-AGRA,proceed_with_caution
143,6.936,snow,True,2,broken_rail,False,3876,17,accelerometer,0.0,CLEAR,True,21.704,False,CHN-BGLR,reduce_speed
131,18.428,rain,False,5,cattle_crossing,False,3993,90,track_circuit,0.0,OCCUPIED,True,49.836,True,DEL-AGRA,proceed_with_caution
97,2.173,heavy_rain,False,6,track_buckling,False,1643,92,accelerometer,57.65,CLEAR,False,6.689,False,DEL-AGRA,reduce_speed
50,19.245,rain,True,4,track_buckling,False,2608,49,vibration,0.0,CLEAR,True,46.418,False,CHN-BGLR,proceed_with_caution
113,12.538,snow,False,8,unknown_obstruction,False,27,2,track_circuit,89.88,CLEAR,True,39.828,False,MUM-PUNE,proceed_with_caution
81,8.994,flood,True,5,equipment_failure_ahead,True,87,46,axle_counter,92.23,OCCUPIED,True,42.13,False,MUM-PUNE,reroute
109,15.899,clear,False,3,water_logging,False,795,79,vibration,61.45,OCCUPIED,True,16.3,False,KOL-HOW,proceed_with_caution
141,4.225,snow,False,7,landslide_debris,False,1523,82,vibration,67.1,CLEAR,False,15.148,False,CHN-BGLR,reduce_speed
136,2.671,snow,True,7,signal_cable_theft,True,4346,20,axle_counter,0.0,OCCUPIED,False,1.904,False,KOL-HOW,reduce_speed
77,15.508,clear,False,6,signal_cable_theft,False,2384,20,accelerometer,0.0,CLEAR,True,44.259,False,CHN-BGLR,reduce_speed
194,19.094,clear,False,5,water_logging,False,3577,9,accelerometer,0.0,CLEAR,False,22.966,False,HYB-SEC,proceed_with_caution
67,8.691,fog,True,5,cattle_crossing,False,3913,34,axle_counter,0.0,OCCUPIED,False,45.997,False,KOL-HOW,reduce_speed
62,1.823,rain,True,6,water_logging,False,3024,95,accelerometer,0.0,CLEAR,True,30.807,False,KOL-HOW,reduce_speed
94,7.723,clear,True,4,boulder,False,4447,96,axle_counter,0.0,CLEAR,False,26.333,False,CHN-BGLR,proceed_with_caution
194,2.079,rain,True,7,landslide_debris,False,3996,16,accelerometer,6.19,CLEAR,False,3.54,False,KOL-HOW,reduce_speed
59,12.816,flood,True,1,landslide_debris,False,2368,37,vibration,0.0,CLEAR,True,24.115,False,HYB-SEC,proceed_with_caution
182,12.421,clear,True,7,cattle_crossing,False,2334,76,accelerometer,16.23,CLEAR,True,7.745,False,KOL-HOW,reduce_speed
138,12.437,fog,False,9,fallen_tree,False,2891,74,axle_counter,22.36,OCCUPIED,True,48.658,False,DEL-AGRA,emergency_stop
196,5.056,clear,False,7,cattle_crossing,False,1123,96,axle_counter,30.99,CLEAR,True,6.811,False,HYB-SEC,reduce_speed
63,3.795,snow,True,4,fallen_tree,False,3469,19,track_circuit,21.71,OCCUPIED,True,30.802,False,HYB-SEC,reduce_speed
91,15.761,clear,True,4,environmental_false_positive,False,4921,75,accelerometer,0.0,CLEAR,True,42.958,False,MUM-PUNE,proceed_with_caution
98,12.34,flood,False,5,landslide_debris,False,2565,34,accelerometer,11.33,CLEAR,False,28.769,False,KOL-HOW,proceed_with_caution
145,1.571,rain,True,6,broken_rail,False,2540,10,vibration,0.0,OCCUPIED,True,1.443,False,MUM-PUNE,emergency_stop
198,4.421,clear,True,10,cattle_crossing,False,3988,24,track_circuit,32.56,CLEAR,True,13.951,False,MUM-PUNE,emergency_stop
147,12.36,rain,True,7,sensor_miscount,False,2286,44,axle_counter,0.0,CLEAR,True,15.704,False,CHN-BGLR,reduce_speed
151,18.527,fog,False,5,broken_rail,False,47,80,axle_counter,81.07,CLEAR,True,17.266,False,MUM-PUNE,proceed_with_caution
111,0.958,rain,True,5,equipment_failure_ahead,False,1328,56,track_circuit,0.0,OCCUPIED,True,8.813,False,CHN-BGLR,emergency_stop
190,8.119,clear,False,8,water_logging,False,2465,5,accelerometer,49.29,CLEAR,False,26.497,False,DEL-AGRA,reduce_speed
151,17.279,flood,True,1,fallen_tree,True,4260,11,axle_counter,99.92,CLEAR,False,37.789,False,MUM-PUNE,proceed_with_caution
112,3.786,heavy_rain,True,5,track_buckling,True,3788,44,track_circuit,27.28,CLEAR,True,16.576,True,HYB-SEC,reduce_speed
154,17.696,clear,False,4,environmental_false_positive,True,4558,59,vibration,19.09,CLEAR,True,31.253,False,HYB-SEC,proceed_with_caution
184,10.23,rain,True,3,signal_cable_theft,True,3940,11,track_circuit,0.0,OCCUPIED,False,5.986,False,MUM-PUNE,proceed_with_caution
167,9.149,heavy_rain,False,6,equipment_failure_ahead,False,1738,49,accelerometer,0.0,CLEAR,True,14.103,False,DEL-AGRA,reduce_speed
179,1.887,rain,True,7,track_buckling,False,866,90,track_circuit,61.21,OCCUPIED,True,14.057,False,HYB-SEC,emergency_stop
107,7.122,flood,True,5,environmental_false_positive,False,1372,65,axle_counter,0.0,OCCUPIED,False,44.226,False,CHN-BGLR,proceed_with_caution
53,10.65,rain,True,3,equipment_failure_ahead,False,505,57,accelerometer,0.0,CLEAR,True,33.607,False,KOL-HOW,proceed_with_caution
144,13.351,snow,True,1,water_logging,False,3087,9,axle_counter,0.0,OCCUPIED,True,26.828,False,CHN-BGLR,reduce_speed
196,5.203,clear,True,6,sensor_miscount,False,4713,19,accelerometer,92.1,CLEAR,True,16.557,False,HYB-SEC,reduce_speed
91,12.988,clear,True,6,environmental_false_positive,True,4482,1,accelerometer,6.98,OCCUPIED,True,47.64,False,KOL-HOW,reduce_speed
197,9.492,rain,True,7,signal_cable_theft,True,2626,60,axle_counter,0.0,CLEAR,True,34.884,False,KOL-HOW,reduce_speed
109,16.678,clear,True,1,water_logging,True,16,51,vibration,0.0,OCCUPIED,True,0.417,False,KOL-HOW,proceed_with_caution
165,3.638,clear,False,5,track_buckling,False,1868,92,vibration,74.7,CLEAR,True,13.608,True,CHN-BGLR,proceed_with_caution
107,0.507,rain,True,6,environmental_false_positive,False,3155,57,vibration,0.0,CLEAR,True,46.805,False,CHN-BGLR,emergency_stop
138,3.821,heavy_rain,True,1,boulder,True,447,70,vibration,67.11,CLEAR,True,1.447,False,CHN-BGLR,reduce_speed
161,2.5,fog,True,9,equipment_failure_ahead,False,586,80,vibration,0.0,CLEAR,True,14.329,False,HYB-SEC,emergency_stop
147,14.888,clear,False,1,broken_rail,False,3775,88,accelerometer,0.0,CLEAR,True,25.321,False,CHN-BGLR,proceed_with_caution
173,1.405,rain,True,3,unknown_obstruction,False,3277,25,accelerometer,50.23,CLEAR,False,21.22,False,MUM-PUNE,proceed_with_caution
185,17.128,rain,True,3,water_logging,False,3577,46,accelerometer,0.0,CLEAR,False,5.62,False,KOL-HOW,proceed_with_caution
163,7.601,fog,False,6,signal_cable_theft,True,3229,97,accelerometer,5.8,CLEAR,True,23.112,False,CHN-BGLR,reduce_speed
177,2.474,clear,False,2,environmental_false_positive,False,4750,11,axle_counter,0.0,CLEAR,True,7.257,False,MUM-PUNE,proceed_with_caution
175,0.091,heavy_rain,False,2,equipment_failure_ahead,True,1246,95,track_circuit,93.88,CLEAR,True,36.316,False,CHN-BGLR,proceed_with_caution
140,4.196,fog,False,10,landslide_debris,True,1427,61,vibration,0.0,CLEAR,False,11.842,False,KOL-HOW,reduce_speed
101,0.278,rain,False,3,cattle_crossing,False,312,13,vibration,42.94,OCCUPIED,True,4.144,False,HYB-SEC,emergency_stop
92,17.549,flood,True,3,track_buckling,True,4152,78,track_circuit,0.0,CLEAR,True,13.386,False,CHN-BGLR,proceed_with_caution
108,11.394,flood,True,5,sensor_miscount,False,4079,42,vibration,0.0,CLEAR,True,15.167,False,HYB-SEC,proceed_with_caution
58,1.662,clear,False,4,cattle_crossing,False,2587,61,accelerometer,20.56,CLEAR,False,34.451,False,KOL-HOW,proceed_with_caution
186,9.115,rain,True,4,signal_cable_theft,False,909,59,track_circuit,20.38,CLEAR,True,8.153,True,DEL-AGRA,proceed_with_caution
