train_speed_kmh,distance_to_obstacle_km,environmental_condition,weather_alert,signal_quality_percent,severity_score,obstruction_type,alternative_route_available,communication_latency_ms,axle_balance,ahead_section_status,known_train_schedule,distance_from_station_km,sensor_type,time_to_obstacle_min,braking_distance_required_km,effective_distance_km,safe_stopping_possible,rule_label,label,label_noised
125.3,13.28,heavy_rain,True,64.0,3,sensor_miscount,True,1806,,CLEAR,True,6.43,axle_counter,6.36,5.024,13.217,True,reduce_speed,reduce_speed,False
99.8,7.44,clear,False,53.8,6,stranded_vehicle,True,1495,1.0257,CLEAR,False,24.51,accelerometer,4.47,1.992,7.399,True,reduce_speed,reduce_speed,False
56.6,4.7,heavy_rain,True,52.5,1,environmental_false_positive,False,453,,OCCUPIED,True,3.28,track_circuit,4.98,1.025,4.693,True,reduce_speed,reduce_speed,False
198.6,1.86,fog,False,31.9,8,fallen_tree,True,1992,1.029,CLEAR,True,19.06,track_circuit,0.56,8.677,1.75,False,reroute,reroute,False
72.1,2.21,clear,False,77.0,2,cattle_crossing,True,1986,1.0121,CLEAR,True,16.12,vibration,1.84,1.04,2.17,True,proceed_with_caution,proceed_with_caution,False
84.6,19.2,flood,True,73.2,7,track_buckling,True,129,,CLEAR,True,5.28,vibration,13.62,2.433,19.197,True,reroute,reroute,False
81.6,15.81,fog,False,76.8,4,cattle_crossing,True,100,1.0406,CLEAR,True,23.42,axle_counter,11.63,1.465,15.808,True,proceed_with_caution,proceed_with_caution,False
185.7,5.05,heavy_rain,True,95.9,7,boulder,False,527,1.0624,CLEAR,True,5.43,vibration,1.63,11.035,5.023,False,emergency_stop,emergency_stop,False
163.4,10.68,clear,False,63.1,8,boulder,True,1599,,OCCUPIED,True,13.13,vibration,3.92,5.34,10.607,True,reduce_speed,reduce_speed,False
115.9,14.34,rain,False,91.7,9,broken_rail,False,1216,0.9504,CLEAR,True,19.87,axle_counter,7.42,3.493,14.301,True,emergency_stop,emergency_stop,False
193.1,7.18,clear,False,61.1,8,fallen_tree,False,1050,,CLEAR,True,19.21,accelerometer,2.23,7.458,7.124,False,emergency_stop,emergency_stop,False
53.2,8.91,snow,False,63.4,6,boulder,False,860,1.045,OCCUPIED,True,8.33,vibration,10.05,1.075,8.897,True,reduce_speed,emergency_stop,True
183.5,14.42,rain,False,74.3,8,unknown_obstruction,False,985,1.0319,CLEAR,True,21.06,vibration,4.71,8.755,14.37,True,reduce_speed,reduce_speed,False
54.4,4.7,heavy_rain,False,45.1,7,landslide_debris,True,1293,0.9549,CLEAR,True,24.07,track_circuit,5.18,0.947,4.68,True,reroute,reroute,False
105.6,10.62,clear,False,45.2,2,cattle_crossing,False,174,1.0468,CLEAR,True,12.11,track_circuit,6.03,2.23,10.615,True,reduce_speed,reduce_speed,False
53.4,4.36,clear,False,65.7,1,cattle_crossing,False,1194,0.9623,CLEAR,True,16.48,track_circuit,4.9,0.57,4.342,True,proceed_with_caution,proceed_with_caution,False
199.8,0.26,rain,False,34.8,8,fallen_tree,True,480,1.0404,OCCUPIED,False,9.43,vibration,0.08,10.379,0.233,False,reroute,reroute,False
186.7,13.87,clear,False,46.6,7,water_logging,True,1587,,CLEAR,True,9.18,vibration,4.46,6.971,13.788,True,reroute,reroute,False
135.6,14.2,heavy_rain,True,85.5,8,landslide_debris,False,431,,CLEAR,True,12.01,track_circuit,6.28,5.884,14.184,True,reduce_speed,reduce_speed,False
78.8,19.92,rain,False,62.5,2,sensor_miscount,False,188,0.9678,CLEAR,True,5.33,axle_counter,15.17,1.614,19.916,True,proceed_with_caution,proceed_with_caution,False
87.9,3.78,fog,False,31.9,7,track_buckling,False,898,1.008,OCCUPIED,True,17.39,track_circuit,2.58,1.7,3.758,True,reduce_speed,reduce_speed,False
114.7,14.84,clear,False,34.3,8,track_buckling,True,909,,OCCUPIED,False,4.56,track_circuit,7.76,2.631,14.811,True,reroute,reroute,False
95.0,18.97,flood,False,94.4,5,fallen_tree,True,1061,0.9372,CLEAR,True,0.63,accelerometer,11.98,3.068,18.942,True,reduce_speed,reduce_speed,False
48.3,12.96,snow,True,97.0,7,unknown_obstruction,False,1727,1.0361,OCCUPIED,True,11.27,axle_counter,16.1,0.886,12.937,True,reduce_speed,reduce_speed,False
146.7,19.27,heavy_rain,False,74.9,3,environmental_false_positive,True,1415,,CLEAR,True,2.37,track_circuit,7.88,6.887,19.212,True,proceed_with_caution,proceed_with_caution,False
140.1,19.89,clear,False,42.9,8,equipment_failure_ahead,False,757,1.0516,OCCUPIED,True,14.28,axle_counter,8.52,3.926,19.861,True,reduce_speed,reduce_speed,False
185.2,16.07,rain,False,55.8,4,signal_cable_theft,False,1467,,CLEAR,True,13.25,track_circuit,5.21,8.918,15.995,True,reduce_speed,reduce_speed,False
118.9,19.99,clear,False,51.4,7,signal_cable_theft,False,1032,,CLEAR,True,3.86,vibration,10.09,2.827,19.956,True,reduce_speed,reduce_speed,False
98.4,12.59,clear,False,85.0,2,cattle_crossing,True,486,,CLEAR,False,6.53,accelerometer,7.68,1.937,12.577,True,proceed_with_caution,proceed_with_caution,False
124.3,10.04,fog,False,67.6,8,unknown_obstruction,False,92,0.9921,CLEAR,True,1.1,axle_counter,4.85,3.399,10.037,True,reduce_speed,reduce_speed,False
75.2,18.37,fog,False,84.6,3,cattle_crossing,False,57,,CLEAR,True,15.05,axle_counter,14.66,1.244,18.369,True,proceed_with_caution,proceed_with_caution,False
142.0,16.65,flood,True,55.2,8,stranded_vehicle,False,487,1.0562,CLEAR,True,7.68,track_circuit,7.04,6.856,16.631,True,reduce_speed,reduce_speed,False
164.4,2.38,clear,False,90.9,6,signal_cable_theft,False,1648,0.9935,CLEAR,True,17.97,axle_counter,0.87,5.405,2.305,False,emergency_stop,emergency_stop,False
68.8,6.19,clear,False,60.0,2,cattle_crossing,False,954,0.8898,CLEAR,True,15.93,track_circuit,5.4,0.947,6.172,True,proceed_with_caution,proceed_with_caution,False
94.3,5.36,rain,False,59.2,9,boulder,True,931,1.048,CLEAR,True,9.65,track_circuit,3.41,2.312,5.336,True,emergency_stop,emergency_stop,False
179.5,17.13,clear,False,64.2,4,water_logging,False,828,1.0238,CLEAR,False,1.03,accelerometer,5.73,6.444,17.089,True,reduce_speed,reduce_speed,False
123.4,4.82,clear,False,71.4,8,fallen_tree,True,549,1.009,CLEAR,True,8.34,axle_counter,2.34,3.046,4.801,True,reduce_speed,reduce_speed,False
127.4,6.22,rain,False,92.6,4,environmental_false_positive,False,1444,0.9295,CLEAR,True,8.46,axle_counter,2.93,4.22,6.169,True,proceed_with_caution,proceed_with_caution,False
157.0,10.47,clear,False,62.0,7,stranded_vehicle,True,74,,OCCUPIED,True,8.65,track_circuit,4.0,4.93,10.467,True,reroute,reroute,False
134.6,1.71,fog,False,95.1,4,environmental_false_positive,False,1243,0.9571,CLEAR,True,23.86,vibration,0.76,3.986,1.664,False,emergency_stop,emergency_stop,False
55.8,19.23,clear,False,57.6,6,water_logging,False,1877,0.965,CLEAR,True,4.53,track_circuit,20.68,0.623,19.201,True,reduce_speed,reduce_speed,False
169.6,9.92,heavy_rain,True,52.7,4,sensor_miscount,False,1767,0.9706,OCCUPIED,False,7.12,axle_counter,3.51,9.205,9.837,True,reduce_speed,reduce_speed,False
188.0,3.97,fog,False,50.7,8,boulder,True,770,0.9291,OCCUPIED,True,20.89,vibration,1.27,7.776,3.93,False,reroute,reroute,False
53.3,5.56,clear,False,31.5,9,unknown_obstruction,True,1717,1.1291,CLEAR,True,23.17,axle_counter,6.26,0.568,5.535,True,reduce_speed,reduce_speed,False
63.8,16.0,heavy_rain,True,89.4,1,cattle_crossing,True,513,1.0901,OCCUPIED,True,11.97,accelerometer,15.05,1.303,15.991,True,reduce_speed,reduce_speed,False
153.8,12.75,heavy_rain,False,35.5,7,fallen_tree,False,520,1.0166,CLEAR,True,13.73,track_circuit,4.97,7.569,12.728,True,reduce_speed,reduce_speed,False
138.7,9.4,clear,False,53.4,4,fallen_tree,True,720,,CLEAR,True,1.8,vibration,4.07,3.848,9.372,True,reduce_speed,reduce_speed,False
104.3,6.77,clear,False,47.5,5,fallen_tree,False,84,1.1096,CLEAR,True,20.3,accelerometer,3.89,2.176,6.768,True,reduce_speed,reduce_speed,False
128.6,18.03,fog,False,82.1,7,stranded_vehicle,True,568,1.0974,OCCUPIED,True,15.07,axle_counter,8.41,3.638,18.01,True,reduce_speed,reduce_speed,False
154.0,15.5,clear,False,95.3,5,sensor_miscount,False,1717,0.9556,OCCUPIED,True,12.24,vibration,6.04,4.743,15.427,True,reduce_speed,reduce_speed,False
123.2,14.42,clear,True,87.2,9,equipment_failure_ahead,False,1537,1.0149,CLEAR,False,7.91,track_circuit,7.02,3.036,14.367,True,emergency_stop,emergency_stop,False
66.7,9.03,clear,False,52.4,5,signal_cable_theft,False,692,0.9891,CLEAR,False,11.37,vibration,8.12,0.89,9.017,True,reduce_speed,reduce_speed,False
58.9,19.63,heavy_rain,True,61.9,3,cattle_crossing,False,659,0.9838,CLEAR,True,18.52,accelerometer,20.0,1.11,19.619,True,reduce_speed,reduce_speed,False
113.0,14.26,fog,False,47.3,3,water_logging,False,727,0.9901,CLEAR,False,2.48,vibration,7.57,2.809,14.237,True,reduce_speed,reduce_speed,False
188.0,8.59,fog,False,94.7,3,environmental_false_positive,False,282,0.9949,CLEAR,True,12.92,accelerometer,2.74,7.776,8.575,True,proceed_with_caution,proceed_with_caution,False
131.5,19.22,heavy_rain,True,38.3,2,environmental_false_positive,True,359,,CLEAR,False,1.35,axle_counter,8.77,5.534,19.207,True,reduce_speed,reduce_speed,False
100.5,17.94,rain,True,96.6,8,fallen_tree,False,1986,1.013,CLEAR,True,19.42,axle_counter,10.71,2.626,17.885,True,reduce_speed,reduce_speed,False
185.8,14.85,rain,False,87.0,9,equipment_failure_ahead,False,1402,1.0863,OCCUPIED,True,5.67,track_circuit,4.8,8.976,14.778,True,emergency_stop,emergency_stop,False
105.2,15.39,clear,False,79.8,4,water_logging,True,1371,,CLEAR,True,22.63,vibration,8.78,2.213,15.35,True,reduce_speed,reduce_speed,False
123.9,8.59,clear,False,84.2,1,environmental_false_positive,True,596,,CLEAR,True,12.16,accelerometer,4.16,3.07,8.569,True,proceed_with_caution,proceed_with_caution,False
63.1,10.25,fog,True,53.8,6,equipment_failure_ahead,False,1719,0.9355,CLEAR,False,11.7,axle_counter,9.75,0.876,10.22,True,reduce_speed,reduce_speed,False
159.3,3.99,rain,True,50.7,2,sensor_miscount,False,394,,CLEAR,True,9.33,track_circuit,1.5,6.598,3.973,False,emergency_stop,emergency_stop,False
153.5,11.99,rain,True,56.7,6,boulder,False,1939,1.0626,OCCUPIED,False,13.15,axle_counter,4.69,6.126,11.907,True,reduce_speed,reduce_speed,False
168.1,7.52,fog,False,42.7,8,broken_rail,True,1032,1.0341,CLEAR,True,8.78,vibration,2.68,6.217,7.472,True,reroute,reroute,False
95.4,7.08,rain,True,82.2,6,boulder,False,695,,CLEAR,True,9.32,accelerometer,4.45,2.366,7.062,True,reduce_speed,reduce_speed,False
112.6,18.97,rain,False,63.3,1,environmental_false_positive,True,1514,1.0171,CLEAR,True,5.29,track_circuit,10.11,3.296,18.923,True,proceed_with_caution,proceed_with_caution,False
71.1,3.46,rain,False,92.0,4,fallen_tree,True,863,1.0991,CLEAR,True,8.96,track_circuit,2.92,1.314,3.443,True,reduce_speed,reduce_speed,False
194.5,16.63,clear,False,91.5,3,sensor_miscount,False,575,,CLEAR,True,20.39,axle_counter,5.13,7.566,16.599,True,proceed_with_caution,proceed_with_caution,False
58.3,5.77,clear,False,40.9,7,unknown_obstruction,True,1383,,OCCUPIED,True,6.52,track_circuit,5.94,0.68,5.748,True,reduce_speed,reduce_speed,False
145.6,0.77,clear,False,45.3,8,track_buckling,True,1458,1.0579,CLEAR,False,20.62,accelerometer,0.32,4.24,0.711,False,reroute,reroute,False
154.3,1.0,clear,False,58.7,7,water_logging,True,1226,,CLEAR,True,21.6,axle_counter,0.39,4.762,0.947,False,reroute,reroute,False
69.4,8.7,clear,False,38.3,5,signal_cable_theft,True,951,,CLEAR,True,16.83,axle_counter,7.52,0.963,8.682,True,reduce_speed,reduce_speed,False
101.6,9.2,heavy_rain,True,78.3,5,water_logging,True,691,1.1244,CLEAR,True,1.25,track_circuit,5.43,3.303,9.18,True,reduce_speed,reduce_speed,False
51.7,6.54,clear,False,81.6,7,boulder,True,837,,CLEAR,True,14.25,axle_counter,7.59,0.535,6.528,True,reduce_speed,reduce_speed,False
131.3,13.44,clear,False,80.5,8,landslide_debris,False,1755,1.0658,CLEAR,False,20.91,accelerometer,6.14,3.448,13.376,True,reduce_speed,reduce_speed,False
199.2,9.81,clear,False,62.9,5,water_logging,False,751,,OCCUPIED,True,9.46,axle_counter,2.95,7.936,9.768,True,reduce_speed,reduce_speed,False
111.6,1.67,clear,False,89.0,5,signal_cable_theft,True,1936,,CLEAR,True,7.43,track_circuit,0.9,2.491,1.61,False,reroute,reroute,False
198.5,7.09,fog,False,72.4,1,cattle_crossing,False,334,0.9949,OCCUPIED,True,8.37,track_circuit,2.14,8.668,7.072,False,emergency_stop,emergency_stop,False
64.6,2.22,rain,False,99.6,8,boulder,False,367,,CLEAR,True,10.87,accelerometer,2.06,1.085,2.213,True,reduce_speed,reduce_speed,False
105.8,1.45,heavy_rain,True,87.1,6,water_logging,True,698,1.0376,CLEAR,True,2.22,accelerometer,0.82,3.582,1.429,False,reroute,reroute,False
184.8,4.32,fog,False,80.6,5,stranded_vehicle,True,55,0.8292,CLEAR,True,6.32,track_circuit,1.4,7.513,4.317,False,reroute,reroute,False
180.9,14.07,clear,False,38.6,8,fallen_tree,True,1765,1.0372,CLEAR,False,16.35,axle_counter,4.67,6.545,13.981,True,reduce_speed,reduce_speed,False
95.2,13.98,heavy_rain,False,88.3,2,sensor_miscount,False,714,0.9895,CLEAR,True,12.08,track_circuit,8.81,2.9,13.961,True,proceed_with_caution,proceed_with_caution,False
150.2,17.26,clear,False,51.4,4,fallen_tree,False,249,,CLEAR,True,6.56,axle_counter,6.89,4.512,17.25,True,reduce_speed,reduce_speed,False
182.4,15.18,clear,False,59.3,3,cattle_crossing,True,1256,1.1144,CLEAR,True,23.31,track_circuit,4.99,6.654,15.116,True,reduce_speed,reduce_speed,False
163.9,10.8,clear,False,62.4,8,unknown_obstruction,True,1919,0.9815,CLEAR,True,7.74,vibration,3.95,5.373,10.713,True,reduce_speed,reduce_speed,False
142.4,6.39,fog,False,53.2,2,cattle_crossing,True,1988,0.903,OCCUPIED,False,3.67,accelerometer,2.69,4.461,6.311,True,reduce_speed,reduce_speed,False
68.6,0.32,rain,True,37.6,9,broken_rail,False,259,1.0274,CLEAR,False,5.38,track_circuit,0.28,1.224,0.315,False,emergency_stop,emergency_stop,False
56.3,13.01,clear,False,44.0,7,landslide_debris,True,1596,1.0229,CLEAR,True,7.77,axle_counter,13.87,0.634,12.985,True,reroute,reroute,False
140.3,5.94,rain,False,86.2,8,boulder,False,756,0.9896,CLEAR,True,13.3,track_circuit,2.54,5.118,5.911,True,reduce_speed,reduce_speed,False
122.5,5.15,clear,False,75.7,7,boulder,False,1681,,OCCUPIED,True,2.12,track_circuit,2.52,3.001,5.093,True,reduce_speed,emergency_stop,True
81.9,19.5,fog,False,96.0,2,sensor_miscount,False,1232,,CLEAR,True,21.45,track_circuit,14.29,1.476,19.472,True,proceed_with_caution,proceed_with_caution,False
90.4,3.65,clear,False,87.5,1,environmental_false_positive,True,1477,1.0609,CLEAR,True,22.0,track_circuit,2.42,1.634,3.613,True,proceed_with_caution,proceed_with_caution,False
105.8,0.84,clear,False,58.2,9,track_buckling,False,1684,1.0194,OCCUPIED,True,8.3,accelerometer,0.48,2.239,0.791,False,emergency_stop,emergency_stop,False
121.8,19.0,clear,False,85.0,10,track_buckling,False,1796,,CLEAR,True,19.5,track_circuit,9.36,2.967,18.939,True,emergency_stop,emergency_stop,False
105.5,6.26,rain,False,70.4,6,fallen_tree,False,330,,OCCUPIED,True,15.19,accelerometer,3.56,2.894,6.25,True,reduce_speed,reduce_speed,False
105.0,7.99,clear,False,50.0,9,broken_rail,False,1462,0.9362,CLEAR,True,21.21,track_circuit,4.57,2.205,7.947,True,emergency_stop,emergency_stop,False
62.9,1.8,clear,False,98.3,6,signal_cable_theft,True,325,1.0459,CLEAR,False,7.29,axle_counter,1.72,0.791,1.794,True,reduce_speed,reduce_speed,False
179.2,8.2,clear,False,95.0,3,sensor_miscount,True,1891,1.018,OCCUPIED,True,15.45,axle_counter,2.75,6.423,8.106,True,proceed_with_caution,proceed_with_caution,False
139.4,19.45,flood,True,37.9,9,unknown_obstruction,False,1275,,CLEAR,True,2.28,accelerometer,8.37,6.607,19.401,True,emergency_stop,emergency_stop,False
67.6,13.94,snow,True,88.8,7,fallen_tree,False,425,0.963,CLEAR,True,0.73,track_circuit,12.37,1.737,13.932,True,reduce_speed,reroute,True
110.7,9.58,fog,False,35.4,6,signal_cable_theft,False,621,1.0288,CLEAR,True,21.93,track_circuit,5.19,2.696,9.561,True,reduce_speed,reduce_speed,False
109.6,6.29,clear,False,95.0,3,cattle_crossing,False,1797,0.9043,CLEAR,False,7.72,vibration,3.44,2.402,6.235,True,proceed_with_caution,proceed_with_caution,False
138.1,7.45,flood,True,73.7,8,fallen_tree,False,1307,,CLEAR,True,11.41,vibration,3.24,6.484,7.4,True,reduce_speed,reduce_speed,False
139.4,12.3,heavy_rain,True,41.7,6,unknown_obstruction,False,497,0.9577,CLEAR,True,6.18,vibration,5.29,6.218,12.281,True,reduce_speed,reduce_speed,False
145.0,5.24,fog,False,87.2,10,landslide_debris,True,1650,1.0298,CLEAR,False,21.98,track_circuit,2.17,4.626,5.174,True,emergency_stop,reroute,True
153.2,3.21,clear,False,66.1,5,sensor_miscount,True,1451,0.9709,OCCUPIED,True,9.92,track_circuit,1.26,4.694,3.148,False,reroute,reroute,False
61.0,13.99,clear,False,34.2,3,sensor_miscount,False,199,0.9176,CLEAR,True,4.89,vibration,13.76,0.744,13.987,True,reduce_speed,reduce_speed,False
92.3,17.42,clear,False,85.9,7,unknown_obstruction,False,602,0.9659,CLEAR,True,15.4,axle_counter,11.32,1.704,17.405,True,reduce_speed,reduce_speed,False
47.7,18.05,snow,False,85.2,3,cattle_crossing,False,1697,1.0359,CLEAR,True,5.53,axle_counter,22.7,0.865,18.028,True,proceed_with_caution,proceed_with_caution,False
115.5,16.86,rain,False,63.7,6,fallen_tree,False,734,,OCCUPIED,True,6.89,track_circuit,8.76,3.468,16.836,True,reduce_speed,reduce_speed,False
111.6,10.71,clear,False,81.2,3,environmental_false_positive,False,123,0.9553,CLEAR,True,16.98,track_circuit,5.76,2.491,10.706,True,proceed_with_caution,proceed_with_caution,False
158.8,15.82,clear,False,32.8,1,environmental_false_positive,True,1228,1.0504,CLEAR,True,24.0,accelerometer,5.98,5.043,15.766,True,reduce_speed,reduce_speed,False
70.9,18.54,rain,False,52.3,3,cattle_crossing,False,1803,,CLEAR,True,18.99,vibration,15.69,1.307,18.504,True,reduce_speed,reduce_speed,False
142.9,0.66,clear,False,77.1,5,sensor_miscount,False,1135,1.0545,OCCUPIED,False,3.54,track_circuit,0.28,4.084,0.615,False,emergency_stop,emergency_stop,False
92.5,8.36,heavy_rain,True,46.1,5,fallen_tree,True,1953,,OCCUPIED,True,8.16,accelerometer,5.42,2.738,8.31,True,reduce_speed,reduce_speed,False
104.2,4.24,fog,False,61.5,8,broken_rail,True,272,1.0142,CLEAR,True,20.01,axle_counter,2.44,2.389,4.232,True,reroute,reroute,False
156.5,19.94,fog,False,95.2,4,environmental_false_positive,True,1352,0.9915,CLEAR,True,7.24,track_circuit,7.64,5.388,19.881,True,proceed_with_caution,proceed_with_caution,False
56.1,18.61,clear,False,87.9,4,fallen_tree,True,1317,,CLEAR,True,18.63,track_circuit,19.9,0.629,18.589,True,reduce_speed,reduce_speed,False
98.1,16.08,rain,False,69.1,4,cattle_crossing,False,1970,0.9226,CLEAR,True,12.06,vibration,9.83,2.502,16.026,True,proceed_with_caution,reroute,True
105.7,6.06,rain,False,70.4,6,equipment_failure_ahead,False,1066,1.0479,CLEAR,True,22.17,track_circuit,3.44,2.905,6.029,True,reduce_speed,reduce_speed,False
155.9,19.05,rain,False,92.1,4,environmental_false_positive,False,1653,1.0111,OCCUPIED,True,9.3,axle_counter,7.33,6.319,18.978,True,proceed_with_caution,proceed_with_caution,False
75.9,0.78,clear,False,90.4,6,unknown_obstruction,False,333,1.0048,CLEAR,True,23.4,vibration,0.62,1.152,0.773,False,emergency_stop,emergency_stop,False
191.8,3.92,clear,False,36.2,7,water_logging,False,136,0.961,CLEAR,True,10.48,track_circuit,1.23,7.357,3.913,False,emergency_stop,emergency_stop,False
199.7,12.41,clear,False,62.6,6,equipment_failure_ahead,False,1447,1.0649,CLEAR,True,18.29,accelerometer,3.73,7.976,12.33,True,reduce_speed,reduce_speed,False
171.9,15.9,rain,True,43.4,6,boulder,True,57,0.9262,CLEAR,True,5.28,track_circuit,5.55,7.683,15.897,True,reduce_speed,reduce_speed,False
91.5,17.7,clear,False,35.8,2,cattle_crossing,True,1756,0.9467,CLEAR,True,13.5,axle_counter,11.61,1.674,17.655,True,reduce_speed,reduce_speed,False
147.9,6.15,clear,False,50.5,1,cattle_crossing,False,90,0.9809,CLEAR,True,8.1,vibration,2.49,4.375,6.146,True,reduce_speed,reduce_speed,False
57.9,7.94,clear,False,72.7,1,environmental_false_positive,False,1393,,OCCUPIED,True,0.81,axle_counter,8.23,0.67,7.918,True,proceed_with_caution,proceed_with_caution,False
180.0,9.21,rain,False,85.6,6,unknown_obstruction,False,931,0.9471,CLEAR,True,11.21,axle_counter,3.07,8.424,9.163,True,reduce_speed,reduce_speed,False
125.0,0.73,clear,False,93.9,4,sensor_miscount,False,1309,,CLEAR,True,4.73,axle_counter,0.35,3.125,0.685,False,emergency_stop,proceed_with_caution,True
72.3,17.31,snow,True,59.6,4,signal_cable_theft,True,1266,0.9493,OCCUPIED,True,23.99,accelerometer,14.37,1.986,17.285,True,reduce_speed,reduce_speed,False
95.7,6.89,rain,True,59.6,5,water_logging,True,916,1.0469,CLEAR,True,20.31,vibration,4.32,2.381,6.866,True,reduce_speed,reduce_speed,False
169.1,4.15,clear,False,40.7,1,cattle_crossing,False,989,,CLEAR,True,18.62,vibration,1.47,5.719,4.104,False,emergency_stop,emergency_stop,False
179.9,8.3,rain,False,43.6,4,cattle_crossing,False,1032,0.9899,OCCUPIED,True,11.61,track_circuit,2.77,8.415,8.248,False,emergency_stop,emergency_stop,False
125.6,14.27,clear,False,37.2,7,landslide_debris,True,1371,0.9149,OCCUPIED,True,6.85,axle_counter,6.82,3.155,14.222,True,reduce_speed,reduce_speed,False
119.4,17.44,flood,True,98.3,3,cattle_crossing,False,1435,,CLEAR,True,8.45,axle_counter,8.76,4.847,17.392,True,reduce_speed,reduce_speed,False
161.4,4.46,rain,False,38.9,3,environmental_false_positive,True,927,,CLEAR,True,5.51,track_circuit,1.66,6.773,4.418,False,reroute,proceed_with_caution,True
173.1,3.62,heavy_rain,False,83.0,2,sensor_miscount,False,737,0.9683,CLEAR,True,14.02,vibration,1.25,9.588,3.585,False,emergency_stop,emergency_stop,False
163.6,18.89,clear,False,52.2,3,environmental_false_positive,False,133,,OCCUPIED,True,20.38,track_circuit,6.93,5.353,18.884,True,reduce_speed,reduce_speed,False
104.6,11.11,rain,True,67.6,3,water_logging,False,1570,1.0522,CLEAR,True,5.09,track_circuit,6.37,2.845,11.064,True,reduce_speed,reduce_speed,False
144.5,7.44,rain,False,91.1,1,cattle_crossing,False,491,0.9909,CLEAR,True,0.61,track_circuit,3.09,5.429,7.42,True,proceed_with_caution,proceed_with_caution,False
177.9,4.15,snow,True,95.5,7,landslide_debris,False,897,,CLEAR,True,3.58,track_circuit,1.4,12.026,4.106,False,emergency_stop,emergency_stop,False
68.5,19.91,rain,False,46.8,4,water_logging,False,1986,0.9587,CLEAR,True,11.79,track_circuit,17.44,1.22,19.872,True,reduce_speed,reduce_speed,False
105.2,14.44,rain,False,93.8,3,cattle_crossing,False,1581,0.9719,OCCUPIED,False,0.96,axle_counter,8.24,2.877,14.394,True,proceed_with_caution,proceed_with_caution,False
53.8,4.51,clear,False,47.6,6,fallen_tree,False,724,1.0374,CLEAR,True,10.38,axle_counter,5.03,0.579,4.499,True,reduce_speed,reduce_speed,False
108.4,2.01,clear,False,86.3,9,landslide_debris,False,976,,CLEAR,True,3.22,track_circuit,1.11,2.35,1.981,False,emergency_stop,emergency_stop,False
164.7,4.15,rain,False,31.1,4,sensor_miscount,False,683,,CLEAR,False,3.14,track_circuit,1.51,7.053,4.119,False,emergency_stop,emergency_stop,False
75.5,5.11,clear,False,67.5,6,water_logging,False,1271,1.0378,CLEAR,True,17.96,vibration,4.06,1.14,5.083,True,reduce_speed,reduce_speed,False
129.0,2.4,clear,False,80.8,3,water_logging,False,348,,CLEAR,True,24.99,track_circuit,1.12,3.328,2.388,False,emergency_stop,emergency_stop,False
50.7,4.75,heavy_rain,True,88.7,7,fallen_tree,True,1908,0.9199,CLEAR,True,5.26,axle_counter,5.62,0.823,4.723,True,reduce_speed,reduce_speed,False
184.1,2.51,snow,False,88.9,3,cattle_crossing,True,1975,,CLEAR,True,6.12,axle_counter,0.82,12.879,2.409,False,reroute,reroute,False
172.1,7.68,clear,False,50.9,6,water_logging,True,632,1.0361,CLEAR,False,7.76,axle_counter,2.68,5.924,7.65,True,reduce_speed,reduce_speed,False
126.3,9.83,rain,False,89.7,4,cattle_crossing,False,499,0.9176,CLEAR,True,19.74,accelerometer,4.67,4.147,9.812,True,proceed_with_caution,proceed_with_caution,False
154.4,9.21,clear,False,52.7,10,broken_rail,True,1102,0.9771,CLEAR,False,12.89,axle_counter,3.58,4.768,9.163,True,emergency_stop,emergency_stop,False
61.1,16.62,fog,False,46.4,9,landslide_debris,False,1311,0.9932,OCCUPIED,False,14.48,accelerometer,16.32,0.821,16.598,True,emergency_stop,reroute,True
176.0,5.23,clear,False,30.1,7,unknown_obstruction,True,1305,,CLEAR,False,13.89,accelerometer,1.78,6.195,5.166,False,reroute,reroute,False
155.9,17.76,fog,False,46.5,7,landslide_debris,True,132,0.8999,OCCUPIED,True,23.47,track_circuit,6.84,5.347,17.754,True,reroute,reroute,False
63.6,18.18,fog,False,38.3,7,water_logging,False,1437,0.9295,CLEAR,True,1.35,track_circuit,17.15,0.89,18.155,True,reduce_speed,reduce_speed,False
197.0,19.2,fog,False,77.2,8,track_buckling,False,179,0.8914,CLEAR,True,4.37,track_circuit,5.85,8.538,19.19,True,reduce_speed,reduce_speed,False
48.5,3.78,clear,False,40.1,4,cattle_crossing,True,717,,CLEAR,True,9.86,track_circuit,4.68,0.47,3.77,True,reduce_speed,reduce_speed,False
142.4,5.07,snow,False,71.0,4,fallen_tree,False,1448,1.0238,CLEAR,False,12.46,axle_counter,2.14,7.706,5.013,False,emergency_stop,emergency_stop,False
71.6,12.55,clear,False,38.9,3,environmental_false_positive,True,1780,,OCCUPIED,True,3.29,track_circuit,10.52,1.025,12.515,True,reduce_speed,reduce_speed,False
156.5,2.99,clear,False,79.3,5,water_logging,False,1289,0.918,CLEAR,True,22.38,track_circuit,1.15,4.898,2.934,False,emergency_stop,emergency_stop,False
55.9,1.9,rain,False,50.0,7,signal_cable_theft,True,361,,CLEAR,False,17.11,track_circuit,2.04,0.812,1.894,True,reduce_speed,reduce_speed,False
57.6,1.66,clear,False,51.6,8,fallen_tree,True,1376,1.0264,CLEAR,True,23.34,vibration,1.73,0.664,1.638,True,reduce_speed,reduce_speed,False
117.3,12.2,heavy_rain,True,74.8,7,landslide_debris,True,122,,CLEAR,False,23.55,vibration,6.24,4.403,12.196,True,reroute,reroute,False
199.1,16.13,heavy_rain,False,95.7,7,water_logging,True,500,,CLEAR,True,13.06,accelerometer,4.86,12.685,16.102,True,reroute,reroute,False
87.9,5.33,clear,False,99.4,3,cattle_crossing,False,291,1.0083,OCCUPIED,True,21.4,track_circuit,3.64,1.545,5.323,True,proceed_with_caution,proceed_with_caution,False
139.9,18.68,flood,True,55.0,4,water_logging,False,1971,,OCCUPIED,True,18.55,track_circuit,8.01,6.654,18.603,True,reduce_speed,reduce_speed,False
125.4,15.88,clear,False,96.2,7,equipment_failure_ahead,True,768,0.9375,CLEAR,True,9.33,accelerometer,7.6,3.145,15.853,True,reduce_speed,reduce_speed,False
175.5,1.73,rain,True,72.9,4,sensor_miscount,False,1139,0.909,OCCUPIED,False,16.61,vibration,0.59,8.008,1.674,False,emergency_stop,emergency_stop,False
89.7,8.26,clear,False,93.5,9,equipment_failure_ahead,False,1592,0.9058,CLEAR,True,23.84,axle_counter,5.53,1.609,8.22,True,reduce_speed,reduce_speed,False
131.0,1.55,snow,True,31.9,6,fallen_tree,True,1941,,CLEAR,True,19.22,axle_counter,0.71,6.521,1.479,False,reroute,reroute,False
192.3,18.32,clear,False,32.3,4,environmental_false_positive,True,1992,0.9503,CLEAR,False,17.88,track_circuit,5.72,7.396,18.214,True,reduce_speed,reduce_speed,False
96.6,14.91,clear,False,35.2,3,cattle_crossing,True,370,,OCCUPIED,True,5.94,accelerometer,9.26,1.866,14.9,True,reduce_speed,reduce_speed,False
113.1,13.79,clear,False,86.3,10,broken_rail,False,818,1.0276,CLEAR,True,20.86,axle_counter,7.32,2.558,13.764,True,emergency_stop,emergency_stop,False
182.8,13.72,flood,True,39.7,5,equipment_failure_ahead,False,840,,OCCUPIED,True,10.05,axle_counter,4.5,11.361,13.677,True,reduce_speed,reduce_speed,False
96.5,5.85,snow,True,42.4,5,signal_cable_theft,True,1603,0.9907,CLEAR,False,15.79,axle_counter,3.64,3.539,5.807,True,reduce_speed,reduce_speed,False
104.0,18.68,fog,False,71.0,8,unknown_obstruction,True,704,0.9894,OCCUPIED,False,17.1,track_circuit,10.78,2.38,18.66,True,reduce_speed,reduce_speed,False
92.1,18.47,snow,True,97.0,4,sensor_miscount,True,501,,OCCUPIED,True,13.12,track_circuit,12.03,3.223,18.457,True,reduce_speed,reduce_speed,False
170.5,14.84,snow,False,69.7,9,boulder,True,1523,,CLEAR,True,4.56,vibration,5.22,11.047,14.768,True,emergency_stop,emergency_stop,False
189.2,9.48,rain,True,81.3,2,sensor_miscount,False,1015,0.9736,OCCUPIED,False,17.59,axle_counter,3.01,9.307,9.427,False,emergency_stop,emergency_stop,False
142.8,1.13,clear,False,43.1,1,cattle_crossing,False,1508,,OCCUPIED,False,6.56,track_circuit,0.47,4.078,1.07,False,emergency_stop,emergency_stop,False
141.7,0.76,heavy_rain,True,94.0,7,unknown_obstruction,True,791,0.8882,OCCUPIED,True,7.0,track_circuit,0.32,6.425,0.729,False,reroute,reroute,False
105.5,2.94,fog,False,33.9,3,environmental_false_positive,True,999,,CLEAR,True,3.61,accelerometer,1.67,2.449,2.911,True,reduce_speed,reduce_speed,False
46.9,12.0,clear,False,49.8,9,boulder,True,67,,CLEAR,True,15.69,track_circuit,15.35,0.44,11.999,True,emergency_stop,emergency_stop,False
72.0,16.0,clear,False,61.8,7,boulder,True,81,0.9836,OCCUPIED,True,3.38,axle_counter,13.33,1.037,15.998,True,reduce_speed,emergency_stop,True
67.9,18.98,fog,False,45.8,8,landslide_debris,False,50,1.0418,OCCUPIED,True,8.96,axle_counter,16.77,1.014,18.979,True,reduce_speed,reduce_speed,False
63.0,3.67,clear,False,76.5,2,cattle_crossing,False,391,,CLEAR,True,22.29,vibration,3.5,0.794,3.663,True,proceed_with_caution,proceed_with_caution,False
146.4,5.66,snow,True,77.5,10,landslide_debris,False,728,1.0156,OCCUPIED,True,11.6,vibration,2.32,8.145,5.63,False,emergency_stop,emergency_stop,False
66.1,1.27,clear,False,44.8,3,sensor_miscount,True,148,0.9434,OCCUPIED,False,22.42,accelerometer,1.15,0.874,1.267,True,reduce_speed,reduce_speed,False
58.3,19.78,clear,False,30.6,4,cattle_crossing,False,363,1.0045,OCCUPIED,True,12.57,track_circuit,20.36,0.68,19.774,True,reduce_speed,reduce_speed,False
104.3,15.66,heavy_rain,False,35.2,3,environmental_false_positive,False,1702,1.0153,CLEAR,False,4.88,accelerometer,9.01,3.481,15.611,True,reduce_speed,reduce_speed,False
83.6,9.72,clear,False,30.0,6,fallen_tree,True,1717,1.132,CLEAR,True,19.09,accelerometer,6.98,1.398,9.68,True,reduce_speed,reduce_speed,False
67.6,11.6,clear,False,93.4,2,cattle_crossing,False,615,,CLEAR,False,9.16,axle_counter,10.3,0.914,11.588,True,proceed_with_caution,proceed_with_caution,False
67.6,11.33,rain,False,73.5,6,boulder,False,1896,,CLEAR,True,24.18,axle_counter,10.06,1.188,11.294,True,reduce_speed,reduce_speed,False
84.7,5.24,snow,False,39.7,9,unknown_obstruction,False,280,,CLEAR,True,6.92,track_circuit,3.71,2.726,5.233,True,emergency_stop,emergency_stop,False
128.2,3.87,clear,False,36.5,9,boulder,False,111,,CLEAR,True,20.64,axle_counter,1.81,3.287,3.866,True,emergency_stop,emergency_stop,False
162.5,6.08,clear,False,87.2,7,boulder,True,740,1.0522,CLEAR,True,12.6,track_circuit,2.24,5.281,6.047,True,reduce_speed,reduce_speed,False
177.2,5.09,heavy_rain,True,86.8,9,track_buckling,False,566,,CLEAR,True,21.13,track_circuit,1.72,10.048,5.062,False,emergency_stop,emergency_stop,False
161.5,11.24,flood,True,94.9,3,environmental_false_positive,False,200,1.0157,CLEAR,True,4.98,accelerometer,4.18,8.868,11.231,True,reduce_speed,reduce_speed,False
142.4,6.3,rain,True,41.1,8,boulder,False,1703,,OCCUPIED,True,16.02,track_circuit,2.65,5.272,6.233,True,reduce_speed,reduce_speed,False
185.7,14.63,clear,False,66.6,10,broken_rail,True,1959,1.028,CLEAR,False,3.27,axle_counter,4.73,6.897,14.529,True,emergency_stop,emergency_stop,False
125.6,11.45,clear,False,38.5,3,sensor_miscount,True,577,1.0168,CLEAR,True,20.24,track_circuit,5.47,3.155,11.43,True,reduce_speed,reduce_speed,False
143.2,10.74,clear,False,85.7,3,sensor_miscount,False,664,1.133,OCCUPIED,True,6.27,track_circuit,4.5,4.101,10.714,True,proceed_with_caution,proceed_with_caution,False
108.8,19.04,clear,False,58.9,9,track_buckling,False,1451,1.0445,OCCUPIED,True,10.98,track_circuit,10.5,2.367,18.996,True,emergency_stop,emergency_stop,False
95.7,6.58,fog,False,78.7,9,landslide_debris,True,1870,0.944,OCCUPIED,True,16.57,track_circuit,4.13,2.015,6.53,True,emergency_stop,emergency_stop,False
96.4,12.78,clear,False,32.1,6,water_logging,False,609,1.0765,OCCUPIED,True,12.22,axle_counter,7.95,1.859,12.764,True,reduce_speed,reduce_speed,False
68.0,0.2,rain,False,84.5,8,track_buckling,False,1382,1.0465,CLEAR,True,19.58,accelerometer,0.18,1.202,0.174,False,emergency_stop,emergency_stop,False
168.5,14.79,fog,False,46.1,3,sensor_miscount,False,95,1.0561,OCCUPIED,True,17.36,axle_counter,5.27,6.246,14.786,True,reduce_speed,reduce_speed,False
53.6,10.15,rain,False,89.0,9,stranded_vehicle,True,1154,,CLEAR,True,3.69,accelerometer,11.36,0.747,10.133,True,emergency_stop,emergency_stop,False
149.6,4.33,clear,False,43.0,3,water_logging,False,1975,1.0605,OCCUPIED,True,19.45,vibration,1.74,4.476,4.248,False,emergency_stop,emergency_stop,False
179.0,0.23,heavy_rain,False,85.3,8,boulder,False,977,1.0264,CLEAR,True,10.88,axle_counter,0.08,10.253,0.181,False,emergency_stop,emergency_stop,False
122.1,14.2,fog,True,39.4,2,cattle_crossing,False,1301,,OCCUPIED,True,15.15,track_circuit,6.98,3.28,14.156,True,reduce_speed,reroute,True
55.9,13.32,fog,False,76.4,10,track_buckling,False,1391,,OCCUPIED,True,5.81,track_circuit,14.3,0.687,13.298,True,emergency_stop,emergency_stop,False
111.4,13.38,clear,False,84.5,2,sensor_miscount,False,1283,,CLEAR,False,10.87,accelerometer,7.21,2.482,13.34,True,proceed_with_caution,proceed_with_caution,False
98.2,8.86,clear,False,57.0,8,landslide_debris,True,1388,1.0205,OCCUPIED,True,20.52,axle_counter,5.41,1.929,8.822,True,reroute,reroute,False
197.8,12.86,snow,True,47.1,6,equipment_failure_ahead,True,1779,1.0048,CLEAR,False,23.19,axle_counter,3.9,14.867,12.762,False,reroute,reroute,False
152.1,11.51,clear,False,54.1,3,sensor_miscount,True,70,0.9811,CLEAR,True,23.5,vibration,4.54,4.627,11.507,True,reduce_speed,reduce_speed,False
156.8,4.93,clear,False,50.8,9,track_buckling,False,1775,0.9891,CLEAR,False,17.65,track_circuit,1.89,4.917,4.853,False,emergency_stop,emergency_stop,False
125.0,10.47,rain,False,74.3,7,landslide_debris,False,1821,,CLEAR,True,2.43,vibration,5.03,4.062,10.407,True,reduce_speed,reduce_speed,False
155.0,10.39,fog,False,33.1,7,stranded_vehicle,False,1813,0.8931,CLEAR,True,11.34,track_circuit,4.02,5.286,10.312,True,reduce_speed,reduce_speed,False
157.0,16.51,flood,True,32.9,9,boulder,False,767,,CLEAR,True,5.23,accelerometer,6.31,8.381,16.477,True,emergency_stop,emergency_stop,False
55.3,8.78,clear,False,50.1,10,track_buckling,False,1187,1.0209,CLEAR,False,17.59,track_circuit,9.53,0.612,8.762,True,emergency_stop,emergency_stop,False
79.5,8.83,snow,False,49.4,8,unknown_obstruction,False,739,0.9633,CLEAR,True,4.45,track_circuit,6.66,2.402,8.814,True,reduce_speed,reduce_speed,False
47.0,19.69,clear,False,42.4,9,broken_rail,True,1689,1.0355,CLEAR,True,24.45,vibration,25.14,0.442,19.668,True,emergency_stop,emergency_stop,False
124.0,17.91,rain,False,80.2,6,boulder,False,843,0.9695,CLEAR,True,5.27,track_circuit,8.67,3.998,17.881,True,reduce_speed,reduce_speed,False
180.7,5.0,rain,False,31.7,2,cattle_crossing,True,660,0.9695,CLEAR,True,1.79,accelerometer,1.66,8.49,4.967,False,reroute,reroute,False
139.5,18.22,clear,False,94.7,5,fallen_tree,False,1386,1.0225,CLEAR,True,21.17,vibration,7.84,3.892,18.166,True,reduce_speed,reduce_speed,False
122.5,2.93,clear,False,83.0,8,equipment_failure_ahead,False,146,,OCCUPIED,True,5.46,track_circuit,1.44,3.001,2.925,False,emergency_stop,emergency_stop,False
188.5,17.1,clear,False,58.2,10,landslide_debris,False,783,1.0168,CLEAR,True,1.09,track_circuit,5.44,7.106,17.059,True,emergency_stop,proceed_with_caution,True
71.7,3.83,flood,False,90.1,4,sensor_miscount,True,452,0.9534,CLEAR,False,13.93,accelerometer,3.21,1.748,3.821,True,proceed_with_caution,proceed_with_caution,False
56.6,8.63,rain,False,73.3,2,environmental_false_positive,False,779,0.9789,CLEAR,True,24.25,axle_counter,9.15,0.833,8.618,True,proceed_with_caution,proceed_with_caution,False
187.2,19.68,snow,True,69.9,9,landslide_debris,False,925,,OCCUPIED,True,7.05,accelerometer,6.31,13.317,19.632,True,emergency_stop,emergency_stop,False
184.9,2.12,heavy_rain,True,51.9,7,boulder,True,173,,CLEAR,True,10.51,track_circuit,0.69,10.94,2.111,False,reroute,reroute,False
150.9,16.83,rain,True,76.4,3,water_logging,False,1736,1.0576,CLEAR,True,6.31,accelerometer,6.69,5.92,16.757,True,reduce_speed,reduce_speed,False
83.1,10.0,heavy_rain,True,39.8,2,environmental_false_positive,False,862,1.0236,OCCUPIED,True,14.17,axle_counter,7.22,2.21,9.98,True,reduce_speed,reduce_speed,False
195.3,2.4,clear,False,66.7,3,cattle_crossing,False,750,1.0462,CLEAR,True,8.41,vibration,0.74,7.628,2.359,False,emergency_stop,emergency_stop,False
163.6,19.06,clear,False,38.1,6,signal_cable_theft,True,341,,CLEAR,True,14.99,track_circuit,6.99,5.353,19.045,True,reduce_speed,reduce_speed,False
149.5,11.07,heavy_rain,True,61.2,3,environmental_false_positive,True,1992,0.9189,CLEAR,False,12.21,track_circuit,4.44,7.152,10.987,True,reduce_speed,reduce_speed,False
79.6,17.64,heavy_rain,True,73.1,3,environmental_false_positive,True,1719,1.1444,CLEAR,True,23.26,accelerometer,13.3,2.028,17.602,True,reduce_speed,reduce_speed,False
124.5,17.41,clear,False,40.9,3,cattle_crossing,True,990,1.0562,CLEAR,True,16.92,accelerometer,8.39,3.1,17.376,True,reduce_speed,reduce_speed,False
172.5,0.49,rain,False,45.5,4,cattle_crossing,False,702,,OCCUPIED,False,17.22,track_circuit,0.17,7.737,0.456,False,emergency_stop,proceed_with_caution,True
178.3,5.44,rain,False,86.9,3,sensor_miscount,False,962,0.941,OCCUPIED,False,12.42,accelerometer,1.83,8.266,5.392,False,emergency_stop,emergency_stop,False
132.0,6.87,heavy_rain,True,47.9,5,fallen_tree,True,1924,1.0229,OCCUPIED,True,7.93,track_circuit,3.12,5.576,6.799,True,reduce_speed,reduce_speed,False
126.0,10.79,rain,False,36.7,1,environmental_false_positive,False,481,,OCCUPIED,True,8.19,track_circuit,5.14,4.128,10.773,True,reduce_speed,reduce_speed,False
153.1,1.62,clear,False,53.1,10,landslide_debris,False,1385,,CLEAR,True,12.85,track_circuit,0.63,4.688,1.561,False,emergency_stop,emergency_stop,False
126.9,7.9,clear,False,95.5,8,track_buckling,True,1812,1.0282,OCCUPIED,True,5.2,track_circuit,3.74,3.221,7.836,True,reroute,reroute,False
109.7,16.33,clear,False,78.6,2,environmental_false_positive,False,1525,1.0215,OCCUPIED,True,3.74,track_circuit,8.93,2.407,16.284,True,proceed_with_caution,reduce_speed,True
58.2,3.63,fog,False,70.3,5,stranded_vehicle,False,1747,,CLEAR,True,9.62,track_circuit,3.74,0.745,3.602,True,reduce_speed,reduce_speed,False
64.5,14.09,heavy_rain,False,88.8,9,boulder,True,1899,0.9936,CLEAR,True,3.7,track_circuit,13.11,1.331,14.056,True,emergency_stop,emergency_stop,False
162.8,9.31,rain,False,76.2,10,track_buckling,True,167,0.9691,CLEAR,True,6.15,vibration,3.43,6.891,9.302,True,emergency_stop,emergency_stop,False
48.8,1.6,clear,False,86.8,1,cattle_crossing,False,516,1.0272,OCCUPIED,True,13.61,vibration,1.97,0.476,1.593,True,proceed_with_caution,proceed_with_caution,False
53.1,3.71,clear,False,76.0,4,environmental_false_positive,True,331,,CLEAR,True,19.86,vibration,4.19,0.564,3.705,True,proceed_with_caution,proceed_with_caution,False
185.2,2.99,fog,False,90.5,9,landslide_debris,False,1156,0.9925,CLEAR,True,6.01,track_circuit,0.97,7.546,2.931,False,emergency_stop,emergency_stop,False
154.1,12.47,heavy_rain,True,73.7,8,landslide_debris,False,844,0.9135,OCCUPIED,True,19.9,vibration,4.86,7.599,12.434,True,reduce_speed,reduce_speed,False
45.7,1.93,clear,False,48.5,4,cattle_crossing,True,129,,CLEAR,True,0.88,track_circuit,2.53,0.418,1.928,True,reduce_speed,reduce_speed,False
93.4,16.5,clear,False,32.9,7,equipment_failure_ahead,False,1137,,CLEAR,False,24.93,vibration,10.6,1.745,16.471,True,reduce_speed,reduce_speed,False
163.3,16.17,rain,False,37.4,7,fallen_tree,False,246,0.998,CLEAR,True,13.17,axle_counter,5.94,6.933,16.159,True,reduce_speed,reduce_speed,False
109.7,1.79,clear,False,65.9,9,equipment_failure_ahead,False,844,,CLEAR,False,12.16,track_circuit,0.98,2.407,1.764,False,emergency_stop,emergency_stop,False
117.7,17.79,heavy_rain,True,98.0,9,unknown_obstruction,False,765,,CLEAR,False,16.44,track_circuit,9.07,4.433,17.765,True,emergency_stop,emergency_stop,False
116.1,19.19,clear,True,83.2,7,fallen_tree,False,1793,1.054,CLEAR,True,12.14,vibration,9.92,2.696,19.132,True,reduce_speed,reduce_speed,False
76.3,1.06,clear,False,84.3,3,environmental_false_positive,True,1381,0.9642,OCCUPIED,False,10.5,accelerometer,0.83,1.164,1.031,False,reroute,reroute,False
156.8,19.02,snow,True,76.5,2,sensor_miscount,False,1267,,CLEAR,True,9.59,vibration,7.28,9.343,18.965,True,reduce_speed,reduce_speed,False
61.0,5.73,clear,False,93.2,1,cattle_crossing,True,1672,1.0469,OCCUPIED,True,24.46,accelerometer,5.64,0.744,5.702,True,proceed_with_caution,proceed_with_caution,False
123.6,13.36,clear,False,81.5,3,water_logging,True,402,1.0548,CLEAR,True,21.61,accelerometer,6.49,3.055,13.346,True,reduce_speed,reduce_speed,False
71.3,3.66,clear,False,48.1,3,environmental_false_positive,False,550,1.0254,OCCUPIED,True,12.81,track_circuit,3.08,1.017,3.649,True,reduce_speed,reduce_speed,False
52.2,16.39,clear,False,65.0,3,environmental_false_positive,False,1517,0.9721,CLEAR,True,20.99,vibration,18.84,0.545,16.368,True,proceed_with_caution,proceed_with_caution,False
67.2,16.87,clear,False,58.3,5,sensor_miscount,False,1511,,CLEAR,False,4.15,track_circuit,15.06,0.903,16.842,True,reduce_speed,reduce_speed,False
179.7,19.57,clear,False,41.6,5,equipment_failure_ahead,True,91,0.9801,CLEAR,True,13.47,axle_counter,6.53,6.458,19.565,True,reduce_speed,reduce_speed,False
72.3,19.85,clear,False,45.6,2,cattle_crossing,False,487,0.9965,CLEAR,False,11.53,track_circuit,16.47,1.045,19.84,True,reduce_speed,reduce_speed,False
88.1,1.7,clear,False,50.0,1,environmental_false_positive,True,493,0.8965,CLEAR,False,8.46,accelerometer,1.16,1.552,1.688,False,reroute,reroute,False
66.4,13.23,rain,False,42.2,2,environmental_false_positive,False,61,,CLEAR,False,23.0,vibration,11.95,1.146,13.229,True,reduce_speed,reduce_speed,False
159.0,5.61,fog,False,45.2,9,track_buckling,True,1340,1.0751,CLEAR,True,20.9,track_circuit,2.12,5.562,5.551,False,reroute,reroute,False
114.0,2.69,clear,False,94.1,7,landslide_debris,False,156,,CLEAR,True,22.72,track_circuit,1.42,2.599,2.685,False,emergency_stop,emergency_stop,False
191.3,3.15,clear,False,54.0,5,water_logging,False,1691,1.0736,CLEAR,True,16.06,axle_counter,0.99,7.319,3.06,False,emergency_stop,emergency_stop,False
148.0,18.74,rain,True,87.9,4,environmental_false_positive,True,1192,,OCCUPIED,True,9.72,vibration,7.6,5.695,18.691,True,reduce_speed,reduce_speed,False
127.4,13.74,snow,False,34.5,5,fallen_tree,False,1536,0.9813,CLEAR,True,19.04,accelerometer,6.47,6.168,13.686,True,reduce_speed,reduce_speed,False
146.8,1.2,heavy_rain,True,98.7,5,sensor_miscount,True,1019,,OCCUPIED,True,3.16,track_circuit,0.49,6.896,1.158,False,reroute,reroute,False
51.3,19.69,clear,False,83.5,7,landslide_debris,False,1942,1.058,CLEAR,False,21.4,axle_counter,23.03,0.526,19.662,True,reduce_speed,reduce_speed,False
192.4,16.19,clear,False,93.5,8,stranded_vehicle,False,577,1.0455,OCCUPIED,True,1.21,axle_counter,5.05,7.404,16.159,True,reduce_speed,reduce_speed,False
193.2,6.32,clear,False,66.8,10,broken_rail,False,1138,1.0592,CLEAR,True,20.55,track_circuit,1.96,7.465,6.259,False,emergency_stop,emergency_stop,False
87.8,9.52,clear,False,74.4,9,boulder,True,62,0.9992,OCCUPIED,True,17.75,axle_counter,6.51,1.542,9.518,True,emergency_stop,emergency_stop,False
142.4,14.59,rain,False,55.3,8,unknown_obstruction,True,1674,1.0086,CLEAR,True,2.67,track_circuit,6.15,5.272,14.524,True,reduce_speed,proceed_with_caution,True
76.3,13.59,clear,False,60.2,6,boulder,True,1158,0.9847,CLEAR,False,4.1,track_circuit,10.69,1.164,13.565,True,reduce_speed,reduce_speed,False
129.9,9.37,clear,True,82.6,7,unknown_obstruction,True,393,0.9968,OCCUPIED,True,11.58,axle_counter,4.33,3.375,9.356,True,reduce_speed,reduce_speed,False
164.5,10.35,clear,False,33.5,9,track_buckling,False,1645,0.9589,CLEAR,True,7.85,accelerometer,3.78,5.412,10.275,True,emergency_stop,emergency_stop,False
190.7,1.06,rain,False,32.6,9,equipment_failure_ahead,True,1979,0.9955,CLEAR,True,21.75,track_circuit,0.33,9.455,0.955,False,reroute,reroute,False
97.6,10.11,clear,False,91.2,8,broken_rail,True,183,0.9904,CLEAR,False,5.22,track_circuit,6.22,1.905,10.105,True,reroute,reroute,False
152.5,6.94,heavy_rain,True,37.7,10,landslide_debris,True,1700,0.9725,CLEAR,True,10.72,vibration,2.73,7.442,6.868,False,reroute,reroute,False
156.0,5.84,clear,False,80.5,8,landslide_debris,False,1486,,CLEAR,True,6.88,accelerometer,2.25,4.867,5.776,True,reduce_speed,reduce_speed,False
79.3,5.54,snow,False,44.0,7,landslide_debris,False,741,0.9154,CLEAR,True,3.62,axle_counter,4.19,2.39,5.524,True,reduce_speed,reduce_speed,False
142.5,13.05,clear,True,55.6,9,broken_rail,True,1287,1.0202,CLEAR,True,6.86,track_circuit,5.49,4.061,12.999,True,emergency_stop,emergency_stop,False
146.6,8.7,heavy_rain,False,50.5,4,environmental_false_positive,False,1582,,OCCUPIED,False,21.57,vibration,3.56,6.877,8.636,True,reduce_speed,reduce_speed,False
163.4,8.63,snow,True,64.3,3,water_logging,True,985,0.9491,CLEAR,True,18.03,axle_counter,3.17,10.146,8.585,False,reroute,reroute,False
200.0,3.35,flood,True,87.9,6,water_logging,False,1350,,CLEAR,True,22.9,vibration,1.01,13.6,3.275,False,emergency_stop,emergency_stop,False
51.2,19.24,heavy_rain,False,91.3,8,broken_rail,True,144,1.0283,CLEAR,False,10.43,track_circuit,22.55,0.839,19.238,True,reroute,reroute,False
76.4,4.63,heavy_rain,True,45.5,1,cattle_crossing,False,1855,0.8645,CLEAR,True,6.39,track_circuit,3.64,1.868,4.591,True,reduce_speed,reduce_speed,False
67.5,8.24,rain,False,53.6,3,sensor_miscount,True,1851,1.0101,OCCUPIED,True,1.14,track_circuit,7.32,1.185,8.205,True,reduce_speed,reduce_speed,False
68.9,3.97,heavy_rain,False,88.6,1,cattle_crossing,False,460,,OCCUPIED,True,12.63,vibration,3.46,1.519,3.961,True,proceed_with_caution,proceed_with_caution,False
115.4,14.12,clear,False,36.3,4,sensor_miscount,False,981,0.9418,OCCUPIED,False,1.47,track_circuit,7.34,2.663,14.089,True,reduce_speed,reduce_speed,False
181.2,8.84,rain,False,38.2,5,equipment_failure_ahead,False,515,1.0109,OCCUPIED,False,0.6,track_circuit,2.93,8.537,8.814,False,emergency_stop,emergency_stop,False
114.6,8.39,rain,True,63.6,8,stranded_vehicle,False,829,0.9272,OCCUPIED,True,15.32,axle_counter,4.39,3.415,8.364,True,reduce_speed,reduce_speed,False
148.6,17.53,heavy_rain,False,85.3,7,landslide_debris,True,587,0.9974,CLEAR,True,4.54,vibration,7.08,7.066,17.506,True,reroute,reroute,False
103.4,15.24,rain,False,53.5,8,boulder,True,1730,0.9249,CLEAR,True,14.21,track_circuit,8.84,2.78,15.19,True,reduce_speed,emergency_stop,True
94.5,10.49,clear,False,34.9,2,cattle_crossing,False,1405,,CLEAR,True,14.55,vibration,6.66,1.786,10.453,True,reduce_speed,reduce_speed,False
174.3,9.48,rain,False,97.8,7,stranded_vehicle,False,1699,1.0517,CLEAR,True,18.23,vibration,3.26,7.899,9.398,True,reduce_speed,reduce_speed,False
146.6,19.21,clear,False,95.7,7,unknown_obstruction,True,1596,,OCCUPIED,False,9.89,track_circuit,7.86,4.298,19.145,True,reduce_speed,reduce_speed,False
99.4,19.14,clear,True,75.6,6,signal_cable_theft,True,1468,,CLEAR,True,17.78,accelerometer,11.55,1.976,19.099,True,reduce_speed,reduce_speed,False
186.7,14.15,rain,False,77.7,3,cattle_crossing,True,375,,OCCUPIED,True,9.47,accelerometer,4.55,9.063,14.131,True,proceed_with_caution,proceed_with_caution,False
122.3,15.25,clear,False,95.4,2,environmental_false_positive,False,1668,0.9859,CLEAR,True,2.9,track_circuit,7.48,2.991,15.193,True,proceed_with_caution,proceed_with_caution,False
74.2,18.0,clear,False,75.1,5,fallen_tree,False,1577,1.0145,CLEAR,True,8.09,track_circuit,14.56,1.101,17.967,True,reduce_speed,reduce_speed,False
119.9,19.29,clear,False,85.2,2,environmental_false_positive,False,292,1.0239,OCCUPIED,True,0.69,track_circuit,9.65,2.875,19.28,True,proceed_with_caution,proceed_with_caution,False
149.6,1.83,clear,False,62.4,10,landslide_debris,True,221,1.0135,CLEAR,True,11.83,track_circuit,0.73,4.476,1.821,False,reroute,reroute,False
101.9,19.95,clear,False,46.0,9,broken_rail,False,1534,,CLEAR,True,18.64,axle_counter,11.75,2.077,19.907,True,emergency_stop,emergency_stop,False
175.8,14.12,clear,False,88.3,7,unknown_obstruction,True,811,,OCCUPIED,False,19.73,accelerometer,4.82,6.181,14.08,True,reduce_speed,reduce_speed,False
127.6,11.94,fog,False,77.9,4,environmental_false_positive,True,689,1.0205,OCCUPIED,True,6.19,accelerometer,5.61,3.582,11.916,True,proceed_with_caution,proceed_with_caution,False
117.5,8.38,clear,True,50.3,2,environmental_false_positive,False,823,0.9617,OCCUPIED,True,3.09,track_circuit,4.28,2.761,8.353,True,reduce_speed,reduce_speed,False
178.1,6.86,snow,False,73.6,4,water_logging,False,1742,0.9362,CLEAR,True,5.04,axle_counter,2.31,12.053,6.774,False,emergency_stop,emergency_stop,False
116.8,16.12,snow,True,87.2,2,environmental_false_positive,False,759,,CLEAR,True,24.6,track_circuit,8.28,5.184,16.095,True,reduce_speed,reduce_speed,False
109.2,13.16,rain,True,48.9,1,cattle_crossing,False,772,,CLEAR,False,8.15,axle_counter,7.23,3.1,13.137,True,reduce_speed,reduce_speed,False
61.1,4.17,clear,False,83.8,10,broken_rail,True,828,1.1084,OCCUPIED,True,11.02,track_circuit,4.09,0.747,4.156,True,emergency_stop,emergency_stop,False
101.2,12.28,rain,False,35.1,9,landslide_debris,True,155,0.9835,CLEAR,True,2.35,accelerometer,7.28,2.663,12.276,True,emergency_stop,emergency_stop,False
106.5,3.0,heavy_rain,True,73.7,9,track_buckling,True,123,1.1446,CLEAR,True,19.84,accelerometer,1.69,3.63,2.996,False,reroute,reroute,False
73.0,10.04,fog,False,99.9,2,cattle_crossing,True,858,,OCCUPIED,False,11.49,track_circuit,8.25,1.172,10.023,True,proceed_with_caution,proceed_with_caution,False
136.1,11.75,heavy_rain,False,90.6,8,landslide_debris,False,82,,CLEAR,False,2.64,vibration,5.18,5.927,11.747,True,reduce_speed,reduce_speed,False
67.3,12.79,rain,True,91.3,5,sensor_miscount,False,1526,,OCCUPIED,True,12.09,axle_counter,11.4,1.178,12.761,True,reduce_speed,reduce_speed,False
79.7,3.08,rain,False,77.6,4,environmental_false_positive,True,877,1.0099,OCCUPIED,False,17.98,vibration,2.32,1.652,3.061,True,proceed_with_caution,proceed_with_caution,False
132.0,2.09,clear,False,62.3,9,unknown_obstruction,False,1027,0.9931,CLEAR,False,12.09,axle_counter,0.95,3.485,2.052,False,emergency_stop,emergency_stop,False
86.7,5.32,fog,False,77.4,9,boulder,True,705,0.9704,OCCUPIED,False,24.23,track_circuit,3.68,1.654,5.303,True,emergency_stop,emergency_stop,False
144.1,12.22,clear,False,52.5,8,unknown_obstruction,True,1539,1.0588,CLEAR,False,21.86,axle_counter,5.09,4.153,12.158,True,reduce_speed,reduce_speed,False
152.0,18.65,fog,False,68.7,7,landslide_debris,True,884,,CLEAR,True,13.11,track_circuit,7.36,5.083,18.613,True,reroute,reroute,False
91.7,15.63,heavy_rain,True,67.8,1,cattle_crossing,False,118,,CLEAR,True,23.54,axle_counter,10.23,2.691,15.627,True,reduce_speed,reduce_speed,False
58.5,14.97,clear,True,68.1,1,environmental_false_positive,False,1002,,CLEAR,True,20.38,track_circuit,15.35,0.684,14.954,True,reduce_speed,reduce_speed,False
120.9,6.74,rain,True,58.8,7,landslide_debris,False,395,,CLEAR,False,9.52,vibration,3.34,3.8,6.727,True,reduce_speed,reduce_speed,False
59.4,2.41,clear,False,54.7,10,landslide_debris,False,1210,1.0253,CLEAR,False,19.4,vibration,2.43,0.706,2.39,True,emergency_stop,emergency_stop,False
124.9,17.86,fog,False,53.1,7,landslide_debris,False,1149,,CLEAR,True,12.89,track_circuit,8.58,3.432,17.82,True,reduce_speed,reduce_speed,False
157.6,10.12,clear,False,45.7,1,cattle_crossing,False,975,,CLEAR,True,13.71,axle_counter,3.85,4.968,10.077,True,reduce_speed,reduce_speed,False
141.2,2.19,snow,False,60.7,1,environmental_false_positive,False,801,0.9985,CLEAR,True,13.26,vibration,0.93,7.576,2.159,False,emergency_stop,emergency_stop,False
114.5,10.79,clear,False,38.2,8,boulder,False,1212,1.0007,CLEAR,True,20.19,track_circuit,5.65,2.622,10.751,True,reduce_speed,reduce_speed,False
191.6,13.57,flood,True,93.1,6,boulder,False,1377,,CLEAR,True,23.01,axle_counter,4.25,12.482,13.497,True,reduce_speed,reduce_speed,False
60.8,6.53,heavy_rain,False,34.9,3,cattle_crossing,True,1764,,CLEAR,True,8.33,vibration,6.44,1.183,6.5,True,reduce_speed,reduce_speed,False
181.4,0.38,rain,True,88.6,10,track_buckling,True,1927,,CLEAR,True,16.23,track_circuit,0.13,8.556,0.283,False,reroute,reroute,False
169.0,12.51,heavy_rain,True,46.9,3,sensor_miscount,False,212,,CLEAR,True,15.9,vibration,4.44,9.14,12.5,True,reduce_speed,reduce_speed,False
110.1,0.99,heavy_rain,True,89.7,6,equipment_failure_ahead,True,1337,0.9791,CLEAR,True,22.24,axle_counter,0.54,3.879,0.949,False,reroute,reroute,False
68.7,8.77,snow,False,80.4,2,sensor_miscount,False,215,0.9839,CLEAR,True,11.46,axle_counter,7.66,1.793,8.766,True,proceed_with_caution,proceed_with_caution,False
69.2,16.53,clear,False,94.5,7,unknown_obstruction,False,864,,CLEAR,False,5.16,track_circuit,14.33,0.958,16.513,True,reduce_speed,reduce_speed,False
187.9,19.98,rain,False,90.9,1,cattle_crossing,True,1496,0.9065,CLEAR,True,5.48,track_circuit,6.38,9.18,19.902,True,proceed_with_caution,reduce_speed,True
81.2,7.53,clear,False,79.1,1,environmental_false_positive,True,1108,,CLEAR,True,1.76,track_circuit,5.56,1.319,7.505,True,proceed_with_caution,proceed_with_caution,False
180.5,0.6,rain,True,40.6,7,track_buckling,True,1626,1.0608,CLEAR,True,2.97,accelerometer,0.2,8.471,0.518,False,reroute,reroute,False
123.0,9.96,clear,False,68.4,7,landslide_debris,False,1830,,OCCUPIED,True,7.88,accelerometer,4.86,3.026,9.897,True,reduce_speed,reduce_speed,False
116.6,5.67,rain,True,53.8,7,signal_cable_theft,False,1950,,CLEAR,True,3.01,vibration,2.92,3.535,5.607,True,reduce_speed,reduce_speed,False
141.0,17.88,rain,False,92.0,7,landslide_debris,True,1363,1.006,CLEAR,True,21.84,track_circuit,7.61,5.169,17.827,True,reroute,reroute,False
78.3,14.29,rain,False,91.1,8,unknown_obstruction,False,1363,,CLEAR,False,9.37,axle_counter,10.95,1.594,14.26,True,reduce_speed,reduce_speed,False
111.4,8.21,rain,False,52.0,5,sensor_miscount,False,1617,,CLEAR,True,9.53,vibration,4.42,3.227,8.16,True,reduce_speed,reroute,True
190.5,15.29,fog,False,77.0,6,equipment_failure_ahead,True,504,1.1063,OCCUPIED,True,19.06,vibration,4.82,7.984,15.263,True,reduce_speed,reduce_speed,False
81.9,6.96,heavy_rain,True,53.7,4,fallen_tree,True,638,1.0632,CLEAR,False,7.88,track_circuit,5.1,2.146,6.945,True,reduce_speed,reduce_speed,False
187.8,10.53,rain,True,77.5,3,cattle_crossing,True,715,1.0486,OCCUPIED,False,18.02,accelerometer,3.36,9.17,10.493,True,reduce_speed,reroute,True
199.1,18.47,rain,False,73.0,2,sensor_miscount,False,1502,,OCCUPIED,True,20.65,track_circuit,5.57,10.307,18.387,True,proceed_with_caution,proceed_with_caution,False
53.0,4.16,snow,False,65.8,4,fallen_tree,True,735,,CLEAR,False,9.32,track_circuit,4.71,1.067,4.149,True,reduce_speed,reduce_speed,False
127.4,6.4,clear,False,91.5,1,cattle_crossing,True,322,0.9869,CLEAR,True,12.21,accelerometer,3.01,3.246,6.389,True,proceed_with_caution,proceed_with_caution,False
71.6,17.73,clear,False,47.2,7,signal_cable_theft,True,1608,,CLEAR,False,8.39,axle_counter,14.86,1.025,17.698,True,reduce_speed,proceed_with_caution,True
141.4,9.35,clear,False,85.8,6,equipment_failure_ahead,False,1512,,CLEAR,True,10.87,track_circuit,3.97,3.999,9.291,True,reduce_speed,emergency_stop,True
198.4,6.49,fog,False,78.3,5,sensor_miscount,False,1209,1.0446,OCCUPIED,True,14.73,axle_counter,1.96,8.66,6.423,False,emergency_stop,emergency_stop,False
184.0,0.94,clear,False,49.7,6,boulder,True,1769,1.0869,CLEAR,False,9.07,accelerometer,0.31,6.771,0.85,False,reroute,reroute,False
188.4,8.5,heavy_rain,True,59.5,1,cattle_crossing,False,1594,1.0422,CLEAR,False,11.87,track_circuit,2.71,11.358,8.417,False,emergency_stop,proceed_with_caution,True
78.1,10.11,fog,False,34.8,8,broken_rail,False,1806,,CLEAR,True,12.66,vibration,7.77,1.342,10.071,True,reduce_speed,reduce_speed,False
129.1,8.25,clear,False,71.8,8,boulder,False,556,1.0345,OCCUPIED,True,1.1,track_circuit,3.83,3.333,8.23,True,reduce_speed,reduce_speed,False
81.4,5.69,snow,False,92.2,7,water_logging,False,277,0.8997,CLEAR,False,4.51,track_circuit,4.19,2.518,5.684,True,reduce_speed,reduce_speed,False
184.4,7.51,fog,True,38.2,6,fallen_tree,False,716,1.0294,OCCUPIED,True,13.76,axle_counter,2.44,7.481,7.473,False,emergency_stop,emergency_stop,False
74.6,12.92,clear,False,39.2,6,boulder,True,1669,1.045,CLEAR,True,0.56,axle_counter,10.39,1.113,12.885,True,reduce_speed,reduce_speed,False
68.9,17.85,clear,False,63.2,4,cattle_crossing,True,1854,1.0091,CLEAR,True,17.75,track_circuit,15.54,0.949,17.815,True,proceed_with_caution,proceed_with_caution,False
46.9,13.06,clear,False,49.7,8,boulder,False,264,1.0697,CLEAR,False,22.68,axle_counter,16.71,0.44,13.057,True,reduce_speed,reduce_speed,False
73.2,12.99,clear,False,49.4,10,broken_rail,True,1719,1.0167,OCCUPIED,True,18.99,axle_counter,10.65,1.072,12.955,True,emergency_stop,emergency_stop,False
74.4,16.37,clear,False,74.7,9,boulder,True,983,1.0088,CLEAR,True,8.2,axle_counter,13.2,1.107,16.35,True,emergency_stop,emergency_stop,False
57.0,3.47,snow,True,58.7,3,sensor_miscount,False,1645,1.1099,CLEAR,True,11.52,vibration,3.65,1.235,3.444,True,reduce_speed,reduce_speed,False
179.5,6.16,clear,False,89.1,7,track_buckling,False,1381,0.9425,CLEAR,True,16.44,vibration,2.06,6.444,6.091,False,emergency_stop,emergency_stop,False
165.9,1.2,clear,False,60.0,7,unknown_obstruction,True,167,,OCCUPIED,True,17.17,axle_counter,0.43,5.505,1.192,False,reroute,reroute,False
84.4,7.12,fog,False,73.1,9,landslide_debris,False,994,1.0788,CLEAR,True,24.45,axle_counter,5.06,1.567,7.097,True,emergency_stop,emergency_stop,False
166.4,19.98,rain,False,57.9,2,cattle_crossing,True,223,,CLEAR,True,12.58,axle_counter,7.2,7.199,19.97,True,reduce_speed,reduce_speed,False
110.4,6.72,snow,False,47.9,4,fallen_tree,False,713,,CLEAR,False,6.61,axle_counter,3.65,4.632,6.698,True,reduce_speed,reduce_speed,False
165.2,17.22,heavy_rain,True,63.0,9,track_buckling,False,1528,1.0206,CLEAR,True,9.37,track_circuit,6.25,8.733,17.15,True,emergency_stop,emergency_stop,False
95.1,1.9,rain,False,80.4,2,cattle_crossing,False,1384,0.9517,OCCUPIED,True,23.1,track_circuit,1.2,2.351,1.863,False,emergency_stop,emergency_stop,False
132.5,9.3,clear,False,96.7,4,environmental_false_positive,False,1424,,CLEAR,True,16.0,track_circuit,4.21,3.511,9.248,True,proceed_with_caution,proceed_with_caution,False
104.1,7.16,flood,True,33.0,9,unknown_obstruction,False,1339,,OCCUPIED,False,21.67,track_circuit,4.13,3.685,7.121,True,emergency_stop,emergency_stop,False
74.1,4.19,fog,False,67.2,7,fallen_tree,False,78,0.947,CLEAR,True,18.24,accelerometer,3.39,1.208,4.188,True,reduce_speed,reduce_speed,False
135.8,7.58,flood,False,74.5,7,boulder,False,1187,0.986,OCCUPIED,True,24.15,axle_counter,3.35,6.27,7.535,True,reduce_speed,reduce_speed,False
161.4,13.1,clear,False,36.0,4,sensor_miscount,False,996,0.9339,CLEAR,True,12.78,axle_counter,4.87,5.21,13.055,True,reduce_speed,reduce_speed,False
161.7,9.91,heavy_rain,True,88.0,8,broken_rail,True,1080,1.0392,CLEAR,True,23.77,axle_counter,3.68,8.367,9.861,True,reroute,reroute,False
100.2,16.92,rain,False,49.3,10,track_buckling,True,465,1.0981,CLEAR,True,22.2,vibration,10.13,2.61,16.907,True,emergency_stop,proceed_with_caution,True
125.4,18.12,clear,False,91.2,5,sensor_miscount,False,1426,,CLEAR,True,21.16,axle_counter,8.67,3.145,18.07,True,reduce_speed,reduce_speed,False
163.4,9.74,rain,True,68.7,2,cattle_crossing,True,1235,,OCCUPIED,False,23.51,axle_counter,3.58,6.942,9.684,True,reduce_speed,reduce_speed,False
53.4,19.64,fog,False,40.6,4,signal_cable_theft,False,836,0.9485,OCCUPIED,True,13.38,vibration,22.07,0.627,19.628,True,reduce_speed,reduce_speed,False
56.1,1.63,clear,False,81.7,7,stranded_vehicle,True,160,0.997,OCCUPIED,False,18.7,track_circuit,1.74,0.629,1.628,True,reroute,reroute,False
103.3,5.67,rain,False,41.0,5,water_logging,True,184,,CLEAR,False,14.11,axle_counter,3.29,2.774,5.665,True,reduce_speed,reduce_speed,False
79.6,8.45,heavy_rain,True,80.4,7,track_buckling,True,750,0.9945,CLEAR,True,19.52,axle_counter,6.37,2.028,8.433,True,reroute,reroute,False
103.1,11.74,clear,False,86.6,4,sensor_miscount,True,1098,1.0647,CLEAR,True,19.21,vibration,6.83,2.126,11.709,True,proceed_with_caution,proceed_with_caution,False
59.5,11.01,rain,False,70.3,7,boulder,True,1994,1.0388,CLEAR,True,19.08,accelerometer,11.1,0.92,10.977,True,reduce_speed,reduce_speed,False
136.8,11.45,clear,False,49.0,2,environmental_false_positive,False,1461,0.9008,OCCUPIED,True,11.0,vibration,5.02,3.743,11.394,True,reduce_speed,reduce_speed,False
149.1,17.95,clear,False,60.6,3,environmental_false_positive,True,996,,CLEAR,True,20.01,axle_counter,7.22,4.446,17.909,True,proceed_with_caution,proceed_with_caution,False
167.7,5.7,snow,True,67.0,5,sensor_miscount,False,633,0.9325,OCCUPIED,True,21.97,track_circuit,2.04,10.687,5.671,False,emergency_stop,emergency_stop,False
145.8,16.37,heavy_rain,True,76.6,7,landslide_debris,True,378,0.9729,OCCUPIED,True,16.09,axle_counter,6.74,6.802,16.355,True,reroute,reroute,False
106.4,11.25,clear,False,74.4,7,fallen_tree,False,324,,CLEAR,False,11.64,vibration,6.34,2.264,11.24,True,reduce_speed,reduce_speed,False
189.9,9.91,flood,False,58.0,3,cattle_crossing,False,190,1.0513,CLEAR,False,21.4,accelerometer,3.13,12.261,9.9,False,emergency_stop,emergency_stop,False
157.6,6.13,snow,False,83.1,10,broken_rail,True,1829,1.005,CLEAR,True,19.57,vibration,2.33,9.438,6.05,False,reroute,reroute,False
126.8,6.22,clear,False,84.0,8,unknown_obstruction,True,80,0.9788,CLEAR,False,12.01,track_circuit,2.94,3.216,6.217,True,reduce_speed,reduce_speed,False
77.1,7.89,heavy_rain,False,78.7,5,stranded_vehicle,False,1735,1.1325,CLEAR,True,14.71,vibration,6.14,1.902,7.853,True,reduce_speed,reduce_speed,False
145.6,15.32,clear,False,49.1,9,unknown_obstruction,False,1188,0.9531,CLEAR,False,17.3,accelerometer,6.31,4.24,15.272,True,emergency_stop,emergency_stop,False
136.7,9.64,flood,True,62.9,6,boulder,True,1256,,CLEAR,True,17.36,vibration,4.23,6.354,9.592,True,reduce_speed,reduce_speed,False
150.9,3.25,fog,False,60.3,8,stranded_vehicle,False,1920,1.0468,CLEAR,True,8.12,vibration,1.29,5.01,3.17,False,emergency_stop,emergency_stop,False
166.1,15.25,fog,False,87.2,10,landslide_debris,True,1584,1.0168,CLEAR,True,7.67,axle_counter,5.51,6.07,15.177,True,emergency_stop,emergency_stop,False
186.8,13.33,clear,False,86.6,2,sensor_miscount,True,337,0.9528,CLEAR,False,22.24,axle_counter,4.28,6.979,13.313,True,proceed_with_caution,proceed_with_caution,False
192.1,18.99,snow,True,90.6,9,boulder,True,1940,,CLEAR,False,23.46,track_circuit,5.93,14.023,18.886,True,emergency_stop,emergency_stop,False
142.7,10.68,clear,False,46.2,4,fallen_tree,False,393,1.0439,OCCUPIED,False,10.35,track_circuit,4.49,4.073,10.664,True,reduce_speed,reduce_speed,False
194.7,13.16,clear,False,82.4,4,environmental_false_positive,True,1160,1.0694,CLEAR,False,22.88,vibration,4.06,7.582,13.097,True,proceed_with_caution,proceed_with_caution,False
186.3,9.69,clear,False,90.9,1,cattle_crossing,False,1299,1.0035,OCCUPIED,True,12.03,accelerometer,3.12,6.942,9.623,True,proceed_with_caution,proceed_with_caution,False
45.4,13.68,heavy_rain,True,41.7,8,landslide_debris,True,526,0.9276,CLEAR,True,4.6,accelerometer,18.08,0.66,13.673,True,reroute,reroute,False
143.8,8.84,clear,False,32.8,10,landslide_debris,True,1279,1.0073,CLEAR,True,18.46,track_circuit,3.69,4.136,8.789,True,emergency_stop,emergency_stop,False
72.7,2.93,snow,True,37.4,3,cattle_crossing,True,1296,,OCCUPIED,True,1.62,track_circuit,2.42,2.008,2.904,True,reduce_speed,reduce_speed,False
90.8,19.74,fog,False,72.4,4,fallen_tree,False,1961,0.9463,CLEAR,True,3.29,track_circuit,13.04,1.814,19.691,True,reduce_speed,reduce_speed,False
91.1,14.46,clear,False,59.5,10,track_buckling,False,1834,0.9876,OCCUPIED,True,23.55,vibration,9.52,1.66,14.414,True,emergency_stop,emergency_stop,False
119.9,12.25,clear,False,43.7,9,broken_rail,False,829,1.0101,CLEAR,True,13.18,vibration,6.13,2.875,12.222,True,emergency_stop,emergency_stop,False
46.7,9.73,clear,False,67.0,9,track_buckling,True,1396,,CLEAR,False,7.03,accelerometer,12.5,0.436,9.712,True,emergency_stop,emergency_stop,False
81.5,14.29,rain,True,85.0,8,broken_rail,True,1651,0.9749,CLEAR,True,12.27,track_circuit,10.52,1.727,14.253,True,reroute,reroute,False
49.5,2.71,heavy_rain,True,89.9,5,stranded_vehicle,True,101,,OCCUPIED,True,14.67,axle_counter,3.28,0.784,2.709,True,reduce_speed,reduce_speed,False
145.8,6.66,clear,False,82.6,9,track_buckling,False,1386,,CLEAR,True,16.15,vibration,2.74,4.252,6.604,True,emergency_stop,emergency_stop,False
182.8,2.67,heavy_rain,True,92.0,7,boulder,False,1839,,CLEAR,True,9.03,track_circuit,0.88,10.693,2.577,False,emergency_stop,emergency_stop,False
199.7,2.7,clear,False,72.3,10,track_buckling,False,284,,CLEAR,True,9.99,accelerometer,0.81,7.976,2.684,False,emergency_stop,emergency_stop,False
114.5,0.62,heavy_rain,False,88.6,9,landslide_debris,True,1520,1.001,CLEAR,True,13.97,axle_counter,0.32,4.195,0.572,False,reroute,reroute,False
85.3,15.17,snow,False,59.2,5,fallen_tree,False,167,,OCCUPIED,True,15.85,track_circuit,10.67,2.765,15.166,True,reduce_speed,reduce_speed,False
177.2,4.7,heavy_rain,False,89.7,9,unknown_obstruction,False,833,1.0266,CLEAR,True,23.07,track_circuit,1.59,10.048,4.659,False,emergency_stop,emergency_stop,False
62.5,16.67,fog,False,92.7,4,environmental_false_positive,False,1648,1.0708,CLEAR,True,10.11,accelerometer,16.0,0.859,16.641,True,proceed_with_caution,proceed_with_caution,False
196.0,18.11,heavy_rain,False,78.0,6,stranded_vehicle,False,1976,0.9045,CLEAR,False,21.93,axle_counter,5.54,12.293,18.002,True,reduce_speed,reduce_speed,False
155.8,3.54,clear,False,60.2,4,cattle_crossing,True,1469,1.0274,CLEAR,False,24.83,vibration,1.36,4.855,3.476,False,reroute,reroute,False
123.1,14.24,clear,False,49.7,4,cattle_crossing,True,1457,,CLEAR,True,8.81,vibration,6.94,3.031,14.19,True,reduce_speed,reduce_speed,False
60.0,9.31,clear,False,52.8,3,environmental_false_positive,False,555,1.0863,OCCUPIED,True,1.17,axle_counter,9.31,0.72,9.301,True,reduce_speed,reduce_speed,False
47.8,18.4,rain,False,39.3,8,track_buckling,True,1660,1.078,CLEAR,True,15.31,vibration,23.1,0.594,18.378,True,reroute,reroute,False
129.4,9.79,fog,False,33.3,4,fallen_tree,False,1335,0.9869,CLEAR,True,22.64,accelerometer,4.54,3.684,9.742,True,reduce_speed,reduce_speed,False
109.1,7.7,rain,False,59.0,6,fallen_tree,False,1890,0.8681,OCCUPIED,True,1.81,track_circuit,4.23,3.095,7.643,True,reduce_speed,reduce_speed,False
175.6,6.03,heavy_rain,False,33.0,10,landslide_debris,False,1226,0.9941,OCCUPIED,True,5.33,vibration,2.06,9.867,5.97,False,emergency_stop,emergency_stop,False
144.6,18.09,clear,False,91.6,6,fallen_tree,False,127,,CLEAR,False,17.07,track_circuit,7.51,4.182,18.085,True,reduce_speed,reduce_speed,False
111.9,4.68,fog,False,75.5,6,unknown_obstruction,True,1046,1.0315,CLEAR,True,20.34,track_circuit,2.51,2.755,4.647,True,reduce_speed,reduce_speed,False
80.0,16.59,clear,False,89.1,6,unknown_obstruction,False,1560,1.1176,OCCUPIED,True,2.62,axle_counter,12.44,1.28,16.555,True,reduce_speed,reduce_speed,False
119.5,4.04,clear,False,61.1,8,boulder,False,1587,0.9888,CLEAR,True,9.41,accelerometer,2.03,2.856,3.987,True,reduce_speed,reduce_speed,False
70.3,12.94,fog,False,45.7,4,water_logging,False,803,1.1284,CLEAR,True,6.35,track_circuit,11.04,1.087,12.924,True,reduce_speed,reduce_speed,False
148.4,9.13,flood,True,50.3,4,water_logging,True,383,,CLEAR,False,24.14,axle_counter,3.69,7.488,9.114,True,reduce_speed,reduce_speed,False
138.9,2.27,rain,False,89.8,2,cattle_crossing,False,1745,0.961,CLEAR,True,17.22,vibration,0.98,5.016,2.203,False,emergency_stop,emergency_stop,False
170.6,2.69,clear,False,38.5,3,cattle_crossing,True,1655,,OCCUPIED,True,12.15,track_circuit,0.95,5.821,2.612,False,reroute,reroute,False
114.7,5.77,rain,False,78.9,7,landslide_debris,False,1764,,CLEAR,True,21.63,vibration,3.02,3.421,5.714,True,reduce_speed,reduce_speed,False
88.2,15.38,clear,False,45.8,1,environmental_false_positive,True,1358,0.9339,CLEAR,True,13.67,accelerometer,10.46,1.556,15.347,True,reduce_speed,reduce_speed,False
174.6,14.63,snow,False,54.7,8,equipment_failure_ahead,True,1666,,OCCUPIED,True,22.83,track_circuit,5.03,11.584,14.549,True,reduce_speed,reduce_speed,False
152.1,4.26,fog,False,30.2,6,signal_cable_theft,False,835,1.0477,OCCUPIED,True,6.35,track_circuit,1.68,5.09,4.225,False,emergency_stop,emergency_stop,False
154.5,9.63,clear,False,63.5,7,signal_cable_theft,False,1570,,CLEAR,True,1.17,accelerometer,3.74,4.774,9.563,True,reduce_speed,reduce_speed,False
126.9,2.12,clear,False,39.0,4,cattle_crossing,False,1002,,OCCUPIED,True,11.0,track_circuit,1.0,3.221,2.085,False,emergency_stop,emergency_stop,False
180.8,14.38,clear,False,90.2,6,stranded_vehicle,True,1599,,OCCUPIED,True,5.5,track_circuit,4.77,6.538,14.3,True,reduce_speed,reduce_speed,False
80.3,15.91,flood,True,36.8,6,boulder,False,335,1.0425,CLEAR,True,20.98,accelerometer,11.89,2.192,15.903,True,reduce_speed,reduce_speed,False
107.3,17.89,rain,False,47.5,9,broken_rail,False,628,,CLEAR,True,13.56,accelerometer,10.0,2.993,17.871,True,emergency_stop,emergency_stop,False
168.4,17.74,heavy_rain,True,31.0,9,landslide_debris,True,468,1.0522,CLEAR,True,7.57,vibration,6.32,9.075,17.718,True,emergency_stop,emergency_stop,False
65.6,6.89,rain,False,99.5,1,environmental_false_positive,True,843,1.096,OCCUPIED,True,19.45,axle_counter,6.3,1.119,6.875,True,proceed_with_caution,proceed_with_caution,False
170.3,5.24,rain,False,74.9,4,water_logging,False,1639,,CLEAR,True,13.41,accelerometer,1.85,7.541,5.162,False,emergency_stop,emergency_stop,False
99.7,17.95,clear,False,75.1,4,water_logging,False,274,1.0853,CLEAR,False,12.82,vibration,10.8,1.988,17.942,True,reduce_speed,reduce_speed,False
64.5,3.09,snow,True,66.3,4,fallen_tree,True,1475,,CLEAR,False,4.93,vibration,2.87,1.581,3.064,True,reduce_speed,reduce_speed,False
57.3,1.38,clear,False,90.8,9,equipment_failure_ahead,True,1670,1.0419,CLEAR,False,24.88,vibration,1.45,0.657,1.353,True,emergency_stop,emergency_stop,False
175.7,6.42,rain,True,40.1,7,boulder,False,1359,0.9268,CLEAR,True,16.65,vibration,2.19,8.026,6.354,False,emergency_stop,emergency_stop,False
165.7,15.25,fog,False,85.5,9,boulder,False,1310,0.9649,OCCUPIED,True,21.44,axle_counter,5.52,6.04,15.19,True,emergency_stop,emergency_stop,False
89.6,13.95,rain,False,86.5,7,boulder,False,320,0.9643,OCCUPIED,True,19.11,track_circuit,9.34,2.087,13.942,True,reduce_speed,reduce_speed,False
63.0,19.74,snow,True,32.5,7,signal_cable_theft,False,1245,1.0869,CLEAR,False,12.82,axle_counter,18.8,1.508,19.718,True,reduce_speed,reduce_speed,False
83.3,7.32,clear,False,39.3,7,equipment_failure_ahead,True,491,,CLEAR,False,0.74,axle_counter,5.27,1.388,7.309,True,reduce_speed,reduce_speed,False
78.0,5.66,rain,False,68.3,7,track_buckling,True,530,1.0438,CLEAR,True,16.83,track_circuit,4.35,1.582,5.649,True,reroute,reroute,False
158.6,7.69,clear,False,36.3,9,unknown_obstruction,True,1730,,CLEAR,True,2.97,axle_counter,2.91,5.031,7.614,True,emergency_stop,emergency_stop,False
78.4,15.69,rain,False,49.8,6,fallen_tree,False,1249,0.9847,CLEAR,True,24.06,vibration,12.01,1.598,15.663,True,reduce_speed,reduce_speed,False
78.5,4.44,clear,False,58.3,6,signal_cable_theft,False,1988,0.9178,CLEAR,True,6.61,axle_counter,3.39,1.232,4.397,True,reduce_speed,reduce_speed,False
50.0,18.97,clear,False,41.0,8,landslide_debris,True,936,0.8916,CLEAR,True,9.5,track_circuit,22.76,0.5,18.957,True,reroute,reroute,False
137.5,10.35,clear,False,79.3,1,cattle_crossing,False,748,0.9858,CLEAR,True,14.01,track_circuit,4.52,3.781,10.321,True,proceed_with_caution,proceed_with_caution,False
151.8,15.71,clear,False,64.7,7,signal_cable_theft,False,1991,,OCCUPIED,True,12.81,track_circuit,6.21,4.609,15.626,True,reduce_speed,reduce_speed,False
146.3,16.58,clear,False,74.8,1,cattle_crossing,True,1264,,OCCUPIED,False,16.55,vibration,6.8,4.281,16.529,True,proceed_with_caution,proceed_with_caution,False
133.1,9.68,rain,True,63.2,8,track_buckling,True,1733,1.0148,OCCUPIED,False,19.69,axle_counter,4.36,4.606,9.616,True,reroute,reroute,False
194.7,14.88,rain,False,58.9,3,environmental_false_positive,False,136,1.1239,CLEAR,False,19.06,track_circuit,4.59,9.856,14.873,True,reduce_speed,reduce_speed,False
118.3,7.42,clear,False,64.5,7,equipment_failure_ahead,False,1076,,CLEAR,True,22.75,vibration,3.76,2.799,7.385,True,reduce_speed,proceed_with_caution,True
178.3,16.26,clear,False,93.0,5,water_logging,True,1643,1.0051,CLEAR,True,12.01,track_circuit,5.47,6.358,16.179,True,reduce_speed,reduce_speed,False
145.1,16.51,clear,False,57.7,4,signal_cable_theft,True,1627,1.0072,CLEAR,True,13.59,track_circuit,6.83,4.211,16.444,True,reduce_speed,reduce_speed,False
58.0,11.41,rain,False,75.0,2,environmental_false_positive,True,1444,,OCCUPIED,True,21.91,vibration,11.8,0.875,11.387,True,proceed_with_caution,proceed_with_caution,False
170.6,4.52,clear,False,88.4,4,fallen_tree,False,370,,OCCUPIED,False,7.42,axle_counter,1.59,5.821,4.502,False,emergency_stop,emergency_stop,False
135.6,19.41,clear,True,73.5,2,environmental_false_positive,True,1116,1.0422,OCCUPIED,True,6.53,vibration,8.59,3.677,19.368,True,reduce_speed,reduce_speed,False
146.3,18.95,clear,False,45.8,7,fallen_tree,True,247,,OCCUPIED,True,0.72,vibration,7.77,4.281,18.94,True,reduce_speed,reduce_speed,False
72.9,12.47,rain,False,38.5,2,environmental_false_positive,True,1614,1.0092,CLEAR,True,18.59,accelerometer,10.26,1.382,12.437,True,reduce_speed,reduce_speed,False
112.8,19.68,clear,False,71.4,9,boulder,False,1280,,OCCUPIED,True,17.35,track_circuit,10.47,2.545,19.64,True,emergency_stop,emergency_stop,False
181.5,10.16,rain,False,80.9,6,fallen_tree,False,428,1.0246,CLEAR,True,7.28,vibration,3.36,8.565,10.138,True,reduce_speed,reduce_speed,False
78.4,7.63,rain,False,83.8,3,cattle_crossing,True,1467,,CLEAR,True,3.68,vibration,5.84,1.598,7.598,True,proceed_with_caution,proceed_with_caution,False
45.0,9.32,fog,False,78.6,1,cattle_crossing,False,1453,1.0187,OCCUPIED,True,1.54,track_circuit,12.43,0.446,9.302,True,proceed_with_caution,proceed_with_caution,False
84.9,1.11,rain,False,30.2,4,environmental_false_positive,False,153,,CLEAR,True,12.45,accelerometer,0.78,1.874,1.106,False,emergency_stop,emergency_stop,False
120.6,11.07,fog,False,84.2,6,equipment_failure_ahead,False,224,,CLEAR,True,5.24,axle_counter,5.51,3.2,11.062,True,reduce_speed,reduce_speed,False
172.3,13.39,clear,False,72.3,8,boulder,False,442,0.9441,CLEAR,True,19.94,accelerometer,4.66,5.937,13.369,True,reduce_speed,reduce_speed,False
144.7,2.37,heavy_rain,True,99.2,5,fallen_tree,False,186,1.0795,OCCUPIED,False,23.78,axle_counter,0.98,6.7,2.363,False,emergency_stop,emergency_stop,False
187.5,5.26,rain,False,83.5,7,stranded_vehicle,False,1098,1.0082,CLEAR,True,19.53,axle_counter,1.68,9.141,5.203,False,emergency_stop,emergency_stop,False
115.6,14.48,clear,False,60.1,2,cattle_crossing,True,1766,,CLEAR,True,21.36,track_circuit,7.52,2.673,14.423,True,proceed_with_caution,proceed_with_caution,False
105.6,15.91,rain,False,77.3,1,cattle_crossing,False,172,,CLEAR,True,24.77,accelerometer,9.04,2.899,15.905,True,proceed_with_caution,proceed_with_caution,False
80.9,19.72,clear,False,73.1,3,environmental_false_positive,False,1248,,OCCUPIED,True,18.65,axle_counter,14.63,1.309,19.692,True,proceed_with_caution,proceed_with_caution,False
78.8,5.21,rain,False,53.6,1,environmental_false_positive,True,877,,CLEAR,True,14.4,track_circuit,3.97,1.614,5.191,True,reduce_speed,reduce_speed,False
159.1,16.86,fog,False,67.3,8,landslide_debris,False,1681,,OCCUPIED,True,20.35,track_circuit,6.36,5.569,16.786,True,reduce_speed,reduce_speed,False
57.5,3.61,snow,False,44.3,5,water_logging,True,990,,CLEAR,False,14.31,vibration,3.77,1.256,3.594,True,reduce_speed,reduce_speed,False
82.6,2.79,snow,True,36.1,10,broken_rail,False,1354,0.9393,OCCUPIED,True,11.1,track_circuit,2.03,2.593,2.759,False,emergency_stop,emergency_stop,False
182.3,14.64,rain,False,81.3,3,cattle_crossing,True,1848,,CLEAR,True,1.3,axle_counter,4.82,8.641,14.546,True,proceed_with_caution,proceed_with_caution,False
134.4,9.03,rain,False,56.9,8,boulder,True,315,0.9935,OCCUPIED,False,16.25,vibration,4.03,4.696,9.018,True,reduce_speed,reduce_speed,False
52.2,15.92,heavy_rain,True,82.9,4,water_logging,True,665,0.9349,CLEAR,True,22.49,track_circuit,18.3,0.872,15.91,True,reduce_speed,reduce_speed,False
154.2,5.79,clear,False,64.2,6,water_logging,True,576,0.9726,CLEAR,True,17.48,axle_counter,2.25,4.756,5.765,True,reduce_speed,reduce_speed,False
123.5,4.42,heavy_rain,True,86.7,10,track_buckling,True,379,0.9645,CLEAR,True,10.4,track_circuit,2.15,4.881,4.407,False,reroute,reroute,False
177.5,11.07,rain,True,81.8,4,sensor_miscount,False,1314,,OCCUPIED,True,15.61,accelerometer,3.74,8.192,11.005,True,reduce_speed,reduce_speed,False
150.8,2.48,clear,False,83.5,4,fallen_tree,False,64,0.9883,CLEAR,True,20.42,accelerometer,0.99,4.548,2.477,False,emergency_stop,emergency_stop,False
45.7,5.72,clear,False,60.1,10,broken_rail,False,803,,CLEAR,False,19.22,track_circuit,7.51,0.418,5.71,True,emergency_stop,emergency_stop,False
76.9,3.49,heavy_rain,False,97.3,2,cattle_crossing,True,287,1.0019,CLEAR,True,12.53,axle_counter,2.72,1.892,3.484,True,proceed_with_caution,proceed_with_caution,False
85.0,6.54,clear,False,58.4,9,unknown_obstruction,False,1250,1.0241,CLEAR,True,9.36,axle_counter,4.62,1.445,6.51,True,emergency_stop,emergency_stop,False
153.8,15.36,clear,False,85.5,8,boulder,False,1514,1.0149,OCCUPIED,False,10.22,accelerometer,5.99,4.731,15.295,True,reduce_speed,reduce_speed,False
123.9,2.59,clear,False,64.3,8,boulder,False,960,0.9883,CLEAR,True,22.74,track_circuit,1.25,3.07,2.557,False,emergency_stop,emergency_stop,False
160.9,12.32,clear,False,46.5,5,fallen_tree,False,918,,CLEAR,True,4.66,axle_counter,4.59,5.178,12.279,True,reduce_speed,reduce_speed,False
124.5,11.78,clear,True,74.0,5,water_logging,False,927,,OCCUPIED,False,21.64,accelerometer,5.68,3.1,11.748,True,reduce_speed,reduce_speed,False
95.7,10.85,fog,False,62.8,7,fallen_tree,False,437,,OCCUPIED,True,5.28,track_circuit,6.8,2.015,10.838,True,reduce_speed,reduce_speed,False
61.1,9.79,clear,False,48.5,2,sensor_miscount,True,782,,CLEAR,False,24.53,axle_counter,9.61,0.747,9.777,True,reduce_speed,proceed_with_caution,True
76.4,13.34,heavy_rain,False,56.8,5,fallen_tree,False,1870,,CLEAR,True,11.48,track_circuit,10.48,1.868,13.3,True,reduce_speed,emergency_stop,True
107.1,17.07,heavy_rain,False,41.2,8,landslide_debris,True,130,0.9619,CLEAR,True,18.47,axle_counter,9.56,3.671,17.066,True,reroute,reroute,False
130.5,3.41,clear,False,99.1,7,water_logging,False,1586,1.0329,CLEAR,False,18.37,track_circuit,1.57,3.406,3.353,False,emergency_stop,emergency_stop,False
190.5,16.32,clear,False,75.0,1,environmental_false_positive,False,371,1.0435,CLEAR,True,19.43,accelerometer,5.14,7.258,16.3,True,proceed_with_caution,proceed_with_caution,False
82.2,1.42,rain,False,42.1,4,environmental_false_positive,False,273,0.917,CLEAR,False,19.84,axle_counter,1.04,1.757,1.414,False,emergency_stop,emergency_stop,False
148.2,9.75,clear,False,83.5,5,sensor_miscount,True,607,1.0134,CLEAR,False,1.46,track_circuit,3.95,4.393,9.725,True,reduce_speed,reduce_speed,False
68.6,10.33,clear,False,72.1,4,cattle_crossing,False,574,0.9231,CLEAR,True,7.2,vibration,9.03,0.941,10.319,True,proceed_with_caution,proceed_with_caution,False
155.6,4.11,flood,True,80.6,3,sensor_miscount,False,666,,OCCUPIED,False,6.13,vibration,1.58,8.232,4.081,False,emergency_stop,emergency_stop,False
46.8,1.98,flood,True,70.9,4,sensor_miscount,False,1707,0.972,CLEAR,False,17.62,vibration,2.54,0.745,1.958,True,reduce_speed,reduce_speed,False
146.7,1.68,heavy_rain,False,34.2,7,track_buckling,False,1814,0.9517,CLEAR,False,17.24,vibration,0.69,6.887,1.606,False,emergency_stop,emergency_stop,False
70.3,0.94,clear,False,44.2,4,cattle_crossing,True,1400,0.8974,OCCUPIED,True,7.78,track_circuit,0.8,0.988,0.913,False,reroute,reroute,False
73.0,11.56,fog,False,83.8,2,environmental_false_positive,False,335,0.9945,OCCUPIED,True,19.94,axle_counter,9.5,1.172,11.553,True,proceed_with_caution,proceed_with_caution,False
131.6,3.28,fog,False,82.8,6,fallen_tree,False,1894,0.9305,OCCUPIED,True,8.13,track_circuit,1.5,3.81,3.211,False,emergency_stop,emergency_stop,False
103.2,16.21,clear,False,82.8,6,signal_cable_theft,False,1703,0.911,CLEAR,True,8.9,track_circuit,9.42,2.13,16.161,True,reduce_speed,reduce_speed,False
118.1,18.0,rain,False,31.1,1,cattle_crossing,False,198,,OCCUPIED,False,10.27,accelerometer,9.14,3.626,17.994,True,reduce_speed,reduce_speed,False
92.9,5.99,clear,False,86.4,4,cattle_crossing,False,805,,CLEAR,False,18.74,vibration,3.87,1.726,5.969,True,proceed_with_caution,reduce_speed,True
192.8,3.46,clear,False,60.7,7,landslide_debris,True,1562,,CLEAR,True,0.79,track_circuit,1.08,7.434,3.376,False,reroute,reroute,False
90.1,8.31,rain,False,78.6,7,signal_cable_theft,True,223,0.9141,CLEAR,True,22.71,track_circuit,5.53,2.111,8.304,True,reduce_speed,reduce_speed,False
129.0,17.66,clear,False,49.0,3,environmental_false_positive,True,199,,CLEAR,False,17.46,accelerometer,8.21,3.328,17.653,True,reduce_speed,reduce_speed,False
177.4,8.12,clear,False,83.9,8,boulder,False,1232,1.0408,CLEAR,True,14.87,track_circuit,2.75,6.294,8.059,True,reduce_speed,reduce_speed,False
147.9,2.35,heavy_rain,True,98.8,8,stranded_vehicle,False,706,0.9918,CLEAR,True,6.31,track_circuit,0.95,7.0,2.321,False,emergency_stop,emergency_stop,False
95.0,19.7,flood,True,47.7,7,landslide_debris,False,911,1.0195,CLEAR,True,19.75,track_circuit,12.44,3.068,19.676,True,reduce_speed,reduce_speed,False
130.6,10.09,rain,False,84.9,9,landslide_debris,False,1514,0.9738,CLEAR,True,21.88,track_circuit,4.64,4.435,10.035,True,emergency_stop,emergency_stop,False
57.9,6.98,heavy_rain,True,72.3,5,equipment_failure_ahead,False,1112,0.9769,CLEAR,False,12.79,track_circuit,7.23,1.073,6.962,True,reduce_speed,reduce_speed,False
129.6,17.89,flood,True,49.1,4,cattle_crossing,False,1437,0.9604,CLEAR,True,7.67,accelerometer,8.28,5.711,17.838,True,reduce_speed,reduce_speed,False
111.9,18.56,clear,False,50.6,6,stranded_vehicle,False,295,1.0367,CLEAR,True,9.82,track_circuit,9.95,2.504,18.551,True,reduce_speed,reduce_speed,False
162.5,10.04,clear,False,81.2,6,fallen_tree,False,54,,CLEAR,False,10.7,axle_counter,3.71,5.281,10.038,True,reduce_speed,reduce_speed,False
176.4,6.27,clear,True,49.9,5,equipment_failure_ahead,False,541,0.9667,CLEAR,False,7.99,vibration,2.13,6.223,6.243,False,emergency_stop,emergency_stop,False
75.9,9.76,clear,False,33.3,6,fallen_tree,False,443,1.0453,CLEAR,False,17.95,axle_counter,7.72,1.152,9.751,True,reduce_speed,reduce_speed,False
57.6,4.54,fog,False,91.2,2,sensor_miscount,False,682,0.9144,CLEAR,False,8.88,vibration,4.73,0.73,4.529,True,proceed_with_caution,proceed_with_caution,False
105.5,9.67,clear,False,71.2,8,fallen_tree,False,1568,0.9897,OCCUPIED,True,20.62,vibration,5.5,2.226,9.624,True,reduce_speed,reduce_speed,False
127.8,4.74,rain,True,83.1,8,landslide_debris,True,346,0.9188,CLEAR,False,11.86,axle_counter,2.23,4.247,4.728,True,reduce_speed,reduce_speed,False
103.4,12.52,clear,False,72.2,5,sensor_miscount,False,296,0.9321,CLEAR,True,15.91,axle_counter,7.26,2.138,12.511,True,reduce_speed,reduce_speed,False
142.4,15.25,clear,False,66.2,8,landslide_debris,False,441,0.9181,CLEAR,True,23.72,vibration,6.43,4.056,15.233,True,reduce_speed,reduce_speed,False
123.4,19.39,snow,True,83.9,5,sensor_miscount,True,686,0.9607,CLEAR,True,11.43,vibration,9.43,5.786,19.366,True,reduce_speed,emergency_stop,True
190.2,16.88,clear,False,32.3,5,fallen_tree,False,434,1.0372,CLEAR,True,4.67,vibration,5.32,7.235,16.857,True,reduce_speed,reduce_speed,False
108.5,1.91,clear,False,51.8,4,sensor_miscount,False,408,0.9953,OCCUPIED,True,13.97,track_circuit,1.06,2.354,1.898,False,emergency_stop,emergency_stop,False
57.8,4.39,clear,False,73.9,5,sensor_miscount,True,1180,,CLEAR,False,12.67,vibration,4.56,0.668,4.371,True,reduce_speed,reduce_speed,False
91.8,10.73,rain,True,96.1,4,sensor_miscount,False,267,,CLEAR,True,19.67,vibration,7.01,2.191,10.723,True,reduce_speed,reduce_speed,False
138.9,5.3,rain,True,57.6,9,landslide_debris,True,350,0.8766,OCCUPIED,True,21.57,track_circuit,2.29,5.016,5.286,False,reroute,reroute,False
84.7,0.48,rain,False,98.3,2,sensor_miscount,True,1682,1.0343,OCCUPIED,False,17.96,accelerometer,0.34,1.865,0.44,False,reroute,reroute,False
86.7,15.14,clear,False,82.9,8,equipment_failure_ahead,True,85,0.8651,CLEAR,False,24.3,track_circuit,10.48,1.503,15.138,True,reduce_speed,reduce_speed,False
97.6,7.28,clear,False,63.9,6,fallen_tree,False,169,,CLEAR,False,7.1,track_circuit,4.48,1.905,7.275,True,reduce_speed,reduce_speed,False
160.7,1.51,heavy_rain,True,60.0,8,fallen_tree,False,185,0.9953,OCCUPIED,True,6.36,accelerometer,0.56,8.264,1.502,False,emergency_stop,emergency_stop,False
190.7,10.27,rain,False,39.1,2,environmental_false_positive,False,1095,1.0267,CLEAR,True,7.64,track_circuit,3.23,9.455,10.212,True,reduce_speed,reduce_speed,False
99.3,19.55,rain,False,73.1,7,boulder,False,1405,1.0143,OCCUPIED,True,16.94,axle_counter,11.81,2.564,19.511,True,reduce_speed,reduce_speed,False
75.3,13.64,fog,False,33.7,7,signal_cable_theft,True,1401,0.997,CLEAR,False,6.2,track_circuit,10.87,1.247,13.611,True,reduce_speed,reduce_speed,False
110.2,3.34,fog,False,60.0,3,sensor_miscount,False,1396,1.0874,OCCUPIED,False,2.67,accelerometer,1.82,2.672,3.297,True,proceed_with_caution,proceed_with_caution,False
99.5,10.38,clear,False,46.6,9,landslide_debris,False,162,1.1209,CLEAR,True,24.45,axle_counter,6.26,1.98,10.376,True,reduce_speed,reduce_speed,False
198.5,18.05,clear,False,96.9,3,cattle_crossing,False,722,,CLEAR,True,8.21,vibration,5.46,7.88,18.01,True,proceed_with_caution,proceed_with_caution,False
116.9,1.27,rain,False,55.4,1,cattle_crossing,True,1285,0.994,CLEAR,True,5.95,vibration,0.65,3.553,1.228,False,reroute,reroute,False
150.3,12.83,clear,False,64.2,7,fallen_tree,False,1380,,OCCUPIED,True,9.29,axle_counter,5.12,4.518,12.772,True,reduce_speed,reduce_speed,False
186.6,14.48,heavy_rain,True,56.3,6,unknown_obstruction,False,701,0.9633,CLEAR,True,4.38,accelerometer,4.66,11.142,14.444,True,reduce_speed,reduce_speed,False
142.5,14.14,rain,False,39.6,9,boulder,True,1701,1.0226,CLEAR,True,1.38,vibration,5.95,5.28,14.073,True,emergency_stop,emergency_stop,False
83.7,3.17,fog,False,54.7,7,stranded_vehicle,True,1676,1.0763,CLEAR,True,7.98,axle_counter,2.27,1.541,3.131,True,reroute,reroute,False
139.1,18.16,heavy_rain,True,84.5,4,environmental_false_positive,True,1543,0.8506,CLEAR,True,8.78,accelerometer,7.83,6.192,18.1,True,reduce_speed,reduce_speed,False
107.3,6.58,rain,True,73.5,7,track_buckling,False,1606,0.9898,CLEAR,True,20.37,axle_counter,3.68,2.993,6.532,True,reduce_speed,reduce_speed,False
110.5,1.22,snow,True,60.6,2,environmental_false_positive,False,1952,1.0893,OCCUPIED,True,11.17,track_circuit,0.66,4.64,1.16,False,emergency_stop,emergency_stop,False
196.8,1.85,rain,False,87.4,7,landslide_debris,True,1598,1.0236,OCCUPIED,True,18.55,track_circuit,0.56,10.07,1.763,False,reroute,reroute,False
88.2,9.26,heavy_rain,False,30.3,2,cattle_crossing,True,1192,1.0248,CLEAR,True,18.52,axle_counter,6.3,2.489,9.231,True,reduce_speed,reduce_speed,False
117.7,0.99,clear,False,87.9,10,landslide_debris,False,827,0.9039,CLEAR,True,19.83,track_circuit,0.5,2.771,0.963,False,emergency_stop,emergency_stop,False
69.8,15.64,rain,False,34.2,3,sensor_miscount,False,756,,CLEAR,True,23.0,axle_counter,13.44,1.267,15.625,True,reduce_speed,reduce_speed,False
72.7,17.34,rain,False,90.9,3,environmental_false_positive,False,1654,1.0605,OCCUPIED,False,12.72,track_circuit,14.31,1.374,17.307,True,proceed_with_caution,proceed_with_caution,False
138.5,0.46,clear,False,96.3,3,environmental_false_positive,True,627,,OCCUPIED,True,3.05,axle_counter,0.2,3.836,0.436,False,reroute,reroute,False
161.4,16.24,clear,False,87.3,9,equipment_failure_ahead,False,1279,,CLEAR,False,1.45,track_circuit,6.04,5.21,16.183,True,emergency_stop,emergency_stop,False
143.7,19.63,snow,False,31.4,3,sensor_miscount,False,1030,1.0266,CLEAR,True,5.08,vibration,8.2,7.847,19.589,True,reduce_speed,reduce_speed,False
96.0,0.8,rain,True,66.8,3,sensor_miscount,True,788,0.9377,CLEAR,True,20.82,track_circuit,0.5,2.396,0.779,False,reroute,reroute,False
54.2,14.55,clear,False,88.0,2,cattle_crossing,False,929,,CLEAR,True,14.57,track_circuit,16.11,0.588,14.536,True,proceed_with_caution,proceed_with_caution,False
117.9,19.98,clear,True,68.2,6,unknown_obstruction,True,207,1.0481,CLEAR,True,3.93,axle_counter,10.17,2.78,19.973,True,reduce_speed,reduce_speed,False
123.2,15.98,clear,False,55.2,4,signal_cable_theft,True,1434,1.0657,CLEAR,True,3.75,axle_counter,7.78,3.036,15.931,True,reduce_speed,reduce_speed,False
164.5,10.21,clear,False,62.9,6,unknown_obstruction,False,180,,CLEAR,True,22.34,axle_counter,3.72,5.412,10.202,True,reduce_speed,reduce_speed,False
144.2,17.72,snow,False,35.6,8,track_buckling,False,193,,CLEAR,True,13.24,axle_counter,7.37,7.902,17.712,True,reduce_speed,reduce_speed,False
180.0,14.22,clear,False,64.7,1,cattle_crossing,True,540,,OCCUPIED,False,4.71,track_circuit,4.74,6.48,14.193,True,proceed_with_caution,proceed_with_caution,False
166.4,5.99,clear,False,31.9,3,sensor_miscount,True,1086,1.0119,OCCUPIED,True,22.47,accelerometer,2.16,5.538,5.94,True,reduce_speed,reduce_speed,False
101.7,4.64,rain,False,75.1,8,track_buckling,True,634,0.9301,CLEAR,True,18.16,axle_counter,2.74,2.689,4.622,True,reroute,reroute,False
143.0,10.35,clear,False,57.3,8,track_buckling,False,1767,1.077,CLEAR,True,12.21,track_circuit,4.34,4.09,10.28,True,reduce_speed,reduce_speed,False
160.8,7.59,clear,False,43.4,5,equipment_failure_ahead,True,1859,,OCCUPIED,True,11.89,vibration,2.83,5.171,7.507,True,reduce_speed,reduce_speed,False
193.3,6.72,fog,True,31.2,6,water_logging,False,817,,CLEAR,True,16.98,vibration,2.09,8.22,6.676,False,emergency_stop,emergency_stop,False
110.5,3.72,rain,False,94.5,10,track_buckling,True,2000,,CLEAR,True,8.79,axle_counter,2.02,3.175,3.659,True,emergency_stop,emergency_stop,False
145.5,16.94,flood,False,68.9,5,stranded_vehicle,False,223,1.035,OCCUPIED,True,25.0,axle_counter,6.99,7.198,16.931,True,reduce_speed,reduce_speed,False
105.9,14.16,rain,False,75.3,7,water_logging,False,330,1.04,CLEAR,True,19.72,axle_counter,8.02,2.916,14.15,True,reduce_speed,reduce_speed,False
159.4,6.76,rain,True,84.6,5,signal_cable_theft,True,727,0.8993,OCCUPIED,True,16.2,axle_counter,2.54,6.606,6.728,False,reroute,reroute,False
186.4,4.91,fog,False,73.9,6,unknown_obstruction,False,1889,0.9592,OCCUPIED,False,17.34,track_circuit,1.58,7.644,4.812,False,emergency_stop,emergency_stop,False
187.5,2.74,snow,False,58.9,8,equipment_failure_ahead,False,1032,,OCCUPIED,True,24.9,track_circuit,0.88,13.359,2.686,False,emergency_stop,emergency_stop,False
69.3,2.43,fog,False,73.9,5,signal_cable_theft,True,1428,,CLEAR,True,0.76,accelerometer,2.1,1.057,2.403,True,reduce_speed,reduce_speed,False
76.6,12.58,flood,True,47.7,2,sensor_miscount,False,1323,1.0523,CLEAR,True,1.06,vibration,9.85,1.995,12.552,True,reduce_speed,reduce_speed,False
162.0,2.35,heavy_rain,True,69.3,8,fallen_tree,False,1022,0.9642,CLEAR,True,19.73,axle_counter,0.87,8.398,2.304,False,emergency_stop,emergency_stop,False
142.8,19.21,heavy_rain,True,44.4,2,environmental_false_positive,False,1867,1.0429,CLEAR,True,5.63,track_circuit,8.07,6.525,19.136,True,reduce_speed,reduce_speed,False
185.3,5.73,clear,False,94.2,8,track_buckling,False,1912,,OCCUPIED,True,17.29,vibration,1.86,6.867,5.632,False,emergency_stop,emergency_stop,False
93.6,0.71,fog,False,65.7,8,boulder,True,924,,CLEAR,True,12.83,track_circuit,0.46,1.927,0.686,False,reroute,reroute,False
176.4,17.14,clear,False,46.4,8,equipment_failure_ahead,True,1442,1.0454,CLEAR,True,8.31,track_circuit,5.83,6.223,17.069,True,reduce_speed,reduce_speed,False
151.0,7.48,rain,True,74.8,3,environmental_false_positive,True,1267,,CLEAR,False,6.17,track_circuit,2.97,5.928,7.427,True,reduce_speed,reduce_speed,False
75.3,6.99,fog,False,36.3,4,fallen_tree,False,1208,0.9963,CLEAR,True,19.53,vibration,5.57,1.247,6.965,True,reduce_speed,reduce_speed,False
64.6,2.55,flood,True,60.4,4,sensor_miscount,False,248,,CLEAR,True,4.69,axle_counter,2.37,1.419,2.546,True,reduce_speed,reduce_speed,False
153.9,13.28,flood,True,90.6,2,cattle_crossing,True,458,,CLEAR,True,4.39,track_circuit,5.18,8.053,13.26,True,reduce_speed,reduce_speed,False
69.6,7.3,clear,False,83.8,8,fallen_tree,True,1981,,CLEAR,True,11.33,track_circuit,6.29,0.969,7.262,True,reduce_speed,reduce_speed,False
168.1,16.5,fog,False,79.2,8,fallen_tree,True,526,1.0036,CLEAR,False,3.42,axle_counter,5.89,6.217,16.475,True,reduce_speed,reduce_speed,False
131.3,12.69,fog,True,62.9,6,boulder,False,1321,1.0006,CLEAR,True,16.22,axle_counter,5.8,3.793,12.642,True,reduce_speed,reroute,True
118.9,17.62,clear,False,61.3,3,cattle_crossing,True,1828,,OCCUPIED,True,24.8,vibration,8.89,2.827,17.56,True,proceed_with_caution,proceed_with_caution,False
87.7,12.53,clear,False,30.8,3,water_logging,False,1225,1.0107,OCCUPIED,True,18.82,track_circuit,8.57,1.538,12.5,True,reduce_speed,reduce_speed,False
197.5,15.63,clear,False,72.0,2,cattle_crossing,True,469,,CLEAR,True,15.28,vibration,4.75,7.801,15.604,True,proceed_with_caution,proceed_with_caution,False
156.9,13.99,heavy_rain,True,70.4,8,track_buckling,True,1727,,CLEAR,True,10.17,accelerometer,5.35,7.878,13.915,True,reroute,reroute,False
165.6,9.36,rain,False,30.4,6,unknown_obstruction,True,113,1.0306,CLEAR,True,24.71,axle_counter,3.39,7.13,9.355,True,reduce_speed,reduce_speed,False
164.2,13.84,flood,True,39.6,6,signal_cable_theft,False,1460,0.9092,OCCUPIED,True,22.06,track_circuit,5.06,9.167,13.773,True,reduce_speed,reduce_speed,False
135.5,13.34,rain,False,30.9,6,unknown_obstruction,True,569,0.8323,CLEAR,True,20.6,vibration,5.91,4.774,13.319,True,reduce_speed,reduce_speed,False
190.7,0.33,flood,True,47.7,7,boulder,False,1299,1.1183,OCCUPIED,True,6.14,track_circuit,0.1,12.365,0.261,False,emergency_stop,emergency_stop,False
135.5,14.03,clear,False,30.3,4,signal_cable_theft,False,987,0.9437,CLEAR,True,3.53,track_circuit,6.21,3.672,13.993,True,reduce_speed,reduce_speed,False
125.6,5.39,heavy_rain,True,59.2,4,environmental_false_positive,True,1160,0.9731,OCCUPIED,False,4.86,track_circuit,2.57,5.048,5.35,True,reduce_speed,reduce_speed,False
87.4,10.93,clear,False,63.3,7,stranded_vehicle,False,795,,CLEAR,True,6.84,accelerometer,7.5,1.528,10.911,True,reduce_speed,reduce_speed,False
88.7,2.4,rain,False,60.6,7,track_buckling,True,1081,0.9727,OCCUPIED,True,2.5,axle_counter,1.62,2.046,2.373,True,reroute,reroute,False
159.2,0.66,heavy_rain,False,44.0,8,fallen_tree,False,1875,1.0124,CLEAR,True,22.27,accelerometer,0.25,8.11,0.577,False,emergency_stop,emergency_stop,False
96.9,0.5,snow,True,66.6,5,fallen_tree,False,1662,,OCCUPIED,True,5.04,axle_counter,0.31,3.568,0.455,False,emergency_stop,emergency_stop,False
158.0,3.33,heavy_rain,True,87.0,6,water_logging,False,866,,OCCUPIED,True,6.05,axle_counter,1.26,7.988,3.292,False,emergency_stop,emergency_stop,False
192.7,0.59,clear,False,50.4,6,fallen_tree,False,1886,0.9734,CLEAR,False,22.26,track_circuit,0.18,7.427,0.489,False,emergency_stop,emergency_stop,False
113.1,2.82,clear,False,51.9,6,fallen_tree,True,1784,1.0221,OCCUPIED,False,23.97,axle_counter,1.5,2.558,2.764,False,reroute,reroute,False
60.1,11.27,clear,False,68.0,4,signal_cable_theft,True,1273,,CLEAR,True,5.93,track_circuit,11.25,0.722,11.249,True,reduce_speed,reduce_speed,False
148.3,8.13,clear,False,46.4,9,landslide_debris,True,1210,,OCCUPIED,False,7.71,axle_counter,3.29,4.399,8.08,True,emergency_stop,emergency_stop,False
46.5,19.62,fog,False,53.6,5,stranded_vehicle,False,119,1.0456,CLEAR,True,20.1,track_circuit,25.32,0.476,19.618,True,reduce_speed,reduce_speed,False
167.0,16.21,fog,False,61.7,3,sensor_miscount,True,1072,0.9935,CLEAR,True,24.27,track_circuit,5.82,6.136,16.16,True,proceed_with_caution,proceed_with_caution,False
126.5,3.11,heavy_rain,False,57.0,8,boulder,True,464,1.0835,CLEAR,False,16.42,axle_counter,1.48,5.121,3.094,False,reroute,reroute,False
120.9,8.45,heavy_rain,True,87.3,9,track_buckling,False,362,0.9824,OCCUPIED,False,11.34,track_circuit,4.19,4.677,8.438,True,emergency_stop,emergency_stop,False
133.3,8.73,fog,False,89.4,10,track_buckling,False,1724,1.0417,CLEAR,True,17.03,track_circuit,3.93,3.909,8.666,True,emergency_stop,emergency_stop,False
125.0,7.37,heavy_rain,False,58.2,8,landslide_debris,True,578,,OCCUPIED,False,19.62,accelerometer,3.54,5.0,7.35,True,reroute,reroute,False
95.2,10.01,clear,False,61.3,4,cattle_crossing,False,1250,,CLEAR,True,3.26,track_circuit,6.31,1.813,9.977,True,proceed_with_caution,proceed_with_caution,False
88.6,13.46,clear,False,97.0,9,landslide_debris,False,1741,,CLEAR,True,11.16,track_circuit,9.12,1.57,13.417,True,emergency_stop,emergency_stop,False
109.4,12.89,rain,True,65.2,5,fallen_tree,True,1216,0.9616,OCCUPIED,False,21.5,track_circuit,7.07,3.112,12.853,True,reduce_speed,reduce_speed,False
183.7,7.27,heavy_rain,False,99.5,8,equipment_failure_ahead,False,1571,0.9395,OCCUPIED,False,17.78,track_circuit,2.37,10.799,7.19,False,emergency_stop,emergency_stop,False
66.0,14.16,clear,False,83.4,9,unknown_obstruction,False,1562,0.9745,CLEAR,True,4.27,vibration,12.87,0.871,14.131,True,emergency_stop,emergency_stop,False
95.3,5.93,rain,True,48.5,9,track_buckling,False,922,1.0097,CLEAR,True,19.0,track_circuit,3.73,2.361,5.906,True,emergency_stop,emergency_stop,False
74.8,16.74,fog,True,46.0,8,fallen_tree,False,1848,0.9061,OCCUPIED,False,16.85,axle_counter,13.43,1.231,16.702,True,reduce_speed,reduce_speed,False
111.2,19.29,clear,False,41.1,4,cattle_crossing,True,1823,,CLEAR,True,6.98,axle_counter,10.41,2.473,19.234,True,reduce_speed,reduce_speed,False
65.7,6.04,clear,False,86.4,1,environmental_false_positive,False,708,,OCCUPIED,False,8.93,track_circuit,5.52,0.863,6.027,True,proceed_with_caution,proceed_with_caution,False
162.9,15.74,snow,True,51.5,3,environmental_false_positive,False,1648,1.0623,CLEAR,True,8.2,accelerometer,5.8,10.084,15.665,True,reduce_speed,reduce_speed,False
61.0,16.31,fog,False,77.3,9,boulder,False,407,0.962,OCCUPIED,True,24.83,accelerometer,16.04,0.819,16.303,True,emergency_stop,emergency_stop,False
148.1,9.92,clear,False,67.8,9,boulder,True,268,1.0714,CLEAR,True,5.0,track_circuit,4.02,4.387,9.909,True,emergency_stop,emergency_stop,False
86.5,1.94,heavy_rain,True,87.8,3,water_logging,False,1084,,CLEAR,True,20.82,track_circuit,1.35,2.394,1.914,False,emergency_stop,emergency_stop,False
118.2,15.77,clear,False,82.6,6,unknown_obstruction,False,1232,0.998,OCCUPIED,True,13.5,track_circuit,8.01,2.794,15.73,True,reduce_speed,reduce_speed,False
76.0,8.27,heavy_rain,True,34.5,8,unknown_obstruction,False,1188,1.0764,CLEAR,True,22.07,track_circuit,6.53,1.848,8.245,True,reduce_speed,reduce_speed,False
158.2,4.32,clear,False,53.7,7,boulder,True,1608,,OCCUPIED,False,24.56,axle_counter,1.64,5.005,4.249,False,reroute,reroute,False
192.0,12.61,rain,False,66.4,1,cattle_crossing,True,812,0.9874,CLEAR,True,24.05,axle_counter,3.94,9.585,12.567,True,proceed_with_caution,proceed_with_caution,False
79.4,8.85,clear,False,86.3,8,boulder,True,1627,0.9556,CLEAR,True,21.43,axle_counter,6.69,1.261,8.814,True,reduce_speed,reduce_speed,False
192.7,1.93,clear,False,80.0,5,sensor_miscount,False,1810,1.0257,OCCUPIED,True,10.63,track_circuit,0.6,7.427,1.833,False,emergency_stop,emergency_stop,False
95.4,19.68,snow,True,68.5,9,unknown_obstruction,True,228,0.9146,CLEAR,True,7.15,track_circuit,12.38,3.458,19.674,True,emergency_stop,emergency_stop,False
131.5,5.04,clear,True,86.6,3,water_logging,False,926,0.9219,OCCUPIED,True,8.33,accelerometer,2.3,3.458,5.006,True,reduce_speed,reduce_speed,False
153.7,10.32,clear,False,60.4,7,landslide_debris,False,488,1.0784,CLEAR,False,16.5,accelerometer,4.03,4.725,10.299,True,reduce_speed,reduce_speed,False
75.9,13.41,clear,True,33.9,2,cattle_crossing,True,1330,1.0343,CLEAR,True,8.88,track_circuit,10.6,1.152,13.382,True,reduce_speed,reduce_speed,False
113.9,2.48,fog,True,90.9,6,water_logging,False,855,0.9485,CLEAR,True,11.15,vibration,1.31,2.854,2.453,False,emergency_stop,emergency_stop,False
55.5,14.84,heavy_rain,True,66.9,3,environmental_false_positive,True,599,1.1881,CLEAR,True,2.45,axle_counter,16.04,0.986,14.831,True,reduce_speed,reduce_speed,False
153.0,13.04,flood,True,86.6,8,stranded_vehicle,True,540,0.9171,CLEAR,True,19.39,vibration,5.11,7.959,13.017,True,reroute,reroute,False
109.6,9.98,clear,False,57.4,7,unknown_obstruction,True,742,1.0372,CLEAR,True,3.23,axle_counter,5.46,2.402,9.957,True,reduce_speed,reduce_speed,False
183.2,10.66,clear,False,71.2,8,fallen_tree,False,262,0.9522,CLEAR,True,8.76,accelerometer,3.49,6.712,10.647,True,reduce_speed,reduce_speed,False
87.5,19.1,clear,False,53.2,7,boulder,False,254,1.1069,OCCUPIED,True,14.97,track_circuit,13.1,1.531,19.094,True,reduce_speed,reduce_speed,False
188.2,18.24,rain,False,58.7,7,fallen_tree,True,1276,,CLEAR,False,13.51,track_circuit,5.82,9.209,18.173,True,reduce_speed,reduce_speed,False
66.9,2.42,flood,True,40.3,7,landslide_debris,False,1889,0.9829,CLEAR,True,22.38,accelerometer,2.17,1.522,2.385,True,reduce_speed,reduce_speed,False
139.1,7.5,fog,False,81.9,5,fallen_tree,True,1040,,CLEAR,True,16.64,track_circuit,3.24,4.257,7.46,True,reduce_speed,reduce_speed,False
92.7,10.43,rain,False,49.6,7,signal_cable_theft,True,1859,,CLEAR,True,19.83,track_circuit,6.75,2.234,10.382,True,reduce_speed,reduce_speed,False
73.2,18.42,clear,True,51.1,7,boulder,False,352,0.9629,CLEAR,True,7.93,vibration,15.1,1.072,18.413,True,reduce_speed,reduce_speed,False
59.6,16.37,snow,True,54.8,8,boulder,False,1948,1.0288,OCCUPIED,False,3.74,vibration,16.48,1.35,16.338,True,reduce_speed,reduce_speed,False
146.6,7.85,rain,False,60.2,9,boulder,False,1194,,CLEAR,True,18.71,vibration,3.21,5.588,7.801,True,emergency_stop,emergency_stop,False
81.1,17.75,clear,False,70.3,9,landslide_debris,False,1501,,OCCUPIED,True,4.26,vibration,13.13,1.315,17.716,True,emergency_stop,emergency_stop,False
133.8,7.69,clear,False,77.8,7,unknown_obstruction,False,170,0.8663,CLEAR,True,20.94,vibration,3.45,3.58,7.684,True,reduce_speed,reduce_speed,False
196.8,5.57,clear,False,77.3,9,equipment_failure_ahead,True,1228,0.9863,CLEAR,True,23.6,track_circuit,1.7,7.746,5.503,False,reroute,reroute,False
94.0,12.28,clear,False,59.7,8,landslide_debris,True,797,,CLEAR,True,7.43,axle_counter,7.84,1.767,12.259,True,reroute,reroute,False
50.4,7.25,clear,False,63.7,3,sensor_miscount,False,1802,,CLEAR,True,19.14,vibration,8.63,0.508,7.225,True,proceed_with_caution,proceed_with_caution,False
67.1,12.52,rain,False,39.8,3,sensor_miscount,False,1596,1.1287,OCCUPIED,True,11.21,accelerometer,11.2,1.171,12.49,True,reduce_speed,proceed_with_caution,True
63.5,8.31,rain,False,66.5,7,equipment_failure_ahead,True,1736,,CLEAR,False,7.83,track_circuit,7.85,1.048,8.279,True,reduce_speed,reduce_speed,False
116.8,15.96,clear,False,91.4,5,stranded_vehicle,True,1786,,CLEAR,True,11.06,track_circuit,8.2,2.728,15.902,True,reduce_speed,reduce_speed,False
160.4,19.1,clear,False,62.2,6,fallen_tree,True,1456,0.9817,OCCUPIED,True,16.35,vibration,7.14,5.146,19.035,True,reduce_speed,reduce_speed,False
90.9,5.55,flood,False,95.7,3,water_logging,False,528,0.9212,CLEAR,True,24.71,track_circuit,3.66,2.809,5.537,True,reduce_speed,proceed_with_caution,True
67.6,10.3,fog,False,40.9,4,environmental_false_positive,True,601,0.9832,OCCUPIED,True,7.85,track_circuit,9.14,1.005,10.289,True,reduce_speed,reduce_speed,False
144.3,14.54,rain,False,81.6,3,sensor_miscount,False,1726,0.9559,CLEAR,True,17.8,vibration,6.05,5.414,14.471,True,proceed_with_caution,proceed_with_caution,False
91.7,3.34,clear,False,79.6,1,cattle_crossing,False,1223,0.997,OCCUPIED,True,8.7,axle_counter,2.19,1.682,3.309,True,proceed_with_caution,proceed_with_caution,False
134.2,15.96,snow,False,77.7,7,fallen_tree,False,1789,0.9703,OCCUPIED,False,6.66,track_circuit,7.14,6.844,15.893,True,reduce_speed,reduce_speed,False
189.7,11.74,clear,False,76.4,5,sensor_miscount,True,1601,0.8993,CLEAR,True,15.98,track_circuit,3.71,7.197,11.656,True,reduce_speed,reduce_speed,False
90.2,3.16,clear,False,31.6,3,environmental_false_positive,True,1234,1.076,CLEAR,True,19.15,track_circuit,2.1,1.627,3.129,True,reduce_speed,reduce_speed,False
124.4,17.39,snow,False,81.9,3,water_logging,True,347,,CLEAR,True,18.08,vibration,8.39,5.881,17.378,True,reduce_speed,reduce_speed,False
170.1,8.65,rain,False,65.0,6,signal_cable_theft,True,1966,0.9802,OCCUPIED,True,23.59,axle_counter,3.05,7.523,8.557,True,reduce_speed,reduce_speed,False
152.2,3.7,fog,True,66.7,3,water_logging,False,524,,CLEAR,True,3.13,track_circuit,1.46,5.096,3.678,False,emergency_stop,emergency_stop,False
161.5,4.07,rain,False,33.6,3,cattle_crossing,False,530,0.9715,OCCUPIED,False,13.75,track_circuit,1.51,6.781,4.046,False,emergency_stop,emergency_stop,False
164.7,15.75,fog,False,43.2,1,cattle_crossing,True,334,0.9482,OCCUPIED,False,7.63,track_circuit,5.74,5.968,15.735,True,reduce_speed,reduce_speed,False
128.7,18.73,clear,False,93.8,2,environmental_false_positive,False,184,0.9284,CLEAR,True,20.52,track_circuit,8.73,3.313,18.723,True,proceed_with_caution,proceed_with_caution,False
128.1,7.69,clear,False,52.1,8,equipment_failure_ahead,False,781,1.0098,CLEAR,False,2.02,track_circuit,3.6,3.282,7.662,True,reduce_speed,reduce_speed,False
156.4,1.76,clear,False,57.6,7,water_logging,False,1695,0.9719,CLEAR,False,4.81,axle_counter,0.68,4.892,1.686,False,emergency_stop,emergency_stop,False
153.1,2.2,clear,False,43.2,8,stranded_vehicle,True,1739,1.0449,CLEAR,True,19.41,track_circuit,0.86,4.688,2.126,False,reroute,reroute,False
148.9,13.16,snow,False,74.3,7,stranded_vehicle,True,1007,,CLEAR,True,9.19,track_circuit,5.3,8.425,13.118,True,reroute,proceed_with_caution,True
104.2,7.54,clear,False,81.8,9,boulder,True,663,1.0069,CLEAR,False,17.2,axle_counter,4.34,2.172,7.521,True,emergency_stop,emergency_stop,False
173.4,8.64,rain,False,94.5,4,fallen_tree,False,725,1.0052,OCCUPIED,True,24.96,axle_counter,2.99,7.818,8.605,True,reduce_speed,reroute,True
81.6,6.87,heavy_rain,False,69.3,10,landslide_debris,True,1842,1.0231,OCCUPIED,True,11.77,track_circuit,5.05,2.131,6.828,True,emergency_stop,emergency_stop,False
69.1,9.42,heavy_rain,True,49.3,7,water_logging,False,157,0.9495,CLEAR,True,13.56,track_circuit,8.18,1.528,9.417,True,reduce_speed,reduce_speed,False
98.5,12.94,clear,False,35.0,8,boulder,False,162,1.0539,CLEAR,True,24.4,track_circuit,7.88,1.94,12.936,True,reduce_speed,reduce_speed,False
84.3,10.91,rain,False,48.6,8,stranded_vehicle,True,176,0.9292,CLEAR,False,18.79,track_circuit,7.77,1.848,10.906,True,reroute,reroute,False
147.8,3.45,flood,True,73.3,3,environmental_false_positive,True,1782,1.0025,CLEAR,False,5.32,vibration,1.4,7.427,3.377,False,reroute,reroute,False
80.8,9.93,fog,False,98.2,6,fallen_tree,True,226,0.9277,CLEAR,False,20.21,track_circuit,7.37,1.436,9.925,True,reduce_speed,reduce_speed,False
146.8,9.32,heavy_rain,True,35.5,8,broken_rail,False,1886,0.9928,CLEAR,True,13.14,vibration,3.81,6.896,9.243,True,reduce_speed,reduce_speed,False
124.5,11.01,snow,False,57.2,8,unknown_obstruction,False,408,1.0535,CLEAR,False,19.79,vibration,5.31,5.89,10.996,True,reduce_speed,reduce_speed,False
68.6,2.39,heavy_rain,True,76.7,2,cattle_crossing,True,1119,1.0333,CLEAR,True,15.16,track_circuit,2.09,1.506,2.369,True,reduce_speed,reduce_speed,False
85.1,3.24,clear,False,70.2,10,track_buckling,True,1943,,CLEAR,True,6.07,track_circuit,2.28,1.448,3.194,True,emergency_stop,emergency_stop,False
125.9,10.7,rain,False,75.6,9,stranded_vehicle,False,276,0.9818,OCCUPIED,False,20.45,track_circuit,5.1,4.121,10.69,True,emergency_stop,emergency_stop,False
158.6,5.65,clear,False,62.4,10,broken_rail,False,599,,CLEAR,False,0.55,track_circuit,2.14,5.031,5.624,True,emergency_stop,emergency_stop,False
106.7,12.65,fog,False,48.7,4,cattle_crossing,True,1469,0.9585,CLEAR,True,22.26,axle_counter,7.11,2.505,12.606,True,reduce_speed,reduce_speed,False
81.1,7.58,flood,True,63.8,7,boulder,False,1644,,CLEAR,True,20.56,track_circuit,5.61,2.236,7.543,True,reduce_speed,reduce_speed,False
90.7,4.57,rain,False,56.7,3,water_logging,True,1820,1.0078,CLEAR,True,24.27,vibration,3.02,2.139,4.524,True,reduce_speed,reduce_speed,False
59.7,13.2,clear,False,79.7,4,cattle_crossing,True,87,,OCCUPIED,True,1.37,axle_counter,13.27,0.713,13.199,True,proceed_with_caution,proceed_with_caution,False
48.9,8.0,clear,True,42.0,4,fallen_tree,True,1565,,OCCUPIED,True,11.22,vibration,9.82,0.478,7.979,True,reduce_speed,reduce_speed,False
195.8,3.32,flood,True,64.7,8,broken_rail,False,677,1.0417,CLEAR,True,4.64,vibration,1.02,13.035,3.283,False,emergency_stop,emergency_stop,False
59.9,16.21,clear,False,97.1,8,landslide_debris,False,1138,1.0139,CLEAR,False,9.66,axle_counter,16.24,0.718,16.191,True,reduce_speed,reduce_speed,False
64.4,8.75,clear,False,67.2,5,stranded_vehicle,False,1817,1.0202,CLEAR,True,9.31,accelerometer,8.15,0.829,8.717,True,reduce_speed,reduce_speed,False
180.0,18.32,clear,False,46.6,2,environmental_false_positive,True,1810,0.9487,CLEAR,True,15.14,accelerometer,6.11,6.48,18.23,True,reduce_speed,reduce_speed,False
147.8,4.03,clear,False,95.5,8,fallen_tree,True,411,,OCCUPIED,True,11.22,track_circuit,1.64,4.369,4.013,False,reroute,reroute,False
112.6,17.55,rain,False,47.1,9,broken_rail,True,968,0.9944,OCCUPIED,True,24.16,track_circuit,9.35,3.296,17.52,True,emergency_stop,emergency_stop,False
145.6,16.36,rain,False,82.6,7,water_logging,True,604,1.0202,OCCUPIED,True,7.31,track_circuit,6.74,5.512,16.336,True,reroute,reroute,False
189.9,2.26,clear,False,37.7,5,fallen_tree,False,1249,0.9516,CLEAR,True,10.76,track_circuit,0.71,7.212,2.194,False,emergency_stop,emergency_stop,False
60.4,10.73,clear,False,89.6,8,unknown_obstruction,False,1662,,OCCUPIED,True,17.67,axle_counter,10.66,0.73,10.702,True,reduce_speed,reduce_speed,False
82.8,13.14,clear,False,42.6,8,stranded_vehicle,True,670,0.872,CLEAR,True,7.28,track_circuit,9.52,1.371,13.125,True,reroute,reroute,False
178.3,10.01,clear,False,57.6,10,track_buckling,True,286,1.0447,CLEAR,True,18.23,axle_counter,3.37,6.358,9.996,True,emergency_stop,emergency_stop,False
166.0,7.93,clear,False,97.6,9,unknown_obstruction,True,175,1.0566,OCCUPIED,False,17.86,vibration,2.87,5.511,7.922,True,emergency_stop,emergency_stop,False
199.1,18.89,fog,False,70.6,2,sensor_miscount,False,153,0.8794,CLEAR,True,17.95,track_circuit,5.69,8.721,18.882,True,proceed_with_caution,proceed_with_caution,False
93.7,14.08,clear,False,48.5,4,sensor_miscount,True,764,,OCCUPIED,True,17.04,axle_counter,9.02,1.756,14.06,True,reduce_speed,reduce_speed,False
191.5,19.32,clear,False,30.0,9,landslide_debris,False,1934,,CLEAR,True,20.53,track_circuit,6.05,7.334,19.217,True,emergency_stop,emergency_stop,False
98.3,16.96,clear,False,30.5,9,boulder,True,541,1.073,OCCUPIED,True,24.88,vibration,10.35,1.933,16.945,True,emergency_stop,emergency_stop,False
155.8,16.38,clear,False,49.2,4,signal_cable_theft,True,839,,CLEAR,True,1.86,axle_counter,6.31,4.855,16.344,True,reduce_speed,reduce_speed,False
181.8,14.57,clear,False,66.9,10,track_buckling,True,1366,1.0327,OCCUPIED,False,12.68,track_circuit,4.81,6.61,14.501,True,emergency_stop,emergency_stop,False
71.5,12.99,clear,False,63.9,8,track_buckling,True,1333,,CLEAR,True,20.42,vibration,10.9,1.022,12.964,True,reroute,reroute,False
76.9,17.76,heavy_rain,True,94.5,3,environmental_false_positive,False,576,0.9588,CLEAR,True,0.5,track_circuit,13.86,1.892,17.748,True,reduce_speed,reduce_speed,False
135.0,12.35,clear,False,83.5,8,fallen_tree,True,298,1.046,OCCUPIED,True,13.86,vibration,5.49,3.645,12.339,True,reduce_speed,reduce_speed,False
175.8,1.69,rain,False,94.7,8,landslide_debris,True,355,1.0647,CLEAR,False,16.67,axle_counter,0.58,8.035,1.673,False,reroute,reroute,False
57.2,11.73,rain,True,65.8,7,landslide_debris,True,479,,CLEAR,True,5.2,axle_counter,12.3,0.851,11.722,True,reroute,reroute,False
176.9,2.24,clear,False,61.3,5,water_logging,True,218,,CLEAR,True,10.32,vibration,0.76,6.259,2.229,False,reroute,reroute,False
98.2,19.0,clear,False,69.6,9,broken_rail,False,947,0.9415,OCCUPIED,True,19.84,accelerometer,11.61,1.929,18.974,True,emergency_stop,emergency_stop,False
108.0,13.0,heavy_rain,False,56.1,3,environmental_false_positive,False,1309,0.8601,CLEAR,False,2.13,vibration,7.22,3.732,12.961,True,reduce_speed,reduce_speed,False
97.7,11.2,heavy_rain,False,44.8,7,boulder,True,1367,1.0006,CLEAR,True,3.8,axle_counter,6.88,3.054,11.163,True,reduce_speed,reduce_speed,False
186.3,4.12,clear,False,88.6,8,track_buckling,True,1823,1.0304,OCCUPIED,False,20.54,vibration,1.33,6.942,4.026,False,reroute,reroute,False
65.3,10.41,clear,False,77.6,3,cattle_crossing,False,622,0.9091,CLEAR,False,20.33,axle_counter,9.57,0.853,10.399,True,proceed_with_caution,proceed_with_caution,False
134.0,6.98,clear,False,52.8,5,stranded_vehicle,False,1327,0.881,CLEAR,True,14.96,vibration,3.13,3.591,6.931,True,reduce_speed,reduce_speed,False
68.0,13.57,rain,False,61.2,2,cattle_crossing,False,1775,0.9703,CLEAR,True,10.7,vibration,11.97,1.202,13.536,True,proceed_with_caution,proceed_with_caution,False
188.9,12.17,fog,False,45.8,9,unknown_obstruction,True,105,0.9623,CLEAR,False,3.09,track_circuit,3.87,7.85,12.164,True,emergency_stop,emergency_stop,False
168.7,10.09,clear,False,69.4,1,cattle_crossing,True,1574,1.0822,OCCUPIED,True,20.38,track_circuit,3.59,5.692,10.016,True,proceed_with_caution,proceed_with_caution,False
81.2,5.2,clear,False,55.1,5,water_logging,True,222,1.0007,CLEAR,True,6.42,track_circuit,3.84,1.319,5.195,True,reduce_speed,reduce_speed,False
91.2,10.61,snow,True,91.3,5,equipment_failure_ahead,True,1126,1.0441,CLEAR,True,22.87,track_circuit,6.98,3.161,10.581,True,reduce_speed,reduce_speed,False
104.1,9.34,clear,False,67.0,10,landslide_debris,False,1670,1.0126,CLEAR,True,19.51,track_circuit,5.38,2.167,9.292,True,emergency_stop,emergency_stop,False
107.8,17.06,rain,True,58.8,8,unknown_obstruction,False,945,,OCCUPIED,True,2.48,track_circuit,9.5,3.021,17.032,True,reduce_speed,reduce_speed,False
171.7,17.91,fog,False,82.5,4,cattle_crossing,True,1142,0.9465,CLEAR,False,16.07,axle_counter,6.26,6.486,17.856,True,proceed_with_caution,proceed_with_caution,False
132.5,15.23,clear,False,93.4,2,cattle_crossing,False,1258,,OCCUPIED,True,23.06,track_circuit,6.9,3.511,15.184,True,proceed_with_caution,proceed_with_caution,False
111.3,6.53,clear,False,87.2,8,unknown_obstruction,True,1177,,OCCUPIED,True,22.04,track_circuit,3.52,2.478,6.494,True,reduce_speed,reduce_speed,False
156.5,0.95,clear,False,64.6,4,cattle_crossing,True,1477,1.0487,OCCUPIED,True,15.53,vibration,0.36,4.898,0.886,False,reroute,reroute,False
116.0,18.52,snow,False,55.0,4,water_logging,False,1726,1.0668,OCCUPIED,True,4.71,track_circuit,9.58,5.113,18.464,True,reduce_speed,reduce_speed,False
64.9,19.84,clear,False,76.3,5,fallen_tree,True,313,1.0524,CLEAR,True,17.17,axle_counter,18.34,0.842,19.834,True,reduce_speed,reduce_speed,False
61.7,2.72,clear,False,87.2,4,signal_cable_theft,False,861,0.9925,CLEAR,True,16.82,vibration,2.65,0.761,2.705,True,reduce_speed,reduce_speed,False
95.5,13.78,clear,False,98.5,3,cattle_crossing,False,1713,0.9106,CLEAR,False,14.92,accelerometer,8.66,1.824,13.735,True,proceed_with_caution,proceed_with_caution,False
138.4,8.62,clear,False,62.0,9,track_buckling,True,794,0.9948,CLEAR,False,7.01,axle_counter,3.74,3.831,8.589,True,emergency_stop,emergency_stop,False
65.9,3.14,rain,False,76.8,5,sensor_miscount,True,1004,0.9593,CLEAR,True,22.56,track_circuit,2.86,1.129,3.122,True,reduce_speed,reduce_speed,False
130.3,19.96,clear,False,50.5,7,signal_cable_theft,True,1497,,OCCUPIED,True,12.81,track_circuit,9.19,3.396,19.906,True,reduce_speed,reduce_speed,False
86.8,18.68,rain,False,36.1,3,water_logging,False,1874,,CLEAR,True,7.78,accelerometer,12.91,1.959,18.635,True,reduce_speed,reduce_speed,False
152.8,19.66,rain,False,47.7,10,landslide_debris,True,540,,OCCUPIED,True,6.75,vibration,7.72,6.07,19.637,True,emergency_stop,emergency_stop,False
49.4,3.05,heavy_rain,False,31.0,6,water_logging,False,1914,1.1304,CLEAR,False,7.38,vibration,3.7,0.781,3.024,True,reduce_speed,reduce_speed,False
117.7,9.94,clear,False,65.7,8,landslide_debris,True,1434,,OCCUPIED,False,11.8,vibration,5.07,2.771,9.893,True,reroute,reroute,False
53.1,17.94,heavy_rain,False,56.1,7,landslide_debris,False,109,1.0646,CLEAR,False,6.16,track_circuit,20.27,0.902,17.938,True,reduce_speed,reduce_speed,False
96.2,13.57,rain,True,77.5,7,water_logging,True,1730,,CLEAR,True,13.18,axle_counter,8.46,2.406,13.524,True,reroute,reroute,False
47.4,8.81,clear,False,73.1,7,landslide_debris,False,800,,CLEAR,True,5.2,vibration,11.15,0.449,8.799,True,reduce_speed,reduce_speed,False
117.7,10.43,heavy_rain,False,41.8,7,fallen_tree,False,600,1.064,CLEAR,True,7.14,accelerometer,5.32,4.433,10.41,True,reduce_speed,reduce_speed,False
163.9,0.96,heavy_rain,False,77.2,7,signal_cable_theft,True,1076,,CLEAR,True,3.43,track_circuit,0.35,8.596,0.911,False,reroute,reroute,False
60.5,12.31,clear,False,43.1,7,fallen_tree,True,1174,0.9228,CLEAR,True,9.26,axle_counter,12.21,0.732,12.29,True,reduce_speed,reduce_speed,False
159.0,17.22,snow,True,30.4,7,equipment_failure_ahead,False,1102,0.969,CLEAR,False,10.45,track_circuit,6.5,9.607,17.171,True,reduce_speed,reduce_speed,False
135.6,0.26,rain,False,97.9,7,unknown_obstruction,False,157,0.9451,CLEAR,False,10.39,accelerometer,0.12,4.781,0.254,False,emergency_stop,emergency_stop,False
123.2,3.37,rain,False,31.9,10,broken_rail,False,1654,1.0289,OCCUPIED,False,18.26,track_circuit,1.64,3.946,3.313,False,emergency_stop,emergency_stop,False
137.9,10.46,flood,False,53.9,6,equipment_failure_ahead,True,716,1.0652,CLEAR,True,12.34,vibration,4.55,6.466,10.433,True,reduce_speed,reduce_speed,False
97.1,11.31,clear,False,74.6,1,environmental_false_positive,False,325,0.9779,OCCUPIED,True,17.48,track_circuit,6.99,1.886,11.301,True,proceed_with_caution,proceed_with_caution,False
155.1,7.0,heavy_rain,True,55.9,7,fallen_tree,True,1153,,CLEAR,True,1.31,axle_counter,2.71,7.698,6.95,False,reroute,reroute,False
165.8,0.75,clear,False,56.7,5,sensor_miscount,False,1264,,CLEAR,True,11.2,vibration,0.27,5.498,0.692,False,emergency_stop,emergency_stop,False
165.6,14.92,heavy_rain,True,80.6,8,boulder,False,251,0.9427,CLEAR,True,2.7,track_circuit,5.41,8.775,14.908,True,reduce_speed,reduce_speed,False
86.8,5.01,rain,False,72.2,3,sensor_miscount,False,1889,1.0904,CLEAR,True,11.82,vibration,3.46,1.959,4.964,True,proceed_with_caution,proceed_with_caution,False
146.4,12.96,clear,False,66.3,2,cattle_crossing,False,1221,1.0296,CLEAR,True,15.57,accelerometer,5.31,4.287,12.91,True,proceed_with_caution,proceed_with_caution,False
68.0,11.27,clear,False,92.0,7,landslide_debris,True,1994,1.0556,CLEAR,True,20.02,accelerometer,9.94,0.925,11.232,True,reroute,reroute,False
121.8,8.73,clear,False,37.6,6,fallen_tree,False,1358,0.9781,CLEAR,False,13.98,track_circuit,4.3,2.967,8.684,True,reduce_speed,reduce_speed,False
45.4,11.89,clear,False,62.9,6,equipment_failure_ahead,True,69,,OCCUPIED,True,9.8,vibration,15.71,0.412,11.889,True,reduce_speed,reduce_speed,False
75.0,13.96,clear,False,46.7,7,fallen_tree,True,456,1.0011,CLEAR,True,6.98,axle_counter,11.17,1.125,13.951,True,reduce_speed,reduce_speed,False
142.9,11.53,clear,False,32.6,9,track_buckling,False,1947,1.0195,CLEAR,True,23.96,axle_counter,4.84,4.084,11.453,True,emergency_stop,emergency_stop,False
180.5,11.24,clear,False,98.5,7,track_buckling,False,1141,,CLEAR,True,5.36,axle_counter,3.74,6.516,11.183,True,reduce_speed,reduce_speed,False
52.6,8.83,clear,False,81.4,1,cattle_crossing,False,288,,CLEAR,True,1.54,axle_counter,10.07,0.553,8.826,True,proceed_with_caution,proceed_with_caution,False
131.6,8.71,fog,True,45.1,4,environmental_false_positive,False,194,0.9917,OCCUPIED,True,3.58,track_circuit,3.97,3.81,8.703,True,reduce_speed,reduce_speed,False
143.7,9.92,fog,True,58.2,2,sensor_miscount,False,1097,0.9524,OCCUPIED,True,24.94,axle_counter,4.14,4.543,9.876,True,reduce_speed,reduce_speed,False
189.5,9.15,fog,False,45.8,3,water_logging,False,1209,,CLEAR,False,22.7,track_circuit,2.9,7.9,9.086,True,reduce_speed,reduce_speed,False
146.5,8.89,clear,False,77.9,9,track_buckling,False,530,1.0552,CLEAR,True,8.35,track_circuit,3.64,4.292,8.868,True,emergency_stop,emergency_stop,False
61.0,4.37,snow,False,54.5,9,landslide_debris,True,430,1.1048,CLEAR,True,0.59,track_circuit,4.3,1.414,4.363,True,emergency_stop,emergency_stop,False
67.7,14.55,rain,False,94.4,3,cattle_crossing,False,1233,,CLEAR,False,19.3,track_circuit,12.9,1.192,14.527,True,proceed_with_caution,proceed_with_caution,False
143.5,2.83,clear,False,44.5,1,environmental_false_positive,False,899,1.0138,OCCUPIED,False,7.86,vibration,1.18,4.118,2.794,False,emergency_stop,emergency_stop,False
78.4,18.19,clear,False,54.5,5,sensor_miscount,False,122,1.1112,CLEAR,False,1.04,axle_counter,13.92,1.229,18.187,True,reduce_speed,reduce_speed,False
188.9,12.57,fog,False,95.2,7,water_logging,False,162,,OCCUPIED,False,11.69,track_circuit,3.99,7.85,12.561,True,reduce_speed,reduce_speed,False
187.7,1.17,clear,False,91.9,9,broken_rail,False,514,1.0482,CLEAR,True,10.89,vibration,0.37,7.046,1.143,False,emergency_stop,emergency_stop,False
192.0,13.25,rain,False,50.5,4,water_logging,False,1150,1.0085,CLEAR,True,9.36,accelerometer,4.14,9.585,13.189,True,reduce_speed,reduce_speed,False
90.4,7.36,flood,False,63.8,3,cattle_crossing,False,636,1.0176,CLEAR,True,16.51,accelerometer,4.88,2.779,7.344,True,proceed_with_caution,proceed_with_caution,False
156.1,18.61,clear,False,91.9,2,cattle_crossing,False,79,,OCCUPIED,True,18.29,vibration,7.15,4.873,18.607,True,proceed_with_caution,proceed_with_caution,False
147.8,18.73,clear,False,76.9,4,sensor_miscount,False,1836,1.05,CLEAR,True,14.2,accelerometer,7.6,4.369,18.655,True,proceed_with_caution,proceed_with_caution,False
50.5,16.95,flood,True,74.6,3,cattle_crossing,False,1402,0.9345,OCCUPIED,True,0.84,axle_counter,20.14,0.867,16.93,True,reduce_speed,reduce_speed,False
86.2,11.44,rain,True,76.2,8,equipment_failure_ahead,False,1188,1.0252,CLEAR,True,1.05,accelerometer,7.96,1.932,11.412,True,reduce_speed,reduce_speed,False
77.0,18.4,clear,False,94.5,6,water_logging,False,526,0.9488,CLEAR,False,22.1,accelerometer,14.34,1.186,18.389,True,reduce_speed,reduce_speed,False
102.5,13.07,snow,True,66.2,9,landslide_debris,False,1431,1.0306,CLEAR,True,5.07,track_circuit,7.65,3.992,13.029,True,emergency_stop,emergency_stop,False
192.7,17.53,snow,False,42.7,8,track_buckling,False,1896,1.1436,CLEAR,True,10.25,accelerometer,5.46,14.111,17.429,True,reduce_speed,reduce_speed,False
176.1,3.37,rain,False,63.1,2,cattle_crossing,True,1368,,OCCUPIED,True,3.04,vibration,1.15,8.063,3.303,False,reroute,reroute,False
90.5,18.1,rain,True,81.0,1,cattle_crossing,False,626,1.0704,CLEAR,True,6.12,vibration,12.0,2.129,18.084,True,reduce_speed,reduce_speed,False
127.2,13.3,clear,False,64.4,4,cattle_crossing,False,815,1.0541,CLEAR,True,12.39,accelerometer,6.27,3.236,13.271,True,proceed_with_caution,proceed_with_caution,False
74.8,6.2,clear,False,51.9,5,sensor_miscount,False,1862,,CLEAR,True,6.27,track_circuit,4.97,1.119,6.161,True,reduce_speed,reduce_speed,False
88.0,19.96,rain,False,76.6,5,fallen_tree,False,77,,OCCUPIED,False,16.65,axle_counter,13.61,2.013,19.958,True,reduce_speed,reduce_speed,False
55.1,13.8,clear,False,61.5,7,signal_cable_theft,False,481,,CLEAR,True,9.5,axle_counter,15.03,0.607,13.793,True,reduce_speed,reduce_speed,False
144.6,18.19,fog,True,97.4,3,sensor_miscount,False,258,,CLEAR,True,19.82,vibration,7.55,4.6,18.18,True,reduce_speed,reduce_speed,False
146.8,0.31,heavy_rain,False,54.6,3,water_logging,True,1301,,CLEAR,True,15.25,accelerometer,0.13,6.896,0.257,False,reroute,reroute,False
175.0,11.14,clear,False,80.2,6,water_logging,False,945,,OCCUPIED,True,6.72,accelerometer,3.82,6.125,11.094,True,reduce_speed,reduce_speed,False
180.1,14.31,rain,False,68.9,7,boulder,True,309,0.9261,CLEAR,True,20.31,vibration,4.77,8.433,14.295,True,reduce_speed,reduce_speed,False
69.8,0.47,clear,False,35.4,6,water_logging,False,1886,0.9418,OCCUPIED,True,23.34,accelerometer,0.4,0.974,0.433,False,emergency_stop,emergency_stop,False
160.2,15.3,snow,False,62.9,4,environmental_false_positive,True,1126,,CLEAR,True,3.44,track_circuit,5.73,9.752,15.25,True,proceed_with_caution,proceed_with_caution,False
65.9,13.1,clear,False,32.0,7,unknown_obstruction,False,535,0.7852,CLEAR,True,16.91,accelerometer,11.93,0.869,13.09,True,reduce_speed,reduce_speed,False
102.9,5.64,rain,False,85.3,10,broken_rail,False,1895,,CLEAR,True,15.95,track_circuit,3.29,2.753,5.586,True,emergency_stop,emergency_stop,False
124.9,13.84,rain,True,81.4,5,fallen_tree,True,1412,1.0698,CLEAR,True,16.91,axle_counter,6.65,4.056,13.791,True,reduce_speed,reduce_speed,False
52.7,2.79,clear,False,33.5,2,sensor_miscount,False,303,0.9984,CLEAR,True,1.26,track_circuit,3.18,0.555,2.786,True,reduce_speed,reduce_speed,False
69.3,16.52,fog,False,65.0,2,sensor_miscount,False,1662,1.0845,CLEAR,True,1.19,axle_counter,14.3,1.057,16.488,True,proceed_with_caution,proceed_with_caution,False
87.0,17.35,fog,False,97.3,8,stranded_vehicle,False,165,0.9744,CLEAR,False,7.72,track_circuit,11.97,1.665,17.346,True,reduce_speed,reduce_speed,False
64.8,9.81,rain,False,49.9,2,environmental_false_positive,False,1819,0.9457,CLEAR,True,2.47,track_circuit,9.08,1.092,9.777,True,reduce_speed,reduce_speed,False
189.8,10.25,fog,False,93.3,8,landslide_debris,False,817,,CLEAR,True,9.47,axle_counter,3.24,7.925,10.207,True,reduce_speed,reduce_speed,False
89.7,8.16,flood,True,40.6,8,landslide_debris,True,622,0.9771,CLEAR,True,21.87,vibration,5.46,2.736,8.145,True,reroute,reroute,False
122.7,7.04,clear,False,30.5,6,boulder,False,154,,CLEAR,True,9.18,track_circuit,3.44,3.011,7.035,True,reduce_speed,reduce_speed,False
199.5,17.48,rain,True,67.1,9,boulder,False,1866,0.9892,CLEAR,False,10.12,vibration,5.26,10.348,17.377,True,emergency_stop,proceed_with_caution,True
132.8,6.24,clear,False,46.7,8,unknown_obstruction,False,1141,0.9525,OCCUPIED,True,7.05,track_circuit,2.82,3.527,6.198,True,reduce_speed,reduce_speed,False
108.8,8.18,heavy_rain,True,91.5,7,water_logging,True,1236,0.9497,CLEAR,False,10.83,track_circuit,4.51,3.788,8.143,True,reroute,reroute,False
189.1,6.14,rain,False,77.2,6,fallen_tree,False,1709,0.9327,CLEAR,True,20.04,track_circuit,1.95,9.297,6.05,False,emergency_stop,emergency_stop,False
79.5,13.2,clear,False,78.1,7,water_logging,True,1041,1.025,OCCUPIED,True,20.86,axle_counter,9.96,1.264,13.177,True,reroute,reroute,False
72.8,16.32,clear,False,77.1,6,water_logging,False,615,0.9401,CLEAR,True,10.82,vibration,13.45,1.06,16.308,True,reduce_speed,reduce_speed,False
128.0,3.45,snow,True,77.5,4,fallen_tree,True,1568,0.9255,CLEAR,False,10.22,axle_counter,1.62,6.226,3.394,False,reroute,reroute,False
111.2,5.24,clear,False,82.3,9,boulder,True,1084,0.9356,CLEAR,False,5.28,vibration,2.83,2.473,5.207,True,emergency_stop,emergency_stop,False
168.5,2.26,fog,False,76.9,4,signal_cable_theft,True,515,1.0123,CLEAR,True,24.4,axle_counter,0.8,6.246,2.236,False,reroute,reduce_speed,True
51.5,3.37,clear,False,88.4,7,boulder,False,1697,1.0402,CLEAR,True,8.12,vibration,3.93,0.53,3.346,True,reduce_speed,reduce_speed,False
140.7,8.26,flood,True,69.1,4,environmental_false_positive,False,1635,,CLEAR,True,8.89,accelerometer,3.52,6.731,8.196,True,reduce_speed,emergency_stop,True
155.2,15.56,clear,False,54.5,7,track_buckling,False,532,1.0129,CLEAR,True,11.03,track_circuit,6.02,4.817,15.537,True,reduce_speed,reduce_speed,False
195.6,10.92,clear,False,62.7,3,sensor_miscount,True,1318,1.0321,OCCUPIED,True,2.47,track_circuit,3.35,7.652,10.848,True,proceed_with_caution,proceed_with_caution,False
67.6,1.25,heavy_rain,True,60.8,3,environmental_false_positive,False,1846,,OCCUPIED,True,8.55,track_circuit,1.11,1.462,1.215,False,emergency_stop,emergency_stop,False
83.2,12.58,snow,False,53.3,7,boulder,True,1609,1.0273,OCCUPIED,True,23.3,axle_counter,9.07,2.63,12.543,True,reduce_speed,reduce_speed,False
189.5,15.95,clear,False,59.1,8,landslide_debris,True,437,1.0264,CLEAR,False,2.32,axle_counter,5.05,7.182,15.927,True,reroute,reroute,False
142.7,7.99,rain,False,56.9,6,equipment_failure_ahead,False,1719,0.9562,CLEAR,False,6.39,track_circuit,3.36,5.294,7.922,True,reduce_speed,reduce_speed,False
50.9,5.05,fog,False,37.8,1,cattle_crossing,False,159,,CLEAR,True,5.83,accelerometer,5.95,0.57,5.048,True,reduce_speed,reduce_speed,False
57.0,15.33,snow,True,88.1,4,signal_cable_theft,False,1254,,OCCUPIED,True,6.26,accelerometer,16.14,1.235,15.31,True,reduce_speed,reduce_speed,False
166.7,0.67,clear,False,83.0,10,landslide_debris,True,1047,,CLEAR,True,23.89,track_circuit,0.24,5.558,0.622,False,reroute,reroute,False
133.0,16.35,rain,False,53.6,4,fallen_tree,False,121,,OCCUPIED,True,17.86,track_circuit,7.38,4.599,16.346,True,reduce_speed,reduce_speed,False
132.6,16.12,fog,True,96.2,3,cattle_crossing,True,1466,,CLEAR,True,23.03,track_circuit,7.29,3.868,16.066,True,reduce_speed,reduce_speed,False
181.4,17.78,fog,False,96.5,7,unknown_obstruction,False,630,,CLEAR,False,21.51,track_circuit,5.88,7.239,17.748,True,reduce_speed,reduce_speed,False
82.4,1.97,heavy_rain,True,90.0,7,fallen_tree,True,1712,,CLEAR,True,15.81,accelerometer,1.43,2.173,1.931,False,reroute,reroute,False
69.9,2.33,rain,False,32.1,2,environmental_false_positive,False,1763,,OCCUPIED,True,14.22,axle_counter,2.0,1.27,2.296,True,reduce_speed,reduce_speed,False
140.1,17.48,clear,False,56.0,6,signal_cable_theft,True,1201,,CLEAR,True,12.97,track_circuit,7.49,3.926,17.433,True,reduce_speed,reduce_speed,False
181.8,9.61,snow,True,62.0,8,boulder,True,1273,0.9667,CLEAR,True,17.39,axle_counter,3.17,12.559,9.546,False,reroute,reroute,False
86.1,7.97,heavy_rain,True,80.3,5,fallen_tree,True,151,1.1173,CLEAR,False,17.69,track_circuit,5.55,2.372,7.966,True,reduce_speed,reroute,True
150.6,11.55,heavy_rain,True,74.4,9,track_buckling,False,1786,1.04,OCCUPIED,False,15.19,axle_counter,4.6,7.258,11.475,True,emergency_stop,emergency_stop,False
68.6,1.36,clear,False,77.5,5,water_logging,True,1379,,CLEAR,True,11.5,axle_counter,1.19,0.941,1.334,True,reduce_speed,reduce_speed,False
71.6,12.95,clear,False,83.7,7,signal_cable_theft,False,800,,OCCUPIED,True,17.05,axle_counter,10.85,1.025,12.934,True,reduce_speed,reduce_speed,False
184.7,18.91,fog,False,96.4,4,water_logging,True,217,0.8885,CLEAR,False,4.34,axle_counter,6.14,7.505,18.899,True,reduce_speed,reduce_speed,False
63.3,13.58,clear,False,68.6,8,fallen_tree,True,1034,1.0582,CLEAR,True,14.01,accelerometer,12.87,0.801,13.562,True,reduce_speed,reduce_speed,False
48.8,9.4,flood,True,93.3,3,sensor_miscount,False,1807,0.8656,CLEAR,True,13.22,track_circuit,11.56,0.81,9.376,True,reduce_speed,reduce_speed,False
165.1,19.23,clear,False,87.0,9,broken_rail,True,1732,0.9699,CLEAR,True,13.6,vibration,6.99,5.452,19.151,True,emergency_stop,emergency_stop,False
101.2,13.83,fog,False,53.7,4,cattle_crossing,False,242,0.9513,CLEAR,True,13.02,track_circuit,8.2,2.253,13.823,True,reduce_speed,reduce_speed,False
106.5,1.33,snow,False,87.0,4,cattle_crossing,False,1536,0.9445,OCCUPIED,True,18.88,track_circuit,0.75,4.31,1.285,False,emergency_stop,emergency_stop,False
169.0,13.47,clear,False,38.2,8,track_buckling,False,209,0.9735,CLEAR,True,19.06,accelerometer,4.78,5.712,13.46,True,reduce_speed,reduce_speed,False
72.9,1.38,clear,False,41.1,4,sensor_miscount,False,786,,CLEAR,True,8.57,vibration,1.14,1.063,1.364,True,reduce_speed,reduce_speed,False
145.8,6.28,rain,False,99.5,5,water_logging,True,922,0.927,CLEAR,True,9.09,track_circuit,2.58,5.527,6.243,True,reduce_speed,reduce_speed,False
93.6,12.39,rain,False,60.0,7,stranded_vehicle,True,94,1.0153,OCCUPIED,True,0.9,axle_counter,7.94,2.278,12.388,True,reroute,reroute,False
61.2,4.47,clear,False,62.2,6,boulder,True,317,,OCCUPIED,True,3.28,vibration,4.38,0.749,4.465,True,reduce_speed,reduce_speed,False
151.6,0.96,rain,False,96.6,10,broken_rail,False,1767,0.8958,CLEAR,False,6.93,accelerometer,0.38,5.975,0.886,False,emergency_stop,proceed_with_caution,True
94.4,12.44,snow,False,55.3,10,broken_rail,True,1277,1.0117,OCCUPIED,True,19.26,axle_counter,7.91,3.386,12.407,True,emergency_stop,emergency_stop,False
179.3,5.86,rain,True,46.6,5,stranded_vehicle,True,1584,1.0325,OCCUPIED,True,20.05,track_circuit,1.96,8.359,5.781,False,reroute,reroute,False
187.5,10.75,clear,False,35.4,2,environmental_false_positive,False,1164,1.0268,CLEAR,True,6.58,axle_counter,3.44,7.031,10.689,True,reduce_speed,reduce_speed,False
176.6,5.37,clear,False,66.6,4,environmental_false_positive,False,926,,CLEAR,False,21.81,track_circuit,1.82,6.238,5.325,False,emergency_stop,emergency_stop,False
95.0,13.79,clear,True,44.0,8,boulder,False,85,0.9642,CLEAR,True,9.7,track_circuit,8.71,1.805,13.788,True,reduce_speed,reduce_speed,False
81.7,17.93,clear,False,34.5,2,sensor_miscount,True,1115,,OCCUPIED,False,20.05,axle_counter,13.17,1.335,17.905,True,reduce_speed,reduce_speed,False
183.4,1.91,clear,False,86.9,7,water_logging,False,1553,1.0201,CLEAR,False,11.94,vibration,0.62,6.727,1.831,False,emergency_stop,emergency_stop,False
115.2,15.77,fog,False,53.0,6,equipment_failure_ahead,False,448,,CLEAR,True,17.96,track_circuit,8.21,2.92,15.756,True,reduce_speed,reduce_speed,False
154.7,3.29,clear,False,70.6,10,track_buckling,False,1007,0.9867,OCCUPIED,True,9.23,vibration,1.28,4.786,3.247,False,emergency_stop,proceed_with_caution,True
173.2,6.72,flood,True,37.3,7,fallen_tree,True,854,1.0033,OCCUPIED,True,2.23,vibration,2.33,10.199,6.679,False,reroute,reroute,False
88.0,7.28,clear,False,65.4,6,water_logging,True,1749,,CLEAR,True,6.72,vibration,4.96,1.549,7.237,True,reduce_speed,reduce_speed,False
63.5,4.28,clear,False,74.2,8,fallen_tree,True,368,0.9854,CLEAR,True,17.58,track_circuit,4.04,0.806,4.274,True,reduce_speed,reduce_speed,False
141.8,1.69,fog,False,61.5,2,sensor_miscount,False,255,1.0295,CLEAR,True,22.99,track_circuit,0.72,4.424,1.68,False,emergency_stop,emergency_stop,False
136.5,15.42,snow,True,53.6,2,cattle_crossing,True,460,0.9504,CLEAR,True,15.89,track_circuit,6.78,7.08,15.403,True,reduce_speed,reduce_speed,False
86.9,15.91,clear,False,51.8,9,track_buckling,True,354,1.014,CLEAR,True,19.34,track_circuit,10.99,1.51,15.901,True,emergency_stop,emergency_stop,False
135.6,19.94,clear,False,37.7,2,cattle_crossing,True,1701,,CLEAR,True,0.85,track_circuit,8.82,3.677,19.876,True,reduce_speed,reduce_speed,False
167.5,18.71,clear,False,38.1,8,unknown_obstruction,False,558,0.9258,OCCUPIED,True,19.12,track_circuit,6.7,5.611,18.684,True,reduce_speed,reduce_speed,False
99.3,8.81,rain,False,64.7,4,environmental_false_positive,True,757,,CLEAR,True,20.97,track_circuit,5.32,2.564,8.789,True,proceed_with_caution,reduce_speed,True
82.6,2.84,rain,False,39.7,3,cattle_crossing,True,551,1.0704,CLEAR,True,10.61,track_circuit,2.06,1.774,2.827,True,reduce_speed,reduce_speed,False
157.4,0.41,clear,False,45.6,8,fallen_tree,False,1639,0.929,CLEAR,True,12.6,accelerometer,0.16,4.955,0.338,False,emergency_stop,emergency_stop,False
166.8,10.72,clear,False,41.5,9,boulder,False,1345,,CLEAR,True,1.78,vibration,3.86,5.564,10.658,True,emergency_stop,emergency_stop,False
192.9,17.24,rain,False,86.2,7,unknown_obstruction,False,974,,CLEAR,True,4.78,track_circuit,5.36,9.675,17.188,True,reduce_speed,reduce_speed,False
67.9,5.5,flood,True,61.5,5,sensor_miscount,False,1608,0.8672,CLEAR,True,1.88,accelerometer,4.86,1.568,5.47,True,reduce_speed,reduce_speed,False
182.8,4.14,fog,False,68.7,1,cattle_crossing,True,188,,OCCUPIED,False,18.42,track_circuit,1.36,7.351,4.13,False,reroute,reroute,False
163.6,8.89,rain,True,70.8,6,unknown_obstruction,True,1373,1.0365,CLEAR,True,20.1,axle_counter,3.26,6.959,8.828,True,reduce_speed,reduce_speed,False
153.8,17.89,clear,False,57.7,8,boulder,True,755,0.9026,CLEAR,False,3.16,vibration,6.98,4.731,17.858,True,reduce_speed,reroute,True
93.5,9.14,clear,False,50.9,5,sensor_miscount,True,789,,CLEAR,True,23.08,axle_counter,5.87,1.748,9.12,True,reduce_speed,reduce_speed,False
48.4,14.51,clear,False,56.8,10,track_buckling,True,358,0.9951,CLEAR,True,21.07,track_circuit,17.99,0.469,14.505,True,emergency_stop,emergency_stop,False
123.7,9.36,fog,False,67.4,9,boulder,False,239,1.0269,OCCUPIED,True,14.62,track_circuit,4.54,3.366,9.352,True,emergency_stop,emergency_stop,False
89.3,7.58,snow,True,55.1,2,cattle_crossing,True,1403,1.0111,OCCUPIED,True,24.47,axle_counter,5.09,3.03,7.545,True,reduce_speed,emergency_stop,True
89.9,8.93,snow,True,39.6,7,water_logging,False,1708,,CLEAR,True,22.12,axle_counter,5.96,3.071,8.887,True,reduce_speed,reduce_speed,False
188.7,15.41,flood,True,94.0,6,equipment_failure_ahead,True,1828,0.9511,CLEAR,False,5.95,axle_counter,4.9,12.107,15.314,True,reduce_speed,reduce_speed,False
68.7,15.14,flood,False,81.3,4,fallen_tree,False,525,,CLEAR,True,23.87,axle_counter,13.22,1.605,15.13,True,reduce_speed,reduce_speed,False
189.8,8.75,flood,False,34.6,2,environmental_false_positive,False,1538,1.0272,CLEAR,True,11.35,track_circuit,2.77,12.248,8.669,False,emergency_stop,emergency_stop,False
123.1,5.5,clear,False,93.4,5,sensor_miscount,True,266,1.0427,OCCUPIED,True,4.29,axle_counter,2.68,3.031,5.491,True,reduce_speed,reduce_speed,False
174.9,2.95,clear,False,41.9,7,signal_cable_theft,True,1568,,CLEAR,True,5.4,track_circuit,1.01,6.118,2.874,False,reroute,reroute,False
89.0,0.23,clear,False,36.8,8,unknown_obstruction,False,1154,0.974,CLEAR,True,17.26,accelerometer,0.16,1.584,0.201,False,emergency_stop,emergency_stop,False
143.3,2.44,rain,False,42.1,6,water_logging,False,1731,,CLEAR,True,24.7,vibration,1.02,5.339,2.371,False,emergency_stop,emergency_stop,False
131.3,3.46,clear,False,95.3,7,water_logging,True,181,0.9444,OCCUPIED,True,11.41,axle_counter,1.58,3.448,3.453,False,reroute,reroute,False
188.2,13.86,heavy_rain,False,45.5,7,boulder,True,1565,0.9953,OCCUPIED,True,14.54,vibration,4.42,11.334,13.778,True,reduce_speed,reduce_speed,False
72.8,16.39,rain,False,85.1,7,fallen_tree,False,961,1.0301,CLEAR,True,7.86,track_circuit,13.51,1.378,16.371,True,reduce_speed,reduce_speed,False
76.7,14.79,rain,False,75.0,6,unknown_obstruction,False,1159,1.0585,CLEAR,True,21.21,track_circuit,11.57,1.53,14.765,True,reduce_speed,reduce_speed,False
192.1,14.52,clear,False,66.3,2,cattle_crossing,False,1101,1.0342,CLEAR,True,3.32,axle_counter,4.54,7.38,14.461,True,proceed_with_caution,proceed_with_caution,False
60.2,19.89,clear,False,55.6,7,stranded_vehicle,True,1443,,CLEAR,True,14.77,axle_counter,19.82,0.725,19.866,True,reroute,reroute,False
143.4,19.26,clear,True,36.5,7,track_buckling,False,1218,0.9952,CLEAR,False,14.86,vibration,8.06,4.113,19.211,True,reduce_speed,reduce_speed,False
54.4,5.52,heavy_rain,True,79.7,1,cattle_crossing,False,861,1.0329,OCCUPIED,False,0.53,accelerometer,6.09,0.947,5.507,True,reduce_speed,reduce_speed,False
56.9,3.07,rain,False,57.6,2,sensor_miscount,False,899,,OCCUPIED,True,23.54,track_circuit,3.24,0.842,3.056,True,reduce_speed,reduce_speed,False
137.6,3.24,fog,False,67.4,4,fallen_tree,False,188,1.0513,CLEAR,True,24.37,track_circuit,1.41,4.165,3.233,False,emergency_stop,emergency_stop,False
130.5,17.93,clear,False,33.6,2,sensor_miscount,True,1462,,CLEAR,True,11.95,axle_counter,8.24,3.406,17.877,True,reduce_speed,reduce_speed,False
133.8,2.23,clear,False,84.3,6,signal_cable_theft,True,1426,,OCCUPIED,False,18.28,track_circuit,1.0,3.58,2.177,False,reroute,reroute,False
118.4,6.93,clear,True,78.5,4,environmental_false_positive,False,1156,,CLEAR,True,21.29,track_circuit,3.51,2.804,6.892,True,reduce_speed,reduce_speed,False
160.1,10.7,fog,True,67.1,7,fallen_tree,False,1457,0.9806,OCCUPIED,True,3.36,accelerometer,4.01,5.639,10.635,True,reduce_speed,reduce_speed,False
198.8,12.35,heavy_rain,True,64.7,6,signal_cable_theft,False,574,,OCCUPIED,True,2.57,vibration,3.73,12.647,12.318,False,emergency_stop,emergency_stop,False
87.7,12.0,clear,False,53.6,9,boulder,False,486,0.9438,CLEAR,False,17.39,accelerometer,8.21,1.538,11.988,True,emergency_stop,emergency_stop,False
95.1,15.77,snow,True,54.0,7,stranded_vehicle,True,1854,,CLEAR,False,14.21,track_circuit,9.95,3.437,15.721,True,reroute,reroute,False
95.1,11.52,clear,False,34.8,2,sensor_miscount,True,1911,,CLEAR,True,17.15,track_circuit,7.27,1.809,11.47,True,reduce_speed,reduce_speed,False
163.3,17.05,snow,True,78.1,4,signal_cable_theft,False,1713,,OCCUPIED,True,14.51,axle_counter,6.26,10.133,16.972,True,reduce_speed,reduce_speed,False
98.9,1.88,clear,False,33.1,10,track_buckling,True,152,0.987,CLEAR,True,18.3,accelerometer,1.14,1.956,1.876,False,reroute,reroute,False
149.9,17.21,clear,False,30.1,1,environmental_false_positive,False,1120,,CLEAR,True,4.3,track_circuit,6.89,4.494,17.163,True,reduce_speed,reduce_speed,False
114.1,11.88,heavy_rain,True,32.2,8,landslide_debris,True,1485,,OCCUPIED,True,5.78,track_circuit,6.25,4.166,11.833,True,reroute,reroute,False
139.2,4.61,clear,False,44.2,8,broken_rail,True,122,,CLEAR,True,6.31,track_circuit,1.99,3.875,4.605,True,reroute,reroute,False
173.5,19.56,clear,False,69.9,6,equipment_failure_ahead,True,1939,0.9954,CLEAR,True,10.7,vibration,6.76,6.02,19.467,True,reduce_speed,reduce_speed,False
124.7,18.81,clear,False,77.7,4,cattle_crossing,False,1585,,OCCUPIED,False,19.11,vibration,9.05,3.11,18.755,True,proceed_with_caution,proceed_with_caution,False
118.7,16.95,clear,False,59.5,3,environmental_false_positive,True,653,,CLEAR,True,20.87,vibration,8.57,2.818,16.928,True,reduce_speed,reduce_speed,False
86.4,18.25,fog,False,58.6,10,broken_rail,False,1038,1.2054,OCCUPIED,True,10.33,track_circuit,12.67,1.642,18.225,True,emergency_stop,emergency_stop,False
125.0,7.77,heavy_rain,True,70.4,2,environmental_false_positive,True,1830,0.9879,OCCUPIED,True,15.25,vibration,3.73,5.0,7.706,True,reduce_speed,reduce_speed,False
85.7,4.71,snow,False,71.8,6,signal_cable_theft,False,1715,,CLEAR,True,7.73,axle_counter,3.3,2.791,4.669,True,reduce_speed,reduce_speed,False
175.8,3.82,clear,False,89.1,2,sensor_miscount,False,1662,0.8449,CLEAR,True,12.16,track_circuit,1.3,6.181,3.739,False,emergency_stop,emergency_stop,False
105.3,17.5,rain,False,87.3,10,track_buckling,False,1969,0.9838,CLEAR,True,23.55,track_circuit,9.97,2.883,17.442,True,emergency_stop,emergency_stop,False
65.0,16.57,clear,False,87.6,4,sensor_miscount,False,1501,1.0573,OCCUPIED,False,7.1,axle_counter,15.3,0.845,16.543,True,proceed_with_caution,proceed_with_caution,False
82.2,19.62,clear,False,89.1,9,track_buckling,False,1874,1.0009,CLEAR,True,19.8,track_circuit,14.32,1.351,19.577,True,emergency_stop,emergency_stop,False
127.9,17.0,clear,False,91.6,5,equipment_failure_ahead,False,1910,0.9614,CLEAR,True,1.53,accelerometer,7.97,3.272,16.932,True,reduce_speed,reduce_speed,False
187.0,12.72,snow,False,68.9,10,track_buckling,True,88,,CLEAR,True,8.96,axle_counter,4.08,13.288,12.715,False,reroute,reroute,False
91.6,3.02,snow,False,71.7,9,track_buckling,True,1326,1.0591,CLEAR,True,16.64,track_circuit,1.98,3.188,2.986,False,reroute,reroute,False
86.0,3.46,heavy_rain,True,80.9,1,environmental_false_positive,False,701,,CLEAR,True,19.51,vibration,2.41,2.367,3.443,True,reduce_speed,emergency_stop,True
108.0,9.58,rain,True,43.9,5,fallen_tree,False,1015,1.0639,CLEAR,True,15.01,vibration,5.32,3.033,9.55,True,reduce_speed,reduce_speed,False
195.0,15.4,rain,False,55.2,7,stranded_vehicle,False,377,,CLEAR,True,21.8,track_circuit,4.74,9.886,15.38,True,reduce_speed,reduce_speed,False
176.0,3.63,rain,False,93.9,5,sensor_miscount,False,1368,0.986,OCCUPIED,True,20.61,axle_counter,1.24,8.054,3.563,False,emergency_stop,emergency_stop,False
68.2,18.33,rain,False,66.6,8,boulder,True,1678,0.9865,OCCUPIED,True,15.63,track_circuit,16.13,1.209,18.298,True,reduce_speed,reduce_speed,False
140.1,13.74,clear,False,33.6,9,boulder,True,853,0.948,CLEAR,False,9.03,track_circuit,5.88,3.926,13.707,True,emergency_stop,emergency_stop,False
167.7,6.38,clear,False,58.4,1,cattle_crossing,False,1412,,CLEAR,False,9.41,vibration,2.28,5.625,6.314,True,reduce_speed,reroute,True
164.0,17.74,clear,False,41.3,5,fallen_tree,False,683,0.9836,OCCUPIED,True,15.57,axle_counter,6.49,5.379,17.709,True,reduce_speed,reduce_speed,False
120.8,12.05,flood,True,54.9,9,track_buckling,False,1512,0.928,CLEAR,False,16.59,track_circuit,5.99,4.961,11.999,True,emergency_stop,emergency_stop,False
158.4,14.72,rain,False,68.1,10,landslide_debris,False,210,,CLEAR,True,10.17,track_circuit,5.58,6.524,14.711,True,emergency_stop,emergency_stop,False
135.5,7.83,flood,False,65.4,9,stranded_vehicle,True,1767,,CLEAR,False,10.24,axle_counter,3.47,6.242,7.763,True,emergency_stop,emergency_stop,False
76.2,7.99,clear,False,64.3,4,fallen_tree,True,787,0.9615,CLEAR,True,4.83,track_circuit,6.29,1.161,7.973,True,reduce_speed,reduce_speed,False
53.7,0.45,rain,False,31.3,10,landslide_debris,True,1034,1.0089,CLEAR,True,0.51,accelerometer,0.5,0.75,0.435,False,reroute,reroute,False
102.3,10.85,clear,False,61.2,4,signal_cable_theft,True,1617,,CLEAR,True,11.81,axle_counter,6.36,2.093,10.804,True,reduce_speed,reduce_speed,False
54.6,15.26,clear,False,32.0,6,signal_cable_theft,False,108,,CLEAR,False,20.86,accelerometer,16.77,0.596,15.258,True,reduce_speed,reduce_speed,False
106.2,19.38,clear,False,58.3,7,landslide_debris,False,1894,1.0413,CLEAR,False,19.28,track_circuit,10.95,2.256,19.324,True,reduce_speed,reduce_speed,False
173.5,17.87,clear,False,75.3,8,fallen_tree,False,1248,1.0283,CLEAR,True,24.85,vibration,6.18,6.02,17.81,True,reduce_speed,reduce_speed,False
175.9,1.92,snow,False,38.8,9,unknown_obstruction,False,1952,,CLEAR,True,16.9,track_circuit,0.65,11.758,1.825,False,emergency_stop,reroute,True
50.3,19.61,clear,False,94.2,9,broken_rail,True,1125,1.0187,CLEAR,True,6.23,track_circuit,23.39,0.506,19.594,True,emergency_stop,emergency_stop,False
55.8,3.16,rain,False,74.1,3,water_logging,False,452,0.9955,CLEAR,False,17.1,track_circuit,3.4,0.81,3.153,True,reduce_speed,reduce_speed,False
148.8,1.01,rain,False,45.2,1,cattle_crossing,True,1186,,CLEAR,True,20.8,track_circuit,0.41,5.757,0.961,False,reroute,reroute,False
122.5,15.03,clear,False,57.6,8,track_buckling,True,1164,,CLEAR,True,16.2,accelerometer,7.36,3.001,14.99,True,reroute,reroute,False
68.2,18.14,rain,False,36.8,4,environmental_false_positive,False,1846,,OCCUPIED,True,12.3,vibration,15.96,1.209,18.105,True,reduce_speed,reduce_speed,False
169.9,19.01,clear,False,31.5,6,unknown_obstruction,True,1173,1.0184,CLEAR,True,15.65,axle_counter,6.71,5.773,18.955,True,reduce_speed,reduce_speed,False
78.6,16.53,flood,True,94.1,9,unknown_obstruction,True,842,0.8984,CLEAR,True,1.13,axle_counter,12.62,2.101,16.512,True,reduce_speed,reduce_speed,False
57.1,4.26,heavy_rain,False,77.3,8,track_buckling,False,393,1.01,OCCUPIED,False,7.0,axle_counter,4.48,1.043,4.254,True,reduce_speed,reduce_speed,False
161.2,3.25,fog,False,84.6,8,fallen_tree,False,686,1.0015,CLEAR,False,4.36,axle_counter,1.21,5.717,3.219,False,emergency_stop,emergency_stop,False
139.3,1.37,rain,True,73.6,8,boulder,True,1184,,CLEAR,True,10.63,vibration,0.59,5.045,1.324,False,reroute,reroute,False
106.1,11.72,clear,True,93.5,8,fallen_tree,False,769,0.9515,OCCUPIED,False,22.38,axle_counter,6.63,2.251,11.697,True,reduce_speed,reduce_speed,False
152.4,9.85,snow,True,92.7,8,stranded_vehicle,True,757,1.0295,CLEAR,True,5.1,vibration,3.88,8.826,9.818,True,reroute,reroute,False
186.3,2.36,clear,False,34.1,6,signal_cable_theft,False,78,1.0831,CLEAR,True,2.24,track_circuit,0.76,6.942,2.356,False,emergency_stop,emergency_stop,False
50.3,9.4,clear,True,43.3,8,track_buckling,False,1888,0.9016,CLEAR,True,19.53,accelerometer,11.21,0.506,9.374,True,reduce_speed,reduce_speed,False
142.3,11.43,clear,False,57.7,8,unknown_obstruction,False,1682,1.0588,CLEAR,True,21.76,track_circuit,4.82,4.05,11.364,True,reduce_speed,reduce_speed,False
78.8,14.51,heavy_rain,True,53.9,7,boulder,False,547,0.8872,OCCUPIED,False,13.52,track_circuit,11.05,1.987,14.498,True,reduce_speed,emergency_stop,True
118.5,8.4,rain,True,66.8,7,landslide_debris,True,318,,CLEAR,True,9.73,accelerometer,4.25,3.651,8.39,True,reroute,reroute,False
110.7,6.5,fog,False,48.7,2,environmental_false_positive,True,1679,0.9857,CLEAR,True,11.05,track_circuit,3.52,2.696,6.448,True,reduce_speed,reduce_speed,False
105.4,13.38,heavy_rain,True,85.8,4,sensor_miscount,False,1682,0.9571,CLEAR,True,16.65,track_circuit,7.62,3.555,13.331,True,reduce_speed,reduce_speed,False
74.5,13.75,clear,False,30.5,5,stranded_vehicle,True,1799,1.0213,CLEAR,True,20.87,track_circuit,11.07,1.11,13.713,True,reduce_speed,reduce_speed,False
169.4,5.55,snow,True,85.4,9,broken_rail,True,1118,0.9423,CLEAR,True,5.14,axle_counter,1.97,10.905,5.497,False,reroute,reroute,False
103.8,0.59,clear,False,57.5,7,track_buckling,False,1485,1.031,CLEAR,True,22.61,accelerometer,0.34,2.155,0.547,False,emergency_stop,reduce_speed,True
182.5,18.92,rain,True,30.4,9,boulder,True,1473,0.9926,CLEAR,False,16.61,vibration,6.22,8.66,18.845,True,emergency_stop,emergency_stop,False
100.0,15.15,clear,False,89.3,1,cattle_crossing,False,468,0.7714,CLEAR,True,18.59,axle_counter,9.09,2.0,15.137,True,proceed_with_caution,proceed_with_caution,False
175.2,4.18,flood,False,61.3,5,stranded_vehicle,False,1072,0.9514,CLEAR,True,2.63,accelerometer,1.43,10.436,4.128,False,emergency_stop,emergency_stop,False
129.4,11.4,clear,False,80.7,10,broken_rail,False,557,1.0115,OCCUPIED,True,23.0,axle_counter,5.29,3.349,11.38,True,emergency_stop,emergency_stop,False
104.8,11.98,clear,False,91.5,8,track_buckling,False,1520,,CLEAR,True,13.44,accelerometer,6.86,2.197,11.936,True,reduce_speed,reduce_speed,False
154.1,2.69,rain,False,32.4,4,signal_cable_theft,False,1944,1.0199,CLEAR,True,9.37,track_circuit,1.05,6.174,2.607,False,emergency_stop,emergency_stop,False
166.9,3.99,clear,False,48.4,3,sensor_miscount,False,199,1.063,CLEAR,True,10.27,axle_counter,1.43,5.571,3.981,False,emergency_stop,emergency_stop,False
119.8,19.14,clear,False,38.3,7,boulder,False,197,0.9464,OCCUPIED,False,7.68,track_circuit,9.59,2.87,19.133,True,reduce_speed,reduce_speed,False
110.9,10.26,rain,False,36.9,7,landslide_debris,False,565,,CLEAR,True,4.49,track_circuit,5.55,3.198,10.243,True,reduce_speed,reduce_speed,False
134.5,3.99,clear,False,96.2,6,water_logging,False,278,,OCCUPIED,False,1.35,vibration,1.78,3.618,3.98,True,reduce_speed,reduce_speed,False
135.7,15.99,snow,True,86.4,2,environmental_false_positive,False,67,,CLEAR,False,6.98,track_circuit,7.07,6.998,15.987,True,reduce_speed,reduce_speed,False
110.9,9.52,clear,False,55.5,4,signal_cable_theft,False,1959,1.066,OCCUPIED,True,12.67,axle_counter,5.15,2.46,9.46,True,reduce_speed,reduce_speed,False
162.4,12.84,fog,False,78.1,5,sensor_miscount,False,1186,1.0196,CLEAR,True,16.84,vibration,4.74,5.802,12.786,True,reduce_speed,reduce_speed,False
107.0,6.09,rain,False,94.4,6,water_logging,False,1565,0.9831,CLEAR,True,18.47,track_circuit,3.41,2.977,6.043,True,reduce_speed,reduce_speed,False
115.2,1.35,fog,False,45.5,9,track_buckling,False,1154,,CLEAR,True,15.09,axle_counter,0.7,2.92,1.313,False,emergency_stop,emergency_stop,False
138.8,3.47,rain,False,31.0,1,cattle_crossing,True,1506,0.9377,CLEAR,True,3.34,vibration,1.5,5.009,3.412,False,reroute,reroute,False
198.0,19.47,rain,False,87.7,8,track_buckling,True,1388,1.0378,OCCUPIED,True,11.07,accelerometer,5.9,10.193,19.394,True,reroute,reroute,False
85.4,12.55,flood,True,80.6,5,sensor_miscount,True,362,1.0181,OCCUPIED,True,16.85,track_circuit,8.82,2.48,12.541,True,reduce_speed,reduce_speed,False
81.0,16.66,clear,False,41.2,10,track_buckling,False,343,1.035,OCCUPIED,True,18.71,accelerometer,12.34,1.312,16.652,True,emergency_stop,emergency_stop,False
72.4,0.63,clear,False,64.3,8,fallen_tree,True,1003,,OCCUPIED,True,8.45,vibration,0.52,1.048,0.61,False,reroute,reroute,False
151.9,15.36,fog,False,41.2,3,cattle_crossing,True,773,,CLEAR,True,23.25,vibration,6.07,5.076,15.327,True,reduce_speed,reduce_speed,False
114.6,9.8,heavy_rain,False,72.2,2,cattle_crossing,True,1690,0.9822,OCCUPIED,False,19.99,track_circuit,5.13,4.203,9.746,True,proceed_with_caution,proceed_with_caution,False
105.2,13.37,clear,True,75.3,9,broken_rail,False,647,1.0646,CLEAR,False,21.37,vibration,7.63,2.213,13.351,True,emergency_stop,emergency_stop,False
76.6,7.29,clear,False,49.4,5,water_logging,True,691,1.0364,CLEAR,False,16.83,vibration,5.71,1.174,7.275,True,reduce_speed,reduce_speed,False
183.1,12.49,snow,False,84.7,6,unknown_obstruction,False,1082,,CLEAR,True,10.64,track_circuit,4.09,12.74,12.435,False,emergency_stop,emergency_stop,False
113.7,0.91,fog,False,63.2,2,environmental_false_positive,False,426,0.9919,OCCUPIED,True,23.39,accelerometer,0.48,2.844,0.897,False,emergency_stop,emergency_stop,False
139.2,1.1,flood,True,79.4,6,unknown_obstruction,False,1724,0.8939,CLEAR,True,22.59,accelerometer,0.47,6.588,1.033,False,emergency_stop,emergency_stop,False
62.4,16.02,rain,False,74.8,7,signal_cable_theft,False,71,0.8809,CLEAR,True,20.8,axle_counter,15.4,1.012,16.019,True,reduce_speed,reduce_speed,False
61.7,2.66,fog,False,61.6,5,signal_cable_theft,True,1703,,CLEAR,True,22.33,vibration,2.59,0.838,2.631,True,reduce_speed,reduce_speed,False
55.4,0.48,clear,False,50.5,8,broken_rail,False,1264,1.0761,CLEAR,False,22.96,axle_counter,0.52,0.614,0.461,False,emergency_stop,emergency_stop,False
101.9,18.27,snow,True,44.3,6,water_logging,False,1782,0.9577,CLEAR,False,18.79,vibration,10.76,3.946,18.22,True,reduce_speed,reduce_speed,False
118.3,5.46,clear,False,82.2,6,fallen_tree,True,623,0.9601,OCCUPIED,False,5.41,vibration,2.77,2.799,5.44,True,reduce_speed,reduce_speed,False
82.9,11.73,fog,False,74.9,8,broken_rail,True,1806,,CLEAR,True,13.69,track_circuit,8.49,1.512,11.688,True,reroute,reroute,False
99.2,16.81,clear,False,49.7,10,landslide_debris,False,1735,,CLEAR,True,15.59,track_circuit,10.17,1.968,16.762,True,emergency_stop,emergency_stop,False
46.0,14.97,rain,False,97.7,8,landslide_debris,False,941,,CLEAR,True,19.45,track_circuit,19.53,0.55,14.958,True,reduce_speed,reduce_speed,False
99.4,1.12,fog,False,86.7,1,environmental_false_positive,False,603,1.0167,OCCUPIED,False,12.63,accelerometer,0.68,2.174,1.103,False,emergency_stop,emergency_stop,False
63.5,11.31,rain,False,38.9,8,landslide_debris,False,434,0.9705,OCCUPIED,True,13.07,track_circuit,10.69,1.048,11.302,True,reduce_speed,reduce_speed,False
64.9,10.93,snow,True,41.4,3,cattle_crossing,False,345,0.9678,CLEAR,False,24.89,accelerometer,10.1,1.601,10.924,True,reduce_speed,reduce_speed,False
45.7,7.13,clear,False,68.1,8,broken_rail,False,1187,0.9624,CLEAR,False,11.58,axle_counter,9.36,0.418,7.115,True,reduce_speed,reduce_speed,False
152.9,15.12,rain,True,37.2,8,track_buckling,True,1923,1.0142,OCCUPIED,True,3.69,track_circuit,5.93,6.078,15.038,True,reroute,reroute,False
189.3,19.29,clear,False,97.5,6,unknown_obstruction,True,1153,,CLEAR,True,17.89,accelerometer,6.11,7.167,19.229,True,reduce_speed,reduce_speed,False
141.3,3.11,clear,False,74.7,9,track_buckling,True,1932,0.8879,CLEAR,False,9.38,axle_counter,1.32,3.993,3.034,False,reroute,reroute,False
59.9,3.08,clear,False,34.6,6,unknown_obstruction,True,1524,0.9544,CLEAR,True,6.59,track_circuit,3.09,0.718,3.055,True,reduce_speed,reduce_speed,False
198.4,14.75,clear,False,61.0,5,sensor_miscount,True,1386,0.9946,CLEAR,True,15.9,track_circuit,4.46,7.873,14.674,True,reduce_speed,reduce_speed,False
196.2,9.2,clear,False,45.5,4,fallen_tree,False,1464,1.0263,CLEAR,True,23.88,track_circuit,2.81,7.699,9.12,True,reduce_speed,reduce_speed,False
117.6,15.95,fog,False,64.3,9,boulder,False,1861,,OCCUPIED,True,8.16,track_circuit,8.14,3.043,15.889,True,emergency_stop,emergency_stop,False
61.7,2.99,fog,False,47.3,6,fallen_tree,True,1724,1.0494,CLEAR,False,9.62,track_circuit,2.91,0.838,2.96,True,reduce_speed,reduce_speed,False
156.7,0.99,fog,False,88.2,3,water_logging,False,365,0.9153,OCCUPIED,True,11.9,axle_counter,0.38,5.402,0.974,False,emergency_stop,emergency_stop,False
194.0,14.02,clear,False,80.5,4,fallen_tree,False,1191,1.0249,CLEAR,True,17.36,track_circuit,4.34,7.527,13.956,True,reduce_speed,reduce_speed,False
165.7,19.9,clear,False,93.5,9,equipment_failure_ahead,True,948,,CLEAR,False,10.2,track_circuit,7.21,5.491,19.856,True,emergency_stop,emergency_stop,False
141.8,2.08,clear,False,43.9,9,track_buckling,True,1765,1.0029,CLEAR,True,10.91,track_circuit,0.88,4.021,2.01,False,reroute,reroute,False
139.7,17.31,heavy_rain,False,57.0,3,environmental_false_positive,False,448,1.0053,CLEAR,True,17.67,axle_counter,7.43,6.245,17.293,True,reduce_speed,reduce_speed,False
196.6,7.83,heavy_rain,False,86.4,8,boulder,False,1649,,CLEAR,False,24.64,accelerometer,2.39,12.368,7.74,False,emergency_stop,emergency_stop,False
56.3,0.53,clear,False,56.2,5,equipment_failure_ahead,False,984,0.9673,CLEAR,True,8.25,track_circuit,0.56,0.634,0.515,False,emergency_stop,emergency_stop,False
68.2,10.3,fog,False,56.5,8,track_buckling,True,1868,,CLEAR,True,14.84,track_circuit,9.06,1.023,10.265,True,reroute,reroute,False
173.8,5.72,clear,False,99.0,3,water_logging,False,1593,,CLEAR,True,19.96,axle_counter,1.97,6.041,5.643,False,emergency_stop,emergency_stop,False
67.5,13.93,clear,False,84.0,1,cattle_crossing,False,723,,CLEAR,True,5.7,accelerometer,12.38,0.911,13.916,True,proceed_with_caution,proceed_with_caution,False
104.4,5.9,clear,False,90.3,6,boulder,True,1698,,CLEAR,True,20.55,vibration,3.39,2.18,5.851,True,reduce_speed,reduce_speed,False
88.6,9.74,clear,False,58.5,1,environmental_false_positive,False,415,1.0339,CLEAR,True,9.2,vibration,6.6,1.57,9.73,True,reduce_speed,reduce_speed,False
82.7,4.17,fog,False,71.0,4,fallen_tree,False,58,0.9038,CLEAR,True,3.22,accelerometer,3.03,1.505,4.169,True,reduce_speed,reduce_speed,False
49.0,16.6,snow,False,61.5,3,cattle_crossing,True,1038,1.0098,OCCUPIED,False,1.11,axle_counter,20.33,0.912,16.586,True,proceed_with_caution,proceed_with_caution,False
132.8,18.52,clear,False,61.5,1,cattle_crossing,False,809,,OCCUPIED,True,1.31,accelerometer,8.37,3.527,18.49,True,proceed_with_caution,proceed_with_caution,False
107.2,8.19,rain,False,38.9,10,broken_rail,True,295,1.0887,OCCUPIED,True,20.04,track_circuit,4.58,2.988,8.181,True,emergency_stop,emergency_stop,False
130.5,9.09,fog,False,88.9,9,landslide_debris,False,1989,1.0786,OCCUPIED,True,17.04,vibration,4.18,3.747,9.018,True,emergency_stop,emergency_stop,False
92.2,19.66,flood,False,57.3,9,boulder,False,126,1.0505,CLEAR,True,19.94,accelerometer,12.79,2.89,19.657,True,emergency_stop,emergency_stop,False
190.9,3.01,rain,True,70.7,9,boulder,True,1199,1.0726,CLEAR,True,18.95,accelerometer,0.95,9.475,2.946,False,reroute,reroute,False
136.7,16.21,clear,False,90.0,7,fallen_tree,False,559,0.9781,CLEAR,True,9.83,axle_counter,7.11,3.737,16.189,True,reduce_speed,reduce_speed,False
194.0,11.43,rain,True,84.1,6,boulder,True,627,1.0156,OCCUPIED,False,23.36,vibration,3.54,9.785,11.396,True,reduce_speed,reduce_speed,False
99.3,17.64,clear,False,43.9,6,unknown_obstruction,True,461,,CLEAR,False,22.01,track_circuit,10.66,1.972,17.627,True,reduce_speed,reduce_speed,False
45.4,5.99,flood,False,73.3,3,cattle_crossing,True,808,,OCCUPIED,True,9.03,axle_counter,7.92,0.701,5.98,True,proceed_with_caution,proceed_with_caution,False
166.1,6.06,clear,False,64.7,5,signal_cable_theft,False,1352,,OCCUPIED,True,19.44,track_circuit,2.19,5.518,5.998,True,reduce_speed,reduce_speed,False
173.2,6.65,fog,False,48.2,6,stranded_vehicle,False,679,0.995,CLEAR,True,20.58,axle_counter,2.3,6.6,6.617,False,emergency_stop,emergency_stop,False
54.1,0.53,clear,False,32.9,7,fallen_tree,True,1457,,CLEAR,True,12.47,vibration,0.59,0.585,0.508,False,reroute,reroute,False
141.9,3.56,clear,False,74.1,3,cattle_crossing,False,923,0.9964,OCCUPIED,True,3.45,track_circuit,1.51,4.027,3.524,False,emergency_stop,emergency_stop,False
147.5,19.89,snow,False,84.6,5,fallen_tree,False,1581,1.0036,OCCUPIED,False,8.68,track_circuit,8.09,8.267,19.825,True,reduce_speed,reduce_speed,False
67.6,5.13,rain,False,95.9,8,stranded_vehicle,False,917,,CLEAR,False,24.73,track_circuit,4.55,1.188,5.113,True,reduce_speed,reduce_speed,False
130.6,0.59,clear,False,54.8,4,water_logging,True,763,,CLEAR,True,18.04,vibration,0.27,3.411,0.562,False,reroute,reroute,False
82.7,5.72,snow,True,57.9,1,cattle_crossing,True,1038,,OCCUPIED,True,19.48,vibration,4.15,2.599,5.696,True,reduce_speed,reduce_speed,False
47.6,8.29,heavy_rain,False,41.4,7,equipment_failure_ahead,True,1389,,CLEAR,True,22.84,vibration,10.45,0.725,8.272,True,reduce_speed,reduce_speed,False
179.4,11.05,clear,False,98.9,9,track_buckling,True,956,1.0514,CLEAR,True,5.47,track_circuit,3.7,6.437,11.002,True,emergency_stop,emergency_stop,False
121.2,1.56,rain,True,89.5,1,cattle_crossing,False,1817,,CLEAR,True,24.23,vibration,0.77,3.819,1.499,False,emergency_stop,emergency_stop,False
166.2,15.85,rain,False,97.0,6,boulder,False,1056,0.9317,CLEAR,True,13.19,vibration,5.72,7.182,15.801,True,reduce_speed,reduce_speed,False
157.0,16.54,rain,False,64.7,6,stranded_vehicle,False,627,,CLEAR,True,18.74,track_circuit,6.32,6.409,16.513,True,reduce_speed,reduce_speed,False
199.0,4.42,clear,False,44.7,2,sensor_miscount,True,104,1.0171,OCCUPIED,True,8.3,track_circuit,1.33,7.92,4.414,False,reroute,reroute,False
112.9,16.01,clear,False,70.1,9,boulder,False,815,,OCCUPIED,False,8.57,axle_counter,8.51,2.549,15.984,True,emergency_stop,emergency_stop,False
111.3,7.36,snow,False,56.0,8,broken_rail,False,156,,OCCUPIED,True,9.31,track_circuit,3.97,4.707,7.355,True,reduce_speed,reduce_speed,False
88.7,8.58,snow,True,54.4,7,water_logging,False,119,,OCCUPIED,True,9.03,track_circuit,5.8,2.99,8.577,True,reduce_speed,reduce_speed,False
141.9,18.74,heavy_rain,True,35.8,9,landslide_debris,True,774,1.071,CLEAR,True,2.03,track_circuit,7.92,6.443,18.709,True,emergency_stop,emergency_stop,False
120.3,17.86,flood,True,35.1,8,unknown_obstruction,True,616,1.0135,OCCUPIED,True,8.08,track_circuit,8.91,4.921,17.839,True,reduce_speed,reduce_speed,False
158.0,7.63,fog,False,56.5,3,water_logging,True,1776,,CLEAR,True,16.36,track_circuit,2.9,5.492,7.552,True,reduce_speed,reduce_speed,False
100.3,9.86,fog,False,94.8,1,environmental_false_positive,True,1474,0.9879,CLEAR,True,22.6,track_circuit,5.9,2.213,9.819,True,proceed_with_caution,proceed_with_caution,False
65.3,5.87,fog,False,80.6,7,water_logging,False,1592,0.96,CLEAR,False,1.52,vibration,5.39,0.938,5.841,True,reduce_speed,reduce_speed,False
178.7,10.41,rain,False,83.2,9,unknown_obstruction,False,1114,0.9753,CLEAR,True,0.91,axle_counter,3.5,8.303,10.355,True,emergency_stop,emergency_stop,False
173.3,13.7,rain,False,46.4,7,fallen_tree,True,264,1.0433,CLEAR,False,15.01,axle_counter,4.74,7.809,13.687,True,reduce_speed,reduce_speed,False
99.4,2.03,clear,False,81.4,5,water_logging,False,1710,,CLEAR,True,17.64,vibration,1.23,1.976,1.983,False,emergency_stop,emergency_stop,False
152.0,18.41,rain,True,58.4,5,sensor_miscount,False,1015,1.0789,CLEAR,True,15.4,axle_counter,7.27,6.007,18.367,True,reduce_speed,reduce_speed,False
121.3,14.43,clear,False,34.2,9,stranded_vehicle,False,887,1.1314,OCCUPIED,True,24.34,track_circuit,7.14,2.943,14.4,True,emergency_stop,proceed_with_caution,True
163.0,2.12,clear,False,57.6,5,stranded_vehicle,False,1229,1.0098,CLEAR,True,6.11,track_circuit,0.78,5.314,2.064,False,emergency_stop,emergency_stop,False
105.5,17.41,rain,True,39.2,7,equipment_failure_ahead,False,369,0.9501,CLEAR,True,12.29,track_circuit,9.9,2.894,17.399,True,reduce_speed,reduce_speed,False
128.0,14.92,clear,False,89.8,1,cattle_crossing,False,988,,OCCUPIED,True,22.94,axle_counter,6.99,3.277,14.885,True,proceed_with_caution,proceed_with_caution,False
54.0,6.4,clear,False,88.8,3,sensor_miscount,True,1231,,CLEAR,True,15.63,axle_counter,7.11,0.583,6.382,True,proceed_with_caution,proceed_with_caution,False
72.1,10.52,heavy_rain,False,50.1,6,signal_cable_theft,False,1410,0.9684,OCCUPIED,True,14.64,track_circuit,8.75,1.663,10.492,True,reduce_speed,reduce_speed,False
166.2,17.23,heavy_rain,True,72.8,4,environmental_false_positive,True,1025,0.9417,CLEAR,True,23.35,axle_counter,6.22,8.839,17.183,True,reduce_speed,reduce_speed,False
104.1,19.37,clear,False,55.5,4,environmental_false_positive,False,1995,,CLEAR,True,8.8,accelerometer,11.16,2.167,19.312,True,reduce_speed,reduce_speed,False
50.4,5.77,clear,False,40.8,1,cattle_crossing,False,1981,1.0116,CLEAR,False,4.35,track_circuit,6.87,0.508,5.742,True,reduce_speed,reduce_speed,False
71.0,13.08,clear,False,75.5,6,fallen_tree,True,238,,CLEAR,True,3.67,axle_counter,11.05,1.008,13.075,True,reduce_speed,reduce_speed,False
108.8,17.23,heavy_rain,True,83.2,8,landslide_debris,True,211,,CLEAR,True,20.64,axle_counter,9.5,3.788,17.224,True,reroute,reroute,False
156.3,19.77,heavy_rain,False,84.2,9,broken_rail,True,1055,1.0272,CLEAR,False,21.5,vibration,7.59,7.818,19.724,True,emergency_stop,emergency_stop,False
101.3,1.6,clear,False,40.4,3,environmental_false_positive,False,1665,0.98,CLEAR,True,6.23,vibration,0.95,2.052,1.553,False,emergency_stop,emergency_stop,False
160.5,10.17,heavy_rain,True,65.9,4,water_logging,True,1049,,OCCUPIED,True,11.7,vibration,3.8,8.243,10.123,True,reduce_speed,reduce_speed,False
178.0,17.5,clear,False,31.7,9,boulder,False,473,,OCCUPIED,True,14.83,track_circuit,5.9,6.337,17.477,True,emergency_stop,emergency_stop,False
97.9,0.26,clear,False,36.3,6,fallen_tree,True,1147,,CLEAR,True,3.91,axle_counter,0.16,1.917,0.229,False,reroute,reroute,False
169.1,8.86,flood,True,35.7,1,cattle_crossing,True,1890,0.9608,CLEAR,False,21.3,vibration,3.14,9.722,8.771,False,reroute,reroute,False
64.7,11.77,clear,False,34.0,2,environmental_false_positive,True,375,1.0237,CLEAR,True,10.76,track_circuit,10.91,0.837,11.763,True,reduce_speed,reduce_speed,False
109.4,10.62,clear,False,53.4,9,boulder,False,919,,CLEAR,True,21.66,accelerometer,5.82,2.394,10.592,True,emergency_stop,emergency_stop,False
60.1,14.71,clear,True,55.0,8,broken_rail,True,1295,,CLEAR,True,19.12,track_circuit,14.69,0.722,14.688,True,reroute,proceed_with_caution,True
53.1,1.5,rain,False,78.9,3,sensor_miscount,False,817,,CLEAR,True,7.73,axle_counter,1.69,0.733,1.488,True,proceed_with_caution,proceed_with_caution,False
55.0,15.75,snow,True,53.1,8,unknown_obstruction,False,136,,CLEAR,True,18.06,axle_counter,17.18,1.15,15.748,True,reduce_speed,reduce_speed,False
61.2,5.81,flood,True,39.8,7,boulder,False,1356,1.0032,CLEAR,True,18.65,axle_counter,5.7,1.273,5.787,True,reduce_speed,reduce_speed,False
174.5,16.52,clear,False,96.3,6,unknown_obstruction,True,1495,0.9896,CLEAR,False,8.13,vibration,5.68,6.09,16.448,True,reduce_speed,reduce_speed,False
129.3,8.51,clear,False,91.3,8,broken_rail,False,1328,,CLEAR,True,6.72,track_circuit,3.95,3.344,8.462,True,reduce_speed,reduce_speed,False
191.8,1.05,heavy_rain,True,38.7,3,sensor_miscount,True,1343,0.9079,CLEAR,True,20.67,axle_counter,0.33,11.772,0.978,False,reroute,reroute,False
128.4,19.29,clear,False,55.4,10,landslide_debris,False,1331,,CLEAR,False,17.11,axle_counter,9.01,3.297,19.243,True,emergency_stop,emergency_stop,False
142.5,15.65,snow,True,41.8,4,cattle_crossing,False,694,,CLEAR,True,18.62,accelerometer,6.59,7.716,15.623,True,reduce_speed,reduce_speed,False
73.6,7.09,fog,False,97.1,6,signal_cable_theft,True,82,1.0391,OCCUPIED,True,8.17,axle_counter,5.78,1.192,7.088,True,reduce_speed,reduce_speed,False
128.8,5.55,clear,False,54.9,7,fallen_tree,False,1979,0.9814,CLEAR,False,18.19,accelerometer,2.59,3.318,5.479,True,reduce_speed,reduce_speed,False
104.7,11.86,heavy_rain,False,36.9,4,water_logging,True,448,,OCCUPIED,False,18.0,accelerometer,6.8,3.508,11.847,True,reduce_speed,reduce_speed,False
189.4,19.75,clear,False,80.9,3,cattle_crossing,True,1666,,OCCUPIED,True,8.67,track_circuit,6.26,7.174,19.662,True,proceed_with_caution,proceed_with_caution,False
189.8,5.95,clear,False,79.8,1,cattle_crossing,False,1104,,CLEAR,True,7.13,accelerometer,1.88,7.205,5.892,False,emergency_stop,emergency_stop,False
75.8,18.98,rain,True,46.9,10,landslide_debris,False,1102,,CLEAR,True,11.07,accelerometer,15.02,1.494,18.957,True,emergency_stop,emergency_stop,False
141.1,6.74,rain,False,52.5,6,water_logging,True,90,0.9656,CLEAR,True,18.61,track_circuit,2.87,5.176,6.736,True,reduce_speed,reduce_speed,False
143.9,14.14,fog,False,59.1,9,track_buckling,False,1982,1.009,CLEAR,True,5.24,axle_counter,5.9,4.556,14.061,True,emergency_stop,emergency_stop,False
132.2,7.76,fog,False,48.7,9,unknown_obstruction,True,1081,,OCCUPIED,True,21.92,track_circuit,3.52,3.845,7.72,True,emergency_stop,emergency_stop,False
64.3,1.88,flood,False,50.2,7,equipment_failure_ahead,False,1669,1.0877,OCCUPIED,False,6.75,axle_counter,1.75,1.406,1.85,True,reduce_speed,reduce_speed,False
146.4,18.74,flood,True,86.1,5,fallen_tree,True,1567,0.9177,CLEAR,True,21.07,track_circuit,7.68,7.287,18.676,True,reduce_speed,reduce_speed,False
168.9,3.45,rain,False,82.6,8,boulder,True,319,,OCCUPIED,False,4.32,vibration,1.23,7.417,3.435,False,reroute,reroute,False
98.5,18.9,clear,False,78.5,10,track_buckling,False,1898,0.9365,OCCUPIED,True,18.62,axle_counter,11.51,1.94,18.848,True,emergency_stop,emergency_stop,False
124.8,2.25,fog,False,78.1,2,cattle_crossing,False,1203,1.1774,CLEAR,True,14.25,axle_counter,1.08,3.427,2.208,False,emergency_stop,reduce_speed,True
63.0,5.49,flood,False,66.5,9,unknown_obstruction,False,411,1.0656,CLEAR,True,16.71,track_circuit,5.23,1.349,5.483,True,emergency_stop,emergency_stop,False
189.3,18.43,clear,False,54.6,3,cattle_crossing,True,1183,0.9934,CLEAR,True,24.37,vibration,5.84,7.167,18.368,True,reduce_speed,reduce_speed,False
62.0,13.24,rain,False,80.4,7,landslide_debris,True,1252,1.0136,OCCUPIED,True,1.79,axle_counter,12.81,0.999,13.218,True,reroute,reroute,False
77.3,3.95,clear,False,38.1,8,landslide_debris,False,1323,0.9773,OCCUPIED,True,4.15,axle_counter,3.07,1.195,3.922,True,reduce_speed,reduce_speed,False
91.3,11.92,clear,False,39.9,10,track_buckling,True,677,1.0208,CLEAR,False,2.44,track_circuit,7.83,1.667,11.903,True,emergency_stop,emergency_stop,False
173.0,3.77,fog,False,38.8,3,environmental_false_positive,False,1885,0.9558,CLEAR,True,13.23,track_circuit,1.31,6.584,3.679,False,emergency_stop,emergency_stop,False
153.6,17.51,clear,False,81.3,7,signal_cable_theft,True,512,1.0425,CLEAR,True,20.17,axle_counter,6.84,4.719,17.488,True,reduce_speed,reduce_speed,False
46.1,1.19,heavy_rain,True,71.4,3,cattle_crossing,True,1009,1.0109,CLEAR,True,1.84,accelerometer,1.55,0.68,1.177,True,reduce_speed,reduce_speed,False
73.5,10.69,heavy_rain,False,61.5,7,fallen_tree,True,1686,0.9406,CLEAR,False,19.6,track_circuit,8.73,1.729,10.656,True,reduce_speed,reduce_speed,False
161.3,1.46,heavy_rain,True,63.3,8,unknown_obstruction,True,200,,CLEAR,True,11.11,vibration,0.54,8.326,1.451,False,reroute,reroute,False
107.6,13.96,clear,False,87.9,5,stranded_vehicle,False,837,,CLEAR,True,23.57,track_circuit,7.78,2.316,13.935,True,reduce_speed,reduce_speed,False
49.1,18.73,clear,False,38.5,4,environmental_false_positive,True,985,0.957,CLEAR,False,9.88,vibration,22.89,0.482,18.717,True,reduce_speed,reduce_speed,False
194.4,16.66,fog,False,56.8,6,unknown_obstruction,False,1557,,OCCUPIED,True,24.62,track_circuit,5.14,8.314,16.576,True,reduce_speed,reduce_speed,False
68.4,7.56,heavy_rain,False,83.2,4,cattle_crossing,True,1586,1.0307,CLEAR,True,14.13,axle_counter,6.63,1.497,7.53,True,proceed_with_caution,proceed_with_caution,False
124.1,4.89,rain,False,76.0,9,unknown_obstruction,True,1604,1.0654,OCCUPIED,True,24.75,track_circuit,2.36,4.004,4.835,True,emergency_stop,emergency_stop,False
83.5,2.6,snow,False,60.5,8,fallen_tree,True,749,0.9915,OCCUPIED,True,15.98,track_circuit,1.87,2.649,2.583,False,reroute,reroute,False
159.3,17.5,clear,False,45.7,6,signal_cable_theft,True,1009,1.0558,CLEAR,True,8.99,track_circuit,6.59,5.075,17.455,True,reduce_speed,reduce_speed,False
165.4,1.81,snow,True,96.3,10,landslide_debris,True,102,,CLEAR,True,20.18,track_circuit,0.66,10.396,1.805,False,reroute,reroute,False
106.6,12.65,clear,False,58.6,1,cattle_crossing,True,1655,1.0782,CLEAR,False,12.43,axle_counter,7.12,2.273,12.601,True,reduce_speed,reduce_speed,False
147.1,7.47,clear,False,91.4,9,track_buckling,True,641,1.025,CLEAR,True,8.07,accelerometer,3.05,4.328,7.444,True,emergency_stop,emergency_stop,False
185.9,19.92,rain,True,84.4,8,landslide_debris,True,961,,OCCUPIED,True,12.22,axle_counter,6.43,8.985,19.87,True,reroute,reroute,False
171.3,10.27,clear,False,90.3,8,landslide_debris,True,1380,1.0535,CLEAR,True,21.86,accelerometer,3.6,5.869,10.204,True,reroute,reroute,False
109.3,11.07,clear,False,31.2,4,fallen_tree,True,1565,0.9885,CLEAR,True,18.44,axle_counter,6.08,2.389,11.022,True,reduce_speed,reduce_speed,False
113.4,18.37,clear,False,63.4,9,broken_rail,True,217,,CLEAR,True,4.76,track_circuit,9.72,2.572,18.363,True,emergency_stop,emergency_stop,False
182.5,19.4,clear,False,48.2,5,water_logging,True,1546,0.9623,CLEAR,True,21.05,track_circuit,6.38,6.661,19.322,True,reduce_speed,reduce_speed,False
50.3,11.76,heavy_rain,True,49.2,4,fallen_tree,True,783,,CLEAR,False,11.07,axle_counter,14.03,0.81,11.749,True,reduce_speed,reduce_speed,False
48.5,15.96,clear,False,48.9,6,equipment_failure_ahead,False,865,0.9579,CLEAR,True,2.53,track_circuit,19.74,0.47,15.948,True,reduce_speed,reduce_speed,False
76.9,12.77,fog,False,57.3,7,unknown_obstruction,True,309,,CLEAR,False,4.11,accelerometer,9.96,1.301,12.763,True,reduce_speed,reduce_speed,False
173.3,8.66,heavy_rain,True,58.7,7,boulder,False,1448,0.9648,CLEAR,True,2.12,vibration,3.0,9.611,8.59,False,emergency_stop,emergency_stop,False
68.7,1.33,clear,False,74.4,5,water_logging,True,978,0.938,CLEAR,True,17.08,axle_counter,1.16,0.944,1.311,True,reduce_speed,reduce_speed,False
89.2,14.41,clear,False,51.0,4,signal_cable_theft,True,252,,CLEAR,True,6.81,axle_counter,9.69,1.591,14.404,True,reduce_speed,reduce_speed,False
142.5,14.07,heavy_rain,True,49.1,4,sensor_miscount,False,326,0.9361,CLEAR,True,2.86,track_circuit,5.92,6.498,14.057,True,reduce_speed,reduce_speed,False
73.6,2.51,heavy_rain,False,55.2,8,stranded_vehicle,True,1457,,CLEAR,False,9.46,axle_counter,2.05,1.733,2.48,True,reroute,reroute,False
92.0,4.76,rain,False,78.1,3,sensor_miscount,True,262,,CLEAR,True,21.74,track_circuit,3.1,2.201,4.753,True,proceed_with_caution,proceed_with_caution,False
117.4,14.7,heavy_rain,True,30.0,7,boulder,False,1066,1.1087,OCCUPIED,True,15.9,track_circuit,7.51,4.41,14.665,True,reduce_speed,proceed_with_caution,True
80.4,3.16,clear,False,82.3,7,stranded_vehicle,False,1411,0.9585,CLEAR,True,12.41,track_circuit,2.36,1.293,3.128,True,reduce_speed,reduce_speed,False
198.8,13.88,clear,False,53.7,2,sensor_miscount,False,1829,0.9171,CLEAR,True,18.46,track_circuit,4.19,7.904,13.779,True,reduce_speed,reduce_speed,False
70.3,14.42,fog,True,70.3,4,signal_cable_theft,True,358,,CLEAR,True,2.36,vibration,12.31,1.087,14.413,True,reduce_speed,reduce_speed,False
176.7,7.2,clear,False,83.3,4,environmental_false_positive,True,627,0.9484,OCCUPIED,False,22.13,track_circuit,2.44,6.245,7.169,True,proceed_with_caution,proceed_with_caution,False
117.9,5.31,fog,False,65.8,7,landslide_debris,True,352,,CLEAR,False,4.85,track_circuit,2.7,3.058,5.298,True,reroute,reroute,False
65.0,7.59,rain,False,75.3,9,boulder,False,1766,,CLEAR,False,1.02,accelerometer,7.01,1.099,7.558,True,emergency_stop,emergency_stop,False
63.4,7.31,fog,False,94.4,9,landslide_debris,True,1206,,CLEAR,True,9.38,accelerometer,6.92,0.884,7.289,True,emergency_stop,emergency_stop,False
122.5,12.22,rain,True,32.1,7,track_buckling,False,1968,,OCCUPIED,True,1.93,axle_counter,5.99,3.902,12.153,True,reduce_speed,reduce_speed,False
99.8,14.93,clear,False,54.5,7,landslide_debris,False,135,1.1112,CLEAR,True,4.59,axle_counter,8.98,1.992,14.926,True,reduce_speed,reduce_speed,False
81.4,17.26,clear,False,94.9,4,cattle_crossing,False,1427,0.9632,CLEAR,True,18.61,vibration,12.72,1.325,17.228,True,proceed_with_caution,proceed_with_caution,False
193.6,0.79,clear,False,88.6,4,cattle_crossing,True,114,,CLEAR,True,10.42,track_circuit,0.24,7.496,0.784,False,reroute,reroute,False
116.8,14.59,fog,False,73.2,5,signal_cable_theft,False,262,0.9717,OCCUPIED,True,0.67,axle_counter,7.49,3.001,14.581,True,reduce_speed,reduce_speed,False
189.0,6.42,clear,False,46.1,6,water_logging,False,891,,CLEAR,False,16.27,track_circuit,2.04,7.144,6.373,False,emergency_stop,emergency_stop,False
70.4,16.81,clear,False,53.1,9,landslide_debris,False,765,,CLEAR,True,17.82,axle_counter,14.33,0.991,16.795,True,emergency_stop,emergency_stop,False
73.4,1.7,clear,False,90.1,3,sensor_miscount,False,762,1.0904,CLEAR,True,22.6,accelerometer,1.39,1.078,1.684,True,proceed_with_caution,proceed_with_caution,False
137.4,11.11,clear,False,78.9,9,landslide_debris,False,182,,OCCUPIED,False,4.29,vibration,4.85,3.776,11.103,True,emergency_stop,emergency_stop,False
86.8,11.06,heavy_rain,False,50.0,4,environmental_false_positive,False,1112,1.0545,CLEAR,False,21.5,accelerometer,7.65,2.411,11.033,True,reduce_speed,reduce_speed,False
73.7,6.66,clear,False,39.3,8,landslide_debris,True,714,,CLEAR,True,17.86,vibration,5.42,1.086,6.645,True,reroute,reroute,False
59.7,19.41,flood,True,84.7,3,cattle_crossing,False,1988,0.8981,CLEAR,True,14.31,axle_counter,19.51,1.212,19.377,True,reduce_speed,reduce_speed,False
56.8,2.32,clear,False,70.3,9,unknown_obstruction,False,1590,0.9,CLEAR,True,6.91,vibration,2.45,0.645,2.295,True,emergency_stop,emergency_stop,False
161.7,2.9,fog,False,97.4,2,cattle_crossing,False,898,0.9743,CLEAR,True,11.72,vibration,1.08,5.752,2.86,False,emergency_stop,emergency_stop,False
88.7,12.96,clear,False,58.5,9,broken_rail,False,1543,,CLEAR,True,5.36,axle_counter,8.77,1.574,12.922,True,emergency_stop,emergency_stop,False
196.7,10.38,clear,False,54.4,4,sensor_miscount,True,1173,,CLEAR,True,18.08,track_circuit,3.17,7.738,10.316,True,reduce_speed,proceed_with_caution,True
73.4,5.44,snow,True,50.4,6,boulder,False,1016,0.988,CLEAR,True,17.74,axle_counter,4.45,2.047,5.419,True,reduce_speed,reduce_speed,False
99.9,6.22,flood,True,63.7,4,sensor_miscount,False,1843,1.0369,OCCUPIED,True,5.19,track_circuit,3.74,3.393,6.169,True,reduce_speed,reduce_speed,False
103.1,3.31,snow,False,52.6,7,unknown_obstruction,True,1196,0.9705,CLEAR,True,6.69,axle_counter,1.93,4.039,3.276,False,reroute,reroute,False
122.5,17.38,clear,False,35.1,5,equipment_failure_ahead,False,992,1.0495,OCCUPIED,False,22.58,track_circuit,8.51,3.001,17.346,True,reduce_speed,reduce_speed,False
179.9,11.48,clear,False,51.8,6,water_logging,False,1155,0.8821,CLEAR,True,12.06,axle_counter,3.83,6.473,11.422,True,reduce_speed,reduce_speed,False
174.4,5.05,fog,True,45.3,6,stranded_vehicle,True,1573,0.9971,CLEAR,True,14.0,track_circuit,1.74,6.691,4.974,False,reroute,reroute,False
46.5,7.99,clear,False,87.1,2,sensor_miscount,True,1496,,CLEAR,False,23.99,track_circuit,10.31,0.432,7.971,True,proceed_with_caution,proceed_with_caution,False
108.4,18.15,fog,False,46.5,2,cattle_crossing,False,1120,1.0351,CLEAR,True,5.57,axle_counter,10.05,2.585,18.116,True,reduce_speed,reduce_speed,False
173.3,17.76,rain,False,62.1,5,fallen_tree,False,394,0.9809,OCCUPIED,True,15.86,track_circuit,6.15,7.809,17.741,True,reduce_speed,reduce_speed,False
45.0,1.57,rain,False,77.1,9,boulder,True,1293,,CLEAR,True,19.46,accelerometer,2.09,0.527,1.554,True,emergency_stop,emergency_stop,False
127.7,13.15,heavy_rain,True,40.4,8,boulder,False,890,,CLEAR,False,8.33,axle_counter,6.18,5.218,13.118,True,reduce_speed,reduce_speed,False
85.2,3.23,fog,False,67.2,3,water_logging,False,1869,0.9765,OCCUPIED,False,8.07,track_circuit,2.27,1.597,3.186,True,reduce_speed,reduce_speed,False
109.0,4.38,clear,False,89.3,6,boulder,True,1822,0.9817,CLEAR,True,22.47,track_circuit,2.41,2.376,4.325,True,reduce_speed,reduce_speed,False
110.1,17.31,clear,False,70.9,7,landslide_debris,True,51,1.1332,OCCUPIED,True,2.94,vibration,9.43,2.424,17.308,True,reroute,reroute,False
105.7,17.92,rain,False,63.8,7,landslide_debris,True,1999,1.0058,OCCUPIED,True,4.36,axle_counter,10.17,2.905,17.861,True,reroute,reroute,False
183.3,1.84,rain,False,88.7,9,unknown_obstruction,True,1807,,CLEAR,True,10.57,axle_counter,0.6,8.736,1.748,False,reroute,reroute,False
128.2,17.5,clear,False,96.3,7,landslide_debris,True,1819,,CLEAR,True,20.06,track_circuit,8.19,3.287,17.435,True,reroute,reroute,False
185.1,14.62,clear,False,87.5,9,landslide_debris,True,1020,1.0387,CLEAR,True,11.65,vibration,4.74,6.852,14.568,True,emergency_stop,emergency_stop,False
157.6,15.56,fog,True,58.6,7,water_logging,False,577,0.9507,OCCUPIED,True,7.13,accelerometer,5.92,5.464,15.535,True,reduce_speed,reduce_speed,False
99.4,15.88,heavy_rain,True,72.8,6,fallen_tree,False,1233,1.0307,CLEAR,True,10.8,track_circuit,9.59,3.162,15.846,True,reduce_speed,reduce_speed,False
121.5,10.24,rain,False,66.9,8,equipment_failure_ahead,False,1772,1.0661,CLEAR,True,11.41,track_circuit,5.06,3.838,10.18,True,reduce_speed,reduce_speed,False
105.4,18.95,clear,False,51.2,8,unknown_obstruction,False,928,0.9947,CLEAR,True,18.31,track_circuit,10.79,2.222,18.923,True,reduce_speed,reduce_speed,False
173.4,4.17,clear,False,60.5,7,water_logging,False,1972,1.0593,CLEAR,True,21.78,track_circuit,1.44,6.014,4.075,False,emergency_stop,emergency_stop,False
74.1,10.2,rain,False,88.0,7,water_logging,False,559,0.9959,CLEAR,True,8.37,vibration,8.26,1.428,10.188,True,reduce_speed,reduce_speed,False
190.1,6.51,clear,False,51.0,5,stranded_vehicle,True,1714,0.9588,CLEAR,False,17.86,accelerometer,2.05,7.228,6.419,False,reroute,reroute,False
135.0,16.48,rain,False,92.3,9,landslide_debris,False,178,0.9001,CLEAR,True,17.68,accelerometer,7.32,4.739,16.473,True,emergency_stop,emergency_stop,False
139.8,1.84,fog,False,99.4,6,fallen_tree,False,1687,1.0165,OCCUPIED,True,19.29,vibration,0.79,4.3,1.774,False,emergency_stop,emergency_stop,False
125.1,8.79,clear,False,51.5,6,boulder,False,1893,1.0178,OCCUPIED,True,14.59,track_circuit,4.22,3.13,8.724,True,reduce_speed,reduce_speed,False
130.9,15.51,clear,False,38.6,8,boulder,True,1420,,CLEAR,True,0.86,accelerometer,7.11,3.427,15.458,True,reduce_speed,reduce_speed,False
148.5,6.38,clear,False,97.0,4,cattle_crossing,False,1267,1.0531,CLEAR,True,16.57,track_circuit,2.58,4.41,6.328,True,proceed_with_caution,proceed_with_caution,False
146.5,4.96,snow,False,42.0,10,landslide_debris,False,852,1.124,CLEAR,False,15.5,track_circuit,2.03,8.156,4.925,False,emergency_stop,emergency_stop,False
78.2,5.4,rain,False,84.0,9,boulder,True,1754,0.9651,CLEAR,True,15.48,vibration,4.14,1.59,5.362,True,emergency_stop,emergency_stop,False
135.3,14.33,clear,False,32.7,1,cattle_crossing,True,297,,CLEAR,True,7.39,track_circuit,6.35,3.661,14.319,True,reduce_speed,reduce_speed,False
100.0,5.88,snow,False,46.5,6,water_logging,False,617,,CLEAR,False,2.9,vibration,3.53,3.8,5.863,True,reduce_speed,reduce_speed,False
143.7,8.17,rain,False,48.2,7,boulder,True,305,1.0558,CLEAR,True,5.14,accelerometer,3.41,5.369,8.158,True,reduce_speed,reduce_speed,False
129.9,11.0,rain,True,50.8,8,landslide_debris,True,592,,CLEAR,True,5.8,vibration,5.08,4.387,10.979,True,reroute,reroute,False
72.9,18.83,snow,True,94.4,7,track_buckling,True,1071,,CLEAR,False,4.75,vibration,15.5,2.019,18.808,True,reroute,reroute,False
158.9,15.93,clear,False,42.3,10,track_buckling,False,705,,CLEAR,True,6.49,track_circuit,6.02,5.05,15.899,True,emergency_stop,emergency_stop,False
115.8,3.87,clear,False,42.2,3,environmental_false_positive,False,870,,CLEAR,True,2.18,track_circuit,2.01,2.682,3.842,True,reduce_speed,reduce_speed,False
130.5,17.69,rain,True,78.4,8,unknown_obstruction,False,500,1.0724,CLEAR,False,7.1,vibration,8.13,4.428,17.672,True,reduce_speed,reduce_speed,False
149.3,16.93,clear,False,96.7,6,water_logging,False,738,0.9068,OCCUPIED,True,24.95,axle_counter,6.8,4.458,16.899,True,reduce_speed,reroute,True
146.2,14.96,fog,False,57.2,6,water_logging,False,1021,0.9192,OCCUPIED,True,13.03,accelerometer,6.14,4.702,14.919,True,reduce_speed,reduce_speed,False
161.1,10.43,clear,False,84.1,3,sensor_miscount,False,467,1.0141,OCCUPIED,True,8.94,track_circuit,3.88,5.191,10.409,True,proceed_with_caution,proceed_with_caution,False
77.0,1.58,clear,False,32.2,4,signal_cable_theft,False,1876,1.0077,OCCUPIED,True,18.15,track_circuit,1.23,1.186,1.54,True,reduce_speed,reduce_speed,False
62.1,14.29,clear,False,87.7,9,track_buckling,False,1800,0.9825,CLEAR,True,12.0,track_circuit,13.81,0.771,14.259,True,emergency_stop,emergency_stop,False
148.7,10.46,clear,False,80.6,6,boulder,True,1759,0.9714,CLEAR,False,1.22,vibration,4.22,4.422,10.387,True,reduce_speed,reduce_speed,False
81.6,6.33,clear,False,92.8,5,water_logging,False,52,0.9487,OCCUPIED,False,13.91,vibration,4.65,1.332,6.329,True,reduce_speed,reduce_speed,False
62.8,0.4,clear,False,74.6,4,cattle_crossing,True,1015,1.0199,CLEAR,True,7.95,accelerometer,0.38,0.789,0.382,False,reroute,reduce_speed,True
65.3,4.77,heavy_rain,False,95.9,8,boulder,False,1601,0.9421,CLEAR,False,14.49,track_circuit,4.38,1.365,4.741,True,reduce_speed,reduce_speed,False
93.5,12.19,clear,False,57.3,8,fallen_tree,True,730,,OCCUPIED,True,4.74,axle_counter,7.82,1.748,12.171,True,reduce_speed,reduce_speed,False
198.7,2.42,clear,False,81.3,4,fallen_tree,True,501,0.9655,CLEAR,True,12.32,track_circuit,0.73,7.896,2.392,False,reroute,reroute,False
69.4,13.18,clear,False,80.8,6,fallen_tree,True,1243,,CLEAR,True,5.24,track_circuit,11.39,0.963,13.156,True,reduce_speed,reduce_speed,False
91.3,16.43,clear,False,48.8,3,cattle_crossing,True,54,,CLEAR,True,7.82,track_circuit,10.8,1.667,16.429,True,reduce_speed,reduce_speed,False
187.7,6.5,clear,False,94.4,5,signal_cable_theft,False,1244,,CLEAR,True,17.34,axle_counter,2.08,7.046,6.435,False,emergency_stop,emergency_stop,False
194.3,1.82,rain,False,84.5,4,cattle_crossing,False,930,0.9402,OCCUPIED,True,6.08,axle_counter,0.56,9.816,1.77,False,emergency_stop,emergency_stop,False
80.5,2.97,clear,False,90.6,8,track_buckling,True,1384,,CLEAR,False,10.72,track_circuit,2.21,1.296,2.939,True,reroute,reroute,False
181.5,7.29,snow,True,55.4,8,boulder,False,1382,1.0467,CLEAR,True,2.29,axle_counter,2.41,12.518,7.22,False,emergency_stop,emergency_stop,False
66.5,16.31,snow,True,88.9,1,environmental_false_positive,False,1094,0.914,CLEAR,True,17.34,vibration,14.72,1.68,16.29,True,reduce_speed,reduce_speed,False
163.0,12.76,clear,False,52.0,2,cattle_crossing,True,1188,1.0872,CLEAR,True,13.7,track_circuit,4.7,5.314,12.706,True,reduce_speed,reduce_speed,False
47.0,17.38,clear,False,97.5,8,landslide_debris,True,102,1.0081,CLEAR,True,20.44,track_circuit,22.19,0.442,17.379,True,reroute,reroute,False
108.0,19.89,clear,False,31.7,4,fallen_tree,True,1964,0.9653,CLEAR,True,13.61,vibration,11.05,2.333,19.831,True,reduce_speed,reduce_speed,False
83.3,4.21,rain,False,73.3,2,environmental_false_positive,False,198,1.0006,CLEAR,True,24.86,vibration,3.03,1.804,4.205,True,proceed_with_caution,proceed_with_caution,False
154.1,13.96,clear,False,37.9,4,sensor_miscount,False,1955,1.0817,OCCUPIED,True,6.41,vibration,5.44,4.749,13.876,True,reduce_speed,reduce_speed,False
47.5,9.44,heavy_rain,False,80.3,7,unknown_obstruction,True,1949,0.8721,OCCUPIED,True,18.68,track_circuit,11.92,0.722,9.414,True,reduce_speed,reduce_speed,False
117.1,9.97,fog,False,55.5,8,broken_rail,False,1450,1.0616,CLEAR,True,11.09,axle_counter,5.11,3.017,9.923,True,reduce_speed,reduce_speed,False
153.0,6.65,heavy_rain,True,90.9,6,water_logging,False,1505,1.0717,CLEAR,True,9.71,accelerometer,2.61,7.491,6.586,False,emergency_stop,emergency_stop,False
52.2,6.98,rain,False,91.1,7,water_logging,True,108,,CLEAR,True,18.42,track_circuit,8.02,0.708,6.978,True,reroute,reroute,False
184.1,13.59,flood,True,55.8,10,track_buckling,False,1900,,CLEAR,True,23.91,axle_counter,4.43,11.524,13.493,True,emergency_stop,emergency_stop,False
101.0,12.49,clear,False,86.7,7,signal_cable_theft,True,1080,1.0082,CLEAR,True,19.01,accelerometer,7.42,2.04,12.46,True,reduce_speed,reduce_speed,False
70.6,6.51,clear,False,77.7,10,broken_rail,True,712,1.044,OCCUPIED,False,8.59,track_circuit,5.53,0.997,6.496,True,emergency_stop,emergency_stop,False
79.9,2.55,clear,False,59.9,6,boulder,True,1356,0.9562,CLEAR,True,12.99,vibration,1.91,1.277,2.52,True,reduce_speed,reduce_speed,False
97.5,11.65,snow,True,54.0,9,unknown_obstruction,True,1093,,CLEAR,True,5.82,accelerometer,7.17,3.612,11.62,True,emergency_stop,emergency_stop,False
75.7,14.84,rain,False,44.7,5,stranded_vehicle,False,755,0.994,CLEAR,True,15.7,track_circuit,11.76,1.49,14.824,True,reduce_speed,reduce_speed,False
124.1,11.26,heavy_rain,False,34.4,9,landslide_debris,False,678,1.0407,CLEAR,False,10.36,vibration,5.44,4.928,11.237,True,emergency_stop,emergency_stop,False
143.1,0.27,clear,False,66.2,4,fallen_tree,True,280,1.1605,CLEAR,True,6.09,axle_counter,0.11,4.096,0.259,False,reroute,reroute,False
112.2,5.79,flood,True,67.8,2,environmental_false_positive,False,1823,0.956,CLEAR,True,1.02,accelerometer,3.1,4.28,5.733,True,reduce_speed,proceed_with_caution,True
111.2,15.62,rain,False,61.1,6,unknown_obstruction,True,1348,1.0047,CLEAR,True,23.17,accelerometer,8.43,3.215,15.578,True,reduce_speed,reduce_speed,False
166.2,14.9,rain,False,96.5,4,cattle_crossing,True,611,,CLEAR,True,2.43,accelerometer,5.38,7.182,14.872,True,proceed_with_caution,proceed_with_caution,False
91.7,0.41,flood,True,31.0,5,equipment_failure_ahead,False,1460,,CLEAR,True,8.57,track_circuit,0.27,2.859,0.373,False,emergency_stop,emergency_stop,False
141.5,9.51,clear,False,89.5,9,unknown_obstruction,False,1403,,OCCUPIED,False,5.17,vibration,4.03,4.004,9.455,True,emergency_stop,emergency_stop,False
183.4,8.86,clear,False,86.1,3,environmental_false_positive,False,322,0.9082,OCCUPIED,True,12.61,accelerometer,2.9,6.727,8.844,True,proceed_with_caution,proceed_with_caution,False
79.3,13.12,rain,False,83.1,2,environmental_false_positive,True,391,1.071,OCCUPIED,True,5.28,axle_counter,9.93,1.635,13.111,True,proceed_with_caution,proceed_with_caution,False
141.1,2.67,clear,False,66.7,6,water_logging,True,500,1.0214,CLEAR,True,18.54,axle_counter,1.14,3.982,2.65,False,reroute,reroute,False
191.9,12.5,clear,False,43.3,2,sensor_miscount,False,255,,CLEAR,True,6.01,track_circuit,3.91,7.365,12.486,True,reduce_speed,reduce_speed,False
127.1,18.95,clear,False,90.4,1,cattle_crossing,False,1655,0.9476,CLEAR,True,5.04,accelerometer,8.95,3.231,18.892,True,proceed_with_caution,proceed_with_caution,False
196.4,7.56,clear,False,82.1,3,sensor_miscount,False,353,,CLEAR,True,5.81,track_circuit,2.31,7.715,7.541,False,emergency_stop,emergency_stop,False
93.1,6.88,heavy_rain,False,88.3,7,boulder,False,1632,0.9306,OCCUPIED,True,7.79,track_circuit,4.43,2.774,6.838,True,reduce_speed,reduce_speed,False
132.5,0.76,rain,False,46.5,3,sensor_miscount,True,1082,0.9984,CLEAR,True,16.22,accelerometer,0.34,4.565,0.72,False,reroute,reroute,False
93.2,1.34,clear,False,68.8,6,equipment_failure_ahead,False,277,1.02,CLEAR,True,5.64,accelerometer,0.86,1.737,1.333,False,emergency_stop,emergency_stop,False
45.6,18.65,clear,False,59.1,4,fallen_tree,False,1697,0.9674,CLEAR,True,17.57,accelerometer,24.54,0.416,18.629,True,reduce_speed,reduce_speed,False
199.6,19.51,clear,False,74.8,5,equipment_failure_ahead,False,388,0.9546,OCCUPIED,True,11.04,axle_counter,5.86,7.968,19.488,True,reduce_speed,reduce_speed,False
82.2,0.31,rain,False,82.7,7,stranded_vehicle,True,1999,0.9705,CLEAR,True,5.33,track_circuit,0.23,1.757,0.264,False,reroute,reroute,False
195.8,18.03,snow,True,42.2,7,track_buckling,False,77,1.0489,CLEAR,True,6.38,axle_counter,5.53,14.568,18.026,True,reduce_speed,reduce_speed,False
146.2,3.64,snow,True,42.2,8,boulder,False,1264,1.0121,CLEAR,True,13.42,track_circuit,1.49,8.122,3.589,False,emergency_stop,reroute,True
185.1,11.31,clear,False,33.1,4,environmental_false_positive,True,661,,OCCUPIED,True,9.78,accelerometer,3.67,6.852,11.276,True,reduce_speed,reduce_speed,False
194.9,13.63,clear,False,41.0,2,cattle_crossing,True,1091,,CLEAR,False,13.09,axle_counter,4.2,7.597,13.571,True,reduce_speed,reduce_speed,False
133.0,7.31,rain,False,46.8,4,fallen_tree,False,1688,,CLEAR,True,20.41,axle_counter,3.3,4.599,7.248,True,reduce_speed,reduce_speed,False
200.0,10.67,rain,False,35.1,10,broken_rail,False,1585,,CLEAR,True,1.62,track_circuit,3.2,10.4,10.582,False,emergency_stop,emergency_stop,False
163.9,12.63,rain,False,54.9,8,stranded_vehicle,False,599,1.0987,CLEAR,True,10.14,axle_counter,4.62,6.984,12.603,True,reduce_speed,reduce_speed,False
126.2,4.04,fog,False,77.3,6,water_logging,False,174,1.0014,OCCUPIED,False,10.68,accelerometer,1.92,3.504,4.034,True,reduce_speed,reduce_speed,False
146.5,19.89,rain,True,85.5,2,environmental_false_positive,True,603,,CLEAR,False,6.65,vibration,8.15,5.58,19.865,True,reduce_speed,reduce_speed,False
75.1,4.24,clear,False,54.2,7,signal_cable_theft,True,1629,,OCCUPIED,True,11.33,track_circuit,3.39,1.128,4.206,True,reduce_speed,reduce_speed,False
46.7,0.4,clear,True,35.9,5,sensor_miscount,False,1055,,CLEAR,False,14.38,track_circuit,0.51,0.436,0.386,False,emergency_stop,emergency_stop,False
84.8,18.9,clear,False,83.2,10,broken_rail,True,1529,0.9866,CLEAR,True,14.83,track_circuit,13.37,1.438,18.864,True,emergency_stop,emergency_stop,False
112.4,8.7,clear,False,57.4,9,equipment_failure_ahead,True,1015,,CLEAR,False,16.91,track_circuit,4.64,2.527,8.668,True,emergency_stop,emergency_stop,False
80.3,8.09,clear,False,47.6,6,fallen_tree,False,1083,,CLEAR,True,2.38,accelerometer,6.04,1.29,8.066,True,reduce_speed,reduce_speed,False
124.7,5.66,fog,False,62.9,7,fallen_tree,True,176,1.0553,CLEAR,False,11.77,vibration,2.72,3.421,5.654,True,reduce_speed,reduce_speed,False
147.0,0.71,clear,False,97.9,10,landslide_debris,True,94,1.0765,OCCUPIED,False,19.06,track_circuit,0.29,4.322,0.706,False,reroute,reroute,False
146.6,5.44,clear,False,56.1,2,cattle_crossing,True,1422,,CLEAR,False,11.65,vibration,2.23,4.298,5.382,True,reduce_speed,reduce_speed,False
183.5,7.99,rain,True,97.2,8,broken_rail,True,444,0.9011,CLEAR,True,16.58,track_circuit,2.61,8.755,7.967,False,reroute,reduce_speed,True
194.8,10.5,fog,False,47.7,2,sensor_miscount,True,753,1.0098,CLEAR,True,14.97,track_circuit,3.23,8.348,10.459,True,reduce_speed,reduce_speed,False
183.1,9.26,clear,False,37.4,8,stranded_vehicle,True,771,1.002,OCCUPIED,True,11.89,axle_counter,3.03,6.705,9.221,True,reroute,reroute,False
141.1,17.6,heavy_rain,False,41.0,7,landslide_debris,False,1285,1.0738,OCCUPIED,True,2.43,track_circuit,7.48,6.371,17.55,True,reduce_speed,reduce_speed,False
76.9,18.24,snow,True,84.2,4,signal_cable_theft,False,1886,,CLEAR,True,16.01,axle_counter,14.23,2.247,18.2,True,reduce_speed,reduce_speed,False
191.2,6.48,rain,False,67.6,9,equipment_failure_ahead,False,1528,,OCCUPIED,True,13.6,vibration,2.03,9.505,6.399,False,emergency_stop,emergency_stop,False
72.1,19.2,fog,False,70.7,6,fallen_tree,True,1295,0.8756,OCCUPIED,True,0.64,accelerometer,15.98,1.144,19.174,True,reduce_speed,reduce_speed,False
68.5,17.33,clear,False,97.7,9,track_buckling,True,1678,,OCCUPIED,True,5.57,track_circuit,15.18,0.938,17.298,True,emergency_stop,emergency_stop,False
94.2,18.57,snow,True,65.3,6,fallen_tree,False,1045,,CLEAR,False,2.0,axle_counter,11.83,3.372,18.543,True,reduce_speed,reduce_speed,False
133.9,14.19,clear,False,38.2,6,water_logging,False,333,,CLEAR,True,14.47,track_circuit,6.36,3.586,14.178,True,reduce_speed,reduce_speed,False
150.6,4.13,snow,True,80.3,5,fallen_tree,False,1002,1.01,OCCUPIED,True,0.87,axle_counter,1.65,8.619,4.088,False,emergency_stop,emergency_stop,False
47.1,4.07,rain,False,44.5,5,stranded_vehicle,True,1957,1.0888,CLEAR,True,21.14,track_circuit,5.18,0.577,4.044,True,reduce_speed,reduce_speed,False
165.6,18.19,clear,False,70.7,4,signal_cable_theft,False,1571,1.0468,OCCUPIED,True,23.71,axle_counter,6.59,5.485,18.118,True,reduce_speed,reduce_speed,False
72.1,10.24,clear,False,89.8,5,stranded_vehicle,False,732,0.9449,CLEAR,True,24.4,track_circuit,8.52,1.04,10.225,True,reduce_speed,reduce_speed,False
91.0,17.83,fog,False,63.4,7,water_logging,True,681,0.9503,CLEAR,True,6.05,accelerometer,11.76,1.822,17.813,True,reroute,reroute,False
94.9,14.47,rain,False,52.0,10,landslide_debris,False,1841,0.9449,CLEAR,True,12.63,accelerometer,9.15,2.342,14.421,True,emergency_stop,emergency_stop,False
96.5,4.41,clear,False,70.3,8,unknown_obstruction,True,234,,CLEAR,True,22.33,track_circuit,2.74,1.862,4.404,True,reduce_speed,reduce_speed,False
162.9,7.82,fog,False,38.9,3,water_logging,False,1869,,CLEAR,False,17.34,vibration,2.88,5.838,7.735,True,reduce_speed,reduce_speed,False
51.3,19.36,heavy_rain,False,51.5,5,fallen_tree,True,1370,,CLEAR,True,7.82,track_circuit,22.64,0.842,19.34,True,reduce_speed,reduce_speed,False
75.5,0.59,rain,False,65.3,8,landslide_debris,False,1625,,OCCUPIED,True,20.93,vibration,0.47,1.482,0.556,False,emergency_stop,emergency_stop,False
48.5,14.35,rain,False,47.8,4,signal_cable_theft,False,691,0.9982,CLEAR,False,14.56,track_circuit,17.75,0.612,14.341,True,reduce_speed,reduce_speed,False
165.6,19.58,clear,False,32.7,4,environmental_false_positive,True,1315,,OCCUPIED,False,18.38,track_circuit,7.09,5.485,19.52,True,reduce_speed,reduce_speed,False
197.5,2.26,heavy_rain,True,71.0,9,landslide_debris,False,685,,CLEAR,True,24.25,vibration,0.69,12.482,2.222,False,emergency_stop,emergency_stop,False
147.2,5.59,clear,False,58.1,6,boulder,True,83,1.0383,CLEAR,True,24.94,axle_counter,2.28,4.334,5.587,True,reduce_speed,reduce_speed,False
136.5,11.03,snow,False,57.3,7,boulder,False,937,,OCCUPIED,True,12.87,axle_counter,4.85,7.08,10.994,True,reduce_speed,reduce_speed,False
185.8,16.91,clear,False,99.8,10,broken_rail,False,1961,0.9822,CLEAR,True,4.34,axle_counter,5.46,6.904,16.809,True,emergency_stop,emergency_stop,False
84.5,10.23,rain,False,37.8,8,unknown_obstruction,False,523,0.9989,CLEAR,True,15.68,track_circuit,7.26,1.856,10.218,True,reduce_speed,reduce_speed,False
55.3,1.38,clear,False,40.8,6,water_logging,False,366,,CLEAR,True,16.27,track_circuit,1.5,0.612,1.374,True,reduce_speed,reduce_speed,False
124.0,2.72,clear,False,91.3,7,stranded_vehicle,False,1848,,CLEAR,True,14.52,axle_counter,1.32,3.075,2.656,False,emergency_stop,emergency_stop,False
85.4,7.64,heavy_rain,True,39.1,5,sensor_miscount,True,1825,0.9617,CLEAR,True,10.84,axle_counter,5.37,2.334,7.597,True,reduce_speed,reduce_speed,False
114.9,6.59,rain,False,94.2,5,sensor_miscount,False,1702,0.9572,OCCUPIED,False,14.75,track_circuit,3.44,3.433,6.536,True,reduce_speed,reduce_speed,False
115.7,4.55,rain,False,77.0,4,fallen_tree,False,1955,1.1117,CLEAR,True,13.58,track_circuit,2.36,3.48,4.487,True,reduce_speed,reduce_speed,False
94.4,16.83,flood,True,67.0,7,boulder,False,1983,,CLEAR,False,23.64,axle_counter,10.7,3.03,16.778,True,reduce_speed,reduce_speed,False
120.4,0.73,flood,True,49.5,8,stranded_vehicle,False,1841,1.0121,OCCUPIED,True,21.02,vibration,0.36,4.929,0.668,False,emergency_stop,emergency_stop,False
103.9,16.62,heavy_rain,True,55.2,2,environmental_false_positive,False,1931,,OCCUPIED,False,10.15,vibration,9.6,3.454,16.564,True,reduce_speed,reduce_speed,False
62.5,18.45,clear,False,87.8,4,sensor_miscount,True,1502,0.9873,CLEAR,False,14.49,axle_counter,17.71,0.781,18.424,True,proceed_with_caution,proceed_with_caution,False
179.3,12.68,rain,False,34.0,4,signal_cable_theft,True,663,,CLEAR,True,14.37,axle_counter,4.24,8.359,12.647,True,reduce_speed,reduce_speed,False
153.7,12.58,snow,True,83.8,1,environmental_false_positive,False,944,1.0302,OCCUPIED,True,13.01,axle_counter,4.91,8.977,12.54,True,reduce_speed,reduce_speed,False
51.4,3.15,clear,False,87.9,6,fallen_tree,False,792,0.9491,CLEAR,True,1.92,track_circuit,3.68,0.528,3.139,True,reduce_speed,reduce_speed,False
62.9,11.45,clear,False,79.4,5,stranded_vehicle,False,1044,0.9078,OCCUPIED,True,17.96,track_circuit,10.92,0.791,11.432,True,reduce_speed,reduce_speed,False
60.0,7.63,heavy_rain,False,33.8,10,landslide_debris,False,1412,,CLEAR,True,18.42,track_circuit,7.63,1.152,7.606,True,emergency_stop,emergency_stop,False
54.6,4.74,rain,False,82.0,1,environmental_false_positive,True,521,1.1037,CLEAR,True,12.36,vibration,5.21,0.775,4.732,True,proceed_with_caution,proceed_with_caution,False
54.2,11.75,rain,True,80.6,10,broken_rail,True,80,,OCCUPIED,False,22.59,track_circuit,13.01,0.764,11.749,True,emergency_stop,emergency_stop,False
69.4,0.22,flood,False,30.9,8,fallen_tree,True,1225,1.0078,CLEAR,True,24.61,axle_counter,0.19,1.638,0.196,False,reroute,reroute,False
176.4,5.67,rain,True,92.5,8,landslide_debris,True,1989,0.9205,OCCUPIED,True,20.42,axle_counter,1.93,8.09,5.573,False,reroute,reroute,False
173.4,13.19,clear,False,39.3,3,sensor_miscount,False,1731,,CLEAR,False,23.23,track_circuit,4.56,6.014,13.107,True,reduce_speed,proceed_with_caution,True
166.4,9.21,clear,False,97.3,2,sensor_miscount,False,71,0.9819,CLEAR,False,12.44,vibration,3.32,5.538,9.207,True,proceed_with_caution,proceed_with_caution,False
140.3,3.08,clear,False,35.0,4,signal_cable_theft,False,1218,0.9727,CLEAR,True,22.9,vibration,1.32,3.937,3.033,False,emergency_stop,emergency_stop,False
157.1,0.23,clear,True,46.7,7,track_buckling,True,1086,,CLEAR,True,23.41,track_circuit,0.09,4.936,0.183,False,reroute,reroute,False
159.5,5.55,heavy_rain,True,78.3,7,unknown_obstruction,False,879,,CLEAR,True,15.78,vibration,2.09,8.141,5.511,False,emergency_stop,emergency_stop,False
182.8,11.07,heavy_rain,False,39.6,2,sensor_miscount,False,1354,1.0265,OCCUPIED,True,4.19,axle_counter,3.63,10.693,11.001,True,reduce_speed,reduce_speed,False
158.5,10.78,clear,False,42.9,7,signal_cable_theft,True,882,0.9906,OCCUPIED,True,4.23,track_circuit,4.08,5.024,10.741,True,reduce_speed,reduce_speed,False
159.2,2.8,clear,True,30.8,5,signal_cable_theft,False,1833,0.827,CLEAR,False,12.07,vibration,1.06,5.069,2.719,False,emergency_stop,emergency_stop,False
169.6,12.35,snow,True,87.9,7,unknown_obstruction,False,1821,,CLEAR,True,18.52,vibration,4.37,10.93,12.264,True,reduce_speed,reduce_speed,False
131.2,19.98,clear,False,32.6,6,unknown_obstruction,True,1306,,CLEAR,True,12.78,track_circuit,9.14,3.443,19.932,True,reduce_speed,reduce_speed,False
78.0,11.78,rain,False,74.3,9,broken_rail,False,944,,CLEAR,True,20.1,accelerometer,9.06,1.582,11.76,True,emergency_stop,reroute,True
58.1,10.65,rain,False,70.8,7,water_logging,True,1214,0.9542,CLEAR,False,19.36,axle_counter,11.0,0.878,10.63,True,reroute,reroute,False
110.0,12.53,fog,True,65.8,5,stranded_vehicle,True,1805,1.0879,OCCUPIED,True,5.49,axle_counter,6.83,2.662,12.475,True,reduce_speed,reduce_speed,False
59.2,17.62,clear,True,56.3,1,environmental_false_positive,True,636,0.9975,CLEAR,True,3.75,track_circuit,17.86,0.701,17.61,True,reduce_speed,reduce_speed,False
71.2,18.93,fog,False,51.0,4,signal_cable_theft,True,1744,0.9087,OCCUPIED,True,17.79,track_circuit,15.95,1.115,18.896,True,reduce_speed,reduce_speed,False
48.7,1.01,clear,False,97.0,7,landslide_debris,False,1202,0.9878,OCCUPIED,True,8.35,axle_counter,1.24,0.474,0.994,True,reduce_speed,reduce_speed,False
91.5,4.26,rain,False,85.0,8,boulder,True,173,,CLEAR,True,23.32,axle_counter,2.79,2.177,4.256,True,reduce_speed,reduce_speed,False
195.3,2.49,clear,False,94.6,9,unknown_obstruction,False,1512,1.0216,CLEAR,True,21.78,axle_counter,0.76,7.628,2.408,False,emergency_stop,emergency_stop,False
103.7,15.49,rain,True,81.4,7,unknown_obstruction,False,444,0.9768,CLEAR,True,11.56,vibration,8.96,2.796,15.477,True,reduce_speed,reduce_speed,False
82.3,1.1,rain,True,88.0,6,equipment_failure_ahead,False,1055,,CLEAR,True,14.72,track_circuit,0.8,1.761,1.076,False,emergency_stop,emergency_stop,False
107.5,18.07,clear,False,97.5,7,water_logging,True,1904,0.9951,OCCUPIED,True,21.25,vibration,10.09,2.311,18.013,True,reroute,reroute,False
91.7,0.61,clear,True,61.8,1,environmental_false_positive,True,1571,,OCCUPIED,True,21.85,vibration,0.4,1.682,0.57,False,reroute,reroute,False
149.5,12.13,clear,False,93.5,4,environmental_false_positive,True,1414,,CLEAR,True,14.15,vibration,4.87,4.47,12.071,True,proceed_with_caution,proceed_with_caution,False
143.3,5.66,clear,False,33.0,7,fallen_tree,True,185,0.8824,CLEAR,False,24.31,vibration,2.37,4.107,5.653,True,reduce_speed,reduce_speed,False
49.2,9.52,clear,False,37.6,7,boulder,True,1726,,CLEAR,True,13.26,accelerometer,11.61,0.484,9.496,True,reduce_speed,reduce_speed,False
124.3,8.95,snow,True,64.3,7,equipment_failure_ahead,False,704,0.9832,OCCUPIED,True,1.51,track_circuit,4.32,5.871,8.926,True,reduce_speed,reduce_speed,False
50.6,15.03,clear,False,61.8,9,landslide_debris,False,147,,OCCUPIED,True,14.29,vibration,17.82,0.512,15.028,True,emergency_stop,emergency_stop,False
150.0,10.03,heavy_rain,False,60.7,9,broken_rail,True,1922,1.0447,CLEAR,True,19.54,accelerometer,4.01,7.2,9.95,True,emergency_stop,emergency_stop,False
190.1,8.54,flood,True,67.6,7,signal_cable_theft,True,422,0.8837,OCCUPIED,True,24.63,axle_counter,2.7,12.287,8.518,False,reroute,emergency_stop,True
185.7,14.66,clear,False,67.7,5,sensor_miscount,False,681,1.0036,CLEAR,True,3.08,track_circuit,4.74,6.897,14.625,True,reduce_speed,reduce_speed,False
76.9,18.53,fog,False,90.9,6,fallen_tree,False,327,,OCCUPIED,False,11.29,accelerometer,14.46,1.301,18.523,True,reduce_speed,reduce_speed,False
160.1,15.92,snow,True,54.2,4,sensor_miscount,False,1263,0.989,CLEAR,True,14.87,track_circuit,5.97,9.74,15.864,True,reduce_speed,reduce_speed,False
167.9,14.79,rain,False,52.1,7,track_buckling,False,1743,0.915,CLEAR,True,22.1,track_circuit,5.29,7.33,14.709,True,reduce_speed,reduce_speed,False
179.0,9.86,clear,False,79.1,4,environmental_false_positive,False,1064,,OCCUPIED,True,18.04,track_circuit,3.31,6.408,9.807,True,proceed_with_caution,proceed_with_caution,False
85.2,18.02,clear,False,75.4,10,track_buckling,True,1746,,CLEAR,True,6.17,axle_counter,12.69,1.452,17.979,True,emergency_stop,emergency_stop,False
114.9,9.83,clear,False,88.1,3,sensor_miscount,False,1877,,CLEAR,True,21.56,axle_counter,5.13,2.64,9.77,True,proceed_with_caution,reroute,True
79.3,18.62,rain,False,51.6,1,environmental_false_positive,True,1752,1.0223,CLEAR,False,16.77,axle_counter,14.09,1.635,18.581,True,reduce_speed,reduce_speed,False
48.8,16.1,flood,True,30.4,10,track_buckling,False,367,,OCCUPIED,False,22.43,accelerometer,19.8,0.81,16.095,True,emergency_stop,emergency_stop,False
147.1,3.18,flood,True,96.1,10,track_buckling,True,451,,CLEAR,False,20.94,axle_counter,1.3,7.357,3.162,False,reroute,reroute,False
111.9,1.13,clear,False,33.1,2,environmental_false_positive,False,634,1.0591,CLEAR,True,3.67,axle_counter,0.61,2.504,1.11,False,emergency_stop,emergency_stop,False
83.5,14.87,fog,False,77.6,8,landslide_debris,False,1295,0.9687,OCCUPIED,True,24.03,accelerometer,10.69,1.534,14.84,True,reduce_speed,reduce_speed,False
176.3,13.78,clear,False,52.5,7,track_buckling,False,1732,,CLEAR,True,11.63,vibration,4.69,6.216,13.695,True,reduce_speed,reduce_speed,False
121.8,12.12,snow,True,59.6,4,water_logging,True,660,0.9839,OCCUPIED,True,24.57,track_circuit,5.97,5.637,12.098,True,reduce_speed,reduce_speed,False
199.2,19.53,clear,False,88.7,7,unknown_obstruction,False,1349,,CLEAR,True,5.08,track_circuit,5.88,7.936,19.455,True,reduce_speed,reduce_speed,False
168.0,11.0,snow,False,59.4,4,cattle_crossing,False,415,0.9445,CLEAR,True,19.94,axle_counter,3.93,10.725,10.981,False,emergency_stop,emergency_stop,False
179.7,7.09,heavy_rain,True,40.1,7,water_logging,False,1109,,OCCUPIED,True,7.97,vibration,2.37,10.333,7.035,False,emergency_stop,emergency_stop,False
164.9,11.39,clear,False,82.8,7,equipment_failure_ahead,False,1571,0.9358,OCCUPIED,False,1.6,axle_counter,4.14,5.438,11.318,True,reduce_speed,reduce_speed,False
61.4,0.76,clear,False,31.4,1,cattle_crossing,False,820,1.0087,CLEAR,False,24.85,track_circuit,0.74,0.754,0.746,False,emergency_stop,emergency_stop,False
55.1,11.67,heavy_rain,False,49.2,3,water_logging,False,368,,CLEAR,False,7.94,vibration,12.71,0.972,11.664,True,reduce_speed,reduce_speed,False
186.8,18.07,clear,False,67.7,4,water_logging,True,852,0.9746,CLEAR,True,2.47,vibration,5.8,6.979,18.026,True,reduce_speed,reduce_speed,False
66.4,0.29,rain,False,60.6,6,fallen_tree,False,1536,0.9975,CLEAR,False,21.58,axle_counter,0.26,1.146,0.262,False,emergency_stop,emergency_stop,False
105.6,16.94,snow,False,73.4,7,fallen_tree,True,1874,1.0603,CLEAR,True,11.08,accelerometer,9.62,4.238,16.885,True,reduce_speed,reduce_speed,False
139.5,16.08,rain,False,56.7,2,sensor_miscount,False,1252,0.9674,CLEAR,True,14.62,vibration,6.92,5.06,16.031,True,reduce_speed,reduce_speed,False
77.8,2.3,clear,False,57.3,8,landslide_debris,True,1359,1.011,OCCUPIED,True,24.63,vibration,1.77,1.211,2.271,True,reroute,reroute,False
79.9,16.97,clear,False,54.4,5,sensor_miscount,False,868,,CLEAR,True,12.28,vibration,12.74,1.277,16.951,True,reduce_speed,reduce_speed,False
117.3,15.32,clear,False,92.1,8,track_buckling,True,1862,0.9274,CLEAR,True,2.14,vibration,7.84,2.752,15.259,True,reroute,reroute,False
100.9,9.92,flood,True,31.2,6,water_logging,False,1747,1.0314,CLEAR,False,17.43,axle_counter,5.9,3.461,9.871,True,reduce_speed,reduce_speed,False
149.9,5.06,clear,False,95.8,7,boulder,True,1946,1.0489,CLEAR,True,17.91,axle_counter,2.03,4.494,4.979,True,reduce_speed,reduce_speed,False
56.6,5.9,clear,False,55.1,2,cattle_crossing,False,1734,1.058,CLEAR,False,5.26,vibration,6.25,0.641,5.873,True,reduce_speed,reroute,True
120.8,12.32,clear,False,55.5,3,sensor_miscount,True,1117,,OCCUPIED,True,13.86,axle_counter,6.12,2.919,12.283,True,reduce_speed,reduce_speed,False
72.0,5.08,flood,True,80.8,8,stranded_vehicle,False,1923,0.9377,OCCUPIED,True,9.55,axle_counter,4.23,1.763,5.042,True,reduce_speed,reduce_speed,False
139.0,6.64,clear,False,57.2,8,boulder,True,1239,,OCCUPIED,False,1.72,track_circuit,2.87,3.864,6.592,True,reduce_speed,proceed_with_caution,True
63.0,18.63,heavy_rain,False,73.2,10,track_buckling,False,1223,0.9933,CLEAR,True,8.13,vibration,17.74,1.27,18.609,True,emergency_stop,emergency_stop,False
75.6,14.64,fog,False,93.3,2,environmental_false_positive,True,1330,1.0012,CLEAR,False,22.78,axle_counter,11.62,1.257,14.612,True,proceed_with_caution,proceed_with_caution,False
169.6,14.77,heavy_rain,False,89.2,4,fallen_tree,False,412,0.9786,OCCUPIED,True,7.86,track_circuit,5.23,9.205,14.751,True,reduce_speed,reduce_speed,False
81.5,19.13,flood,True,66.1,1,environmental_false_positive,True,1687,1.0111,OCCUPIED,True,5.97,track_circuit,14.08,2.258,19.092,True,reduce_speed,reduce_speed,False
159.2,0.31,heavy_rain,False,80.2,8,stranded_vehicle,True,757,0.8468,OCCUPIED,True,23.55,track_circuit,0.12,8.11,0.277,False,reroute,reroute,False
87.3,5.04,snow,False,57.5,9,track_buckling,True,1335,1.0395,CLEAR,True,9.87,accelerometer,3.46,2.896,5.008,True,emergency_stop,emergency_stop,False
81.4,13.23,clear,False,84.3,3,sensor_miscount,False,1697,1.0883,CLEAR,True,23.54,accelerometer,9.75,1.325,13.192,True,proceed_with_caution,proceed_with_caution,False
91.4,8.88,heavy_rain,True,41.9,4,cattle_crossing,True,273,0.9668,OCCUPIED,True,22.07,axle_counter,5.83,2.673,8.873,True,reduce_speed,reduce_speed,False
181.5,2.43,rain,False,33.2,8,landslide_debris,False,636,,CLEAR,True,12.03,axle_counter,0.8,8.565,2.398,False,emergency_stop,emergency_stop,False
106.6,15.67,rain,False,67.9,8,equipment_failure_ahead,True,1888,,CLEAR,True,9.93,vibration,8.82,2.955,15.614,True,reduce_speed,reduce_speed,False
82.8,1.13,snow,False,45.1,6,boulder,False,754,,CLEAR,False,3.87,axle_counter,0.82,2.605,1.113,False,emergency_stop,emergency_stop,False
128.2,10.97,flood,True,81.0,9,stranded_vehicle,True,1339,1.0183,CLEAR,False,5.17,accelerometer,5.13,5.588,10.922,True,emergency_stop,emergency_stop,False
104.8,11.34,fog,False,37.1,7,water_logging,True,1145,1.1105,CLEAR,True,6.19,track_circuit,6.49,2.416,11.307,True,reroute,reroute,False
167.5,12.79,rain,True,30.6,1,cattle_crossing,False,1747,,OCCUPIED,True,12.02,track_circuit,4.58,7.295,12.709,True,reduce_speed,reduce_speed,False
198.5,6.45,rain,False,77.3,3,environmental_false_positive,False,1045,,CLEAR,True,9.62,axle_counter,1.95,10.245,6.392,False,emergency_stop,emergency_stop,False
126.6,0.67,clear,False,65.1,9,landslide_debris,False,878,,CLEAR,True,20.11,track_circuit,0.32,3.206,0.639,False,emergency_stop,emergency_stop,False
115.0,17.8,clear,False,96.6,7,unknown_obstruction,False,82,1.0536,OCCUPIED,True,7.77,axle_counter,9.29,2.645,17.797,True,reduce_speed,reduce_speed,False
98.2,18.6,clear,False,47.3,6,signal_cable_theft,True,976,,CLEAR,False,10.9,vibration,11.36,1.929,18.573,True,reduce_speed,reduce_speed,False
195.9,9.74,clear,False,38.6,9,equipment_failure_ahead,False,1191,1.0424,CLEAR,True,3.51,track_circuit,2.98,7.675,9.675,True,emergency_stop,emergency_stop,False
119.9,0.61,clear,False,31.6,4,environmental_false_positive,False,1393,0.8427,CLEAR,True,7.14,axle_counter,0.31,2.875,0.564,False,emergency_stop,emergency_stop,False
72.6,11.7,heavy_rain,True,61.1,7,unknown_obstruction,False,1572,0.8828,CLEAR,True,19.68,vibration,9.67,1.687,11.668,True,reduce_speed,reduce_speed,False
195.2,6.46,clear,False,37.1,10,broken_rail,False,1564,1.1071,OCCUPIED,False,17.82,vibration,1.99,7.621,6.375,False,emergency_stop,emergency_stop,False
193.9,3.81,snow,True,84.3,7,stranded_vehicle,True,946,,CLEAR,True,10.35,axle_counter,1.18,14.287,3.759,False,reroute,reroute,False
112.5,3.55,rain,False,35.0,3,water_logging,False,203,,OCCUPIED,True,14.65,track_circuit,1.89,3.291,3.544,False,emergency_stop,proceed_with_caution,True
99.0,3.75,clear,False,94.5,6,signal_cable_theft,False,546,,OCCUPIED,True,11.73,axle_counter,2.27,1.96,3.735,True,reduce_speed,reduce_speed,False
150.5,6.75,clear,False,67.9,4,water_logging,True,844,0.9751,CLEAR,True,22.43,axle_counter,2.69,4.53,6.715,True,reduce_speed,reduce_speed,False
173.5,5.76,clear,False,78.7,3,sensor_miscount,True,1959,,CLEAR,True,10.17,vibration,1.99,6.02,5.666,False,reroute,reroute,False
122.3,16.76,flood,True,39.2,9,landslide_debris,False,1551,,CLEAR,True,18.19,axle_counter,8.22,5.085,16.707,True,emergency_stop,emergency_stop,False
96.3,10.01,clear,False,36.3,4,environmental_false_positive,True,1795,,OCCUPIED,True,5.85,track_circuit,6.24,1.855,9.962,True,reduce_speed,reduce_speed,False
91.7,8.67,rain,False,54.8,10,track_buckling,True,1985,1.0225,CLEAR,True,11.14,vibration,5.67,2.186,8.619,True,emergency_stop,emergency_stop,False
95.6,3.09,snow,True,66.4,6,equipment_failure_ahead,False,309,,OCCUPIED,False,13.47,axle_counter,1.94,3.473,3.082,False,emergency_stop,emergency_stop,False
63.3,17.54,flood,True,70.3,7,boulder,False,72,0.9686,OCCUPIED,True,3.06,track_circuit,16.63,1.362,17.539,True,reduce_speed,reduce_speed,False
165.7,1.29,clear,False,53.1,8,boulder,False,1169,,CLEAR,False,14.89,axle_counter,0.47,5.491,1.236,False,emergency_stop,reroute,True
61.3,4.94,clear,False,49.1,4,environmental_false_positive,False,566,1.057,CLEAR,True,14.58,accelerometer,4.84,0.752,4.93,True,reduce_speed,reduce_speed,False
106.7,12.51,clear,False,98.7,4,environmental_false_positive,True,1745,,CLEAR,False,4.39,vibration,7.03,2.277,12.458,True,proceed_with_caution,proceed_with_caution,False
174.4,14.11,clear,True,49.1,5,sensor_miscount,True,956,1.0983,CLEAR,True,24.97,track_circuit,4.85,6.083,14.064,True,reduce_speed,reduce_speed,False
107.6,16.06,clear,False,39.7,8,equipment_failure_ahead,True,68,1.07,CLEAR,True,2.77,vibration,8.96,2.316,16.058,True,reduce_speed,emergency_stop,True
90.7,8.32,rain,False,55.2,6,fallen_tree,True,484,1.0124,OCCUPIED,True,22.43,track_circuit,5.5,2.139,8.308,True,reduce_speed,reduce_speed,False
192.0,7.07,snow,True,51.3,1,environmental_false_positive,False,716,,CLEAR,True,12.54,axle_counter,2.21,14.008,7.032,False,emergency_stop,emergency_stop,False
64.6,5.91,rain,True,59.5,8,stranded_vehicle,True,102,1.0474,CLEAR,False,5.96,axle_counter,5.49,1.085,5.908,True,reroute,reroute,False
182.2,11.45,rain,False,73.7,1,cattle_crossing,True,669,1.032,CLEAR,True,3.26,track_circuit,3.77,8.631,11.416,True,proceed_with_caution,proceed_with_caution,False
54.6,7.1,clear,False,72.2,4,water_logging,False,1102,0.9837,CLEAR,True,17.64,track_circuit,7.8,0.596,7.083,True,reduce_speed,reduce_speed,False
109.1,6.7,heavy_rain,True,78.9,10,landslide_debris,False,1792,,CLEAR,True,18.98,accelerometer,3.68,3.809,6.646,True,emergency_stop,emergency_stop,False
142.9,0.53,rain,False,41.0,4,cattle_crossing,False,1316,0.8737,OCCUPIED,False,17.0,track_circuit,0.22,5.309,0.478,False,emergency_stop,emergency_stop,False
102.4,18.98,heavy_rain,True,33.2,5,sensor_miscount,False,231,0.9601,CLEAR,True,10.79,vibration,11.12,3.355,18.973,True,reduce_speed,reduce_speed,False
127.9,1.4,snow,True,85.4,8,boulder,False,861,1.0269,CLEAR,False,4.73,vibration,0.66,6.216,1.369,False,emergency_stop,emergency_stop,False
76.6,5.56,clear,False,45.2,8,unknown_obstruction,False,1549,,CLEAR,True,19.84,axle_counter,4.36,1.174,5.527,True,reduce_speed,reduce_speed,False
133.2,18.44,clear,False,52.1,1,cattle_crossing,False,771,1.042,CLEAR,False,21.85,track_circuit,8.31,3.548,18.411,True,reduce_speed,reduce_speed,False
65.9,14.76,clear,False,61.9,8,boulder,False,1148,,CLEAR,True,10.1,track_circuit,13.44,0.869,14.739,True,reduce_speed,reduce_speed,False
168.4,11.65,clear,False,80.1,6,signal_cable_theft,False,1972,0.9847,OCCUPIED,True,21.11,track_circuit,4.15,5.672,11.558,True,reduce_speed,reduce_speed,False
135.5,13.28,snow,True,41.5,9,track_buckling,True,318,,OCCUPIED,True,16.07,axle_counter,5.88,6.977,13.268,True,emergency_stop,emergency_stop,False
119.7,2.12,clear,False,93.2,8,landslide_debris,False,981,,CLEAR,False,13.41,accelerometer,1.06,2.866,2.087,False,emergency_stop,emergency_stop,False
53.5,16.21,heavy_rain,False,52.5,2,sensor_miscount,True,1239,0.9856,OCCUPIED,True,15.46,accelerometer,18.18,0.916,16.192,True,reduce_speed,reduce_speed,False
122.5,5.15,rain,False,98.8,7,boulder,True,1607,0.9682,OCCUPIED,True,3.14,track_circuit,2.52,3.902,5.095,True,reduce_speed,reduce_speed,False
132.4,19.13,clear,False,50.0,7,boulder,False,1682,,OCCUPIED,True,3.57,track_circuit,8.67,3.506,19.068,True,reduce_speed,reduce_speed,False
86.2,4.78,clear,False,80.8,3,sensor_miscount,True,610,1.0236,CLEAR,True,18.3,track_circuit,3.33,1.486,4.765,True,proceed_with_caution,proceed_with_caution,False
150.0,12.58,fog,True,56.4,8,landslide_debris,False,960,1.0058,OCCUPIED,True,24.26,accelerometer,5.03,4.95,12.54,True,reduce_speed,reduce_speed,False
56.9,11.0,fog,True,88.6,3,environmental_false_positive,False,1669,0.9826,CLEAR,True,12.94,track_circuit,11.6,0.712,10.974,True,reduce_speed,reduce_speed,False
77.3,3.03,clear,False,62.4,4,environmental_false_positive,True,1686,1.0038,CLEAR,True,1.82,track_circuit,2.35,1.195,2.994,True,proceed_with_caution,proceed_with_caution,False
159.3,7.39,clear,False,90.9,8,boulder,False,1657,0.9901,OCCUPIED,True,2.17,axle_counter,2.78,5.075,7.317,True,reduce_speed,reduce_speed,False
67.8,15.67,fog,False,82.8,1,cattle_crossing,False,1352,0.9981,OCCUPIED,True,11.95,axle_counter,13.87,1.011,15.645,True,proceed_with_caution,proceed_with_caution,False
83.1,4.41,clear,False,71.0,8,landslide_debris,False,572,1.0874,OCCUPIED,True,16.61,track_circuit,3.18,1.381,4.397,True,reduce_speed,reduce_speed,False
145.9,19.26,snow,False,47.5,4,signal_cable_theft,True,768,0.9279,CLEAR,True,4.29,vibration,7.92,8.089,19.229,True,reduce_speed,reduce_speed,False
158.0,6.05,clear,True,48.2,7,landslide_debris,False,1329,,OCCUPIED,True,1.31,track_circuit,2.3,4.993,5.992,True,reduce_speed,reduce_speed,False
53.0,12.61,clear,False,99.4,6,equipment_failure_ahead,True,546,,CLEAR,True,18.37,track_circuit,14.28,0.562,12.602,True,reduce_speed,reduce_speed,False
64.6,12.45,rain,False,94.8,8,track_buckling,False,1380,1.1173,CLEAR,True,4.08,track_circuit,11.56,1.085,12.425,True,reduce_speed,reduce_speed,False
114.1,9.52,rain,True,39.7,5,sensor_miscount,True,1054,1.0053,CLEAR,True,11.24,track_circuit,5.01,3.385,9.487,True,reduce_speed,reduce_speed,False
136.9,13.18,rain,True,44.3,8,boulder,True,913,0.9239,CLEAR,True,18.49,accelerometer,5.78,4.873,13.145,True,reduce_speed,reduce_speed,False
115.3,14.92,clear,True,37.5,9,track_buckling,True,743,,CLEAR,True,3.57,axle_counter,7.76,2.659,14.896,True,emergency_stop,emergency_stop,False
145.3,12.46,flood,True,44.1,4,water_logging,False,1559,0.9125,CLEAR,True,11.35,vibration,5.15,7.178,12.397,True,reduce_speed,reduce_speed,False
162.2,11.29,rain,False,50.3,4,cattle_crossing,False,958,0.962,CLEAR,True,3.23,track_circuit,4.18,6.84,11.247,True,reduce_speed,reduce_speed,False
192.2,12.21,rain,False,88.6,6,equipment_failure_ahead,False,648,,CLEAR,True,9.01,vibration,3.81,9.605,12.175,True,reduce_speed,reduce_speed,False
99.2,8.16,clear,True,36.7,7,landslide_debris,False,799,1.0817,CLEAR,False,22.85,accelerometer,4.94,1.968,8.138,True,reduce_speed,reduce_speed,False
70.3,1.6,clear,False,91.7,8,landslide_debris,True,994,1.0648,CLEAR,False,17.31,track_circuit,1.37,0.988,1.581,True,reroute,reroute,False
85.9,3.36,rain,True,98.0,8,stranded_vehicle,False,1254,0.9937,CLEAR,True,1.07,accelerometer,2.35,1.918,3.33,True,reduce_speed,reduce_speed,False
68.0,12.21,clear,False,49.7,5,stranded_vehicle,True,1981,,CLEAR,True,3.79,axle_counter,10.77,0.925,12.173,True,reduce_speed,reduce_speed,False
106.1,18.56,rain,True,61.9,6,unknown_obstruction,False,714,1.0485,CLEAR,True,7.7,vibration,10.5,2.927,18.539,True,reduce_speed,reduce_speed,False
180.2,0.71,clear,False,67.1,7,unknown_obstruction,False,398,1.135,CLEAR,True,22.44,track_circuit,0.24,6.494,0.69,False,emergency_stop,emergency_stop,False
98.8,10.97,flood,True,44.4,6,unknown_obstruction,True,1957,0.9638,CLEAR,True,18.8,axle_counter,6.66,3.319,10.916,True,reduce_speed,reduce_speed,False
68.1,5.19,rain,True,81.2,7,boulder,True,338,,CLEAR,False,15.63,axle_counter,4.57,1.206,5.184,True,reduce_speed,reduce_speed,False
126.0,11.32,snow,False,70.6,5,water_logging,False,1813,0.9345,CLEAR,True,4.24,accelerometer,5.39,6.033,11.257,True,reduce_speed,reduce_speed,False
198.8,15.04,rain,False,37.9,5,sensor_miscount,False,327,1.0708,CLEAR,True,23.26,accelerometer,4.54,10.276,15.022,True,reduce_speed,reduce_speed,False
74.2,14.76,clear,False,92.7,7,fallen_tree,False,759,0.9628,CLEAR,True,20.3,track_circuit,11.94,1.101,14.744,True,reduce_speed,reduce_speed,False
165.6,14.55,heavy_rain,False,51.2,5,signal_cable_theft,False,1997,,CLEAR,True,6.37,accelerometer,5.27,8.775,14.458,True,reduce_speed,reduce_speed,False
172.6,15.62,rain,False,40.9,7,track_buckling,False,373,0.9829,OCCUPIED,True,10.41,accelerometer,5.43,7.746,15.602,True,reduce_speed,reduce_speed,False
107.2,1.64,heavy_rain,False,98.7,5,fallen_tree,True,361,0.9534,CLEAR,False,11.0,axle_counter,0.92,3.677,1.629,False,reroute,reroute,False
141.0,10.29,clear,False,37.2,1,environmental_false_positive,False,1238,1.0256,CLEAR,True,14.89,track_circuit,4.38,3.976,10.242,True,reduce_speed,reduce_speed,False
112.0,5.38,rain,True,34.2,5,fallen_tree,False,421,,OCCUPIED,True,9.68,track_circuit,2.88,3.261,5.367,True,reduce_speed,reduce_speed,False
85.7,18.44,heavy_rain,False,46.6,8,equipment_failure_ahead,True,97,0.8733,OCCUPIED,True,5.65,track_circuit,12.91,2.35,18.438,True,reduce_speed,reduce_speed,False
111.0,15.7,rain,False,52.3,6,fallen_tree,False,1405,,OCCUPIED,False,16.84,track_circuit,8.49,3.203,15.657,True,reduce_speed,reduce_speed,False
59.8,2.33,clear,False,60.4,8,landslide_debris,True,1921,0.9348,OCCUPIED,True,17.1,accelerometer,2.34,0.715,2.298,True,reroute,reroute,False
154.6,5.02,fog,False,78.0,5,fallen_tree,False,1531,1.0543,CLEAR,True,11.34,track_circuit,1.95,5.258,4.954,False,emergency_stop,emergency_stop,False
173.5,9.21,fog,False,55.6,8,boulder,False,1931,,CLEAR,False,12.42,vibration,3.19,6.622,9.117,True,reduce_speed,reduce_speed,False
92.6,19.27,flood,True,69.2,3,cattle_crossing,False,1078,0.9895,CLEAR,False,1.74,axle_counter,12.49,2.915,19.242,True,reduce_speed,reduce_speed,False
132.8,2.37,clear,False,30.4,9,boulder,False,1248,0.9578,CLEAR,True,11.67,axle_counter,1.07,3.527,2.324,False,emergency_stop,emergency_stop,False
81.0,11.45,clear,False,56.9,6,signal_cable_theft,False,1967,0.9031,OCCUPIED,False,20.11,track_circuit,8.48,1.312,11.406,True,reduce_speed,reduce_speed,False
64.8,6.96,heavy_rain,False,96.1,8,unknown_obstruction,True,1032,1.1169,CLEAR,True,14.99,axle_counter,6.44,1.344,6.941,True,reduce_speed,reduce_speed,False
147.9,13.0,rain,False,84.2,8,stranded_vehicle,False,125,1.0791,CLEAR,True,23.06,axle_counter,5.27,5.687,12.995,True,reduce_speed,reduce_speed,False
65.8,13.04,fog,False,81.9,8,boulder,True,515,0.8813,CLEAR,True,18.05,axle_counter,11.89,0.953,13.031,True,reduce_speed,reduce_speed,False
166.2,4.96,rain,False,51.3,5,water_logging,False,1261,1.0393,OCCUPIED,True,19.55,track_circuit,1.79,7.182,4.902,False,emergency_stop,emergency_stop,False
87.1,15.76,clear,False,64.2,2,environmental_false_positive,False,1722,,CLEAR,False,11.73,vibration,10.86,1.517,15.718,True,proceed_with_caution,emergency_stop,True
171.9,2.01,fog,False,89.1,9,broken_rail,False,1233,,CLEAR,True,4.75,track_circuit,0.7,6.501,1.951,False,emergency_stop,emergency_stop,False
102.1,16.4,clear,False,91.6,8,boulder,True,841,0.9251,CLEAR,True,22.85,axle_counter,9.64,2.085,16.376,True,reduce_speed,reduce_speed,False
102.2,4.4,clear,False,79.7,1,cattle_crossing,True,676,,CLEAR,True,16.65,axle_counter,2.58,2.089,4.381,True,proceed_with_caution,proceed_with_caution,False
161.3,11.87,rain,False,62.0,4,cattle_crossing,False,1382,0.9973,CLEAR,True,22.78,track_circuit,4.42,6.765,11.808,True,proceed_with_caution,emergency_stop,True
124.1,7.08,fog,False,35.1,7,fallen_tree,True,1804,1.1137,CLEAR,False,15.63,vibration,3.42,3.388,7.018,True,reduce_speed,reduce_speed,False
76.2,12.27,snow,False,38.4,7,boulder,True,592,,OCCUPIED,False,11.63,track_circuit,9.66,2.206,12.257,True,reduce_speed,reduce_speed,False
176.8,5.49,clear,False,30.0,8,equipment_failure_ahead,True,1128,,CLEAR,True,3.8,accelerometer,1.86,6.252,5.435,False,reroute,reroute,False
97.7,11.47,clear,False,55.1,8,boulder,True,883,,OCCUPIED,True,10.24,accelerometer,7.04,1.909,11.446,True,reduce_speed,reduce_speed,False
60.9,0.36,flood,True,31.6,9,track_buckling,False,530,,CLEAR,True,15.14,track_circuit,0.35,1.261,0.351,False,emergency_stop,emergency_stop,False
109.5,7.61,clear,False,60.5,9,boulder,False,840,,CLEAR,False,23.3,track_circuit,4.17,2.398,7.584,True,emergency_stop,emergency_stop,False
134.0,16.56,clear,False,71.8,1,cattle_crossing,False,222,,CLEAR,True,20.82,track_circuit,7.41,3.591,16.552,True,proceed_with_caution,proceed_with_caution,False
139.5,9.37,clear,False,71.7,6,water_logging,False,1084,1.1083,CLEAR,True,13.07,accelerometer,4.03,3.892,9.328,True,reduce_speed,reduce_speed,False
174.5,10.09,rain,True,68.9,7,fallen_tree,True,258,,CLEAR,True,11.48,axle_counter,3.47,7.917,10.077,True,reduce_speed,reduce_speed,False
128.9,12.51,snow,True,45.8,7,water_logging,False,974,,CLEAR,False,1.32,track_circuit,5.82,6.314,12.475,True,reduce_speed,reduce_speed,False
79.7,8.8,fog,False,66.3,4,sensor_miscount,False,1800,1.0907,CLEAR,True,9.1,axle_counter,6.62,1.397,8.76,True,proceed_with_caution,proceed_with_caution,False
85.6,17.37,fog,False,98.6,4,fallen_tree,False,334,0.9537,CLEAR,False,24.54,track_circuit,12.18,1.612,17.362,True,reduce_speed,reduce_speed,False
60.6,8.19,clear,False,61.1,6,unknown_obstruction,False,538,,CLEAR,True,18.66,axle_counter,8.11,0.734,8.181,True,reduce_speed,reduce_speed,False
159.1,18.86,clear,False,91.2,5,fallen_tree,True,1456,0.924,CLEAR,True,13.36,axle_counter,7.11,5.063,18.796,True,reduce_speed,reduce_speed,False
61.4,17.56,rain,True,56.7,8,track_buckling,False,1819,0.9565,CLEAR,True,21.63,track_circuit,17.16,0.98,17.529,True,reduce_speed,reduce_speed,False
138.9,8.54,clear,False,73.6,7,equipment_failure_ahead,True,1914,1.0337,CLEAR,False,1.06,vibration,3.69,3.859,8.466,True,reduce_speed,reduce_speed,False
137.5,7.44,clear,False,63.7,4,environmental_false_positive,False,284,0.966,OCCUPIED,True,23.96,track_circuit,3.25,3.781,7.429,True,proceed_with_caution,proceed_with_caution,False
166.8,13.6,clear,False,78.2,7,stranded_vehicle,False,516,1.0002,CLEAR,False,17.64,axle_counter,4.89,5.564,13.576,True,reduce_speed,reduce_speed,False
56.6,15.16,clear,False,92.8,3,environmental_false_positive,True,1969,0.9637,CLEAR,True,0.83,axle_counter,16.07,0.641,15.129,True,proceed_with_caution,proceed_with_caution,False
76.5,3.88,rain,False,60.9,2,cattle_crossing,True,1036,0.9923,CLEAR,False,17.79,accelerometer,3.04,1.522,3.858,True,proceed_with_caution,proceed_with_caution,False
186.0,4.97,fog,True,83.0,8,stranded_vehicle,False,1675,0.996,CLEAR,True,2.54,axle_counter,1.6,7.611,4.883,False,emergency_stop,reduce_speed,True
133.7,3.1,clear,False,91.8,4,environmental_false_positive,True,78,,CLEAR,True,16.17,accelerometer,1.39,3.575,3.097,False,reroute,reroute,False
115.9,15.26,rain,False,85.3,3,sensor_miscount,True,276,1.0493,CLEAR,True,7.87,track_circuit,7.9,3.493,15.251,True,proceed_with_caution,proceed_with_caution,False
160.9,14.35,heavy_rain,True,31.7,4,fallen_tree,False,448,1.0828,CLEAR,False,5.7,accelerometer,5.35,8.284,14.33,True,reduce_speed,reduce_speed,False
184.9,3.94,fog,False,30.0,10,broken_rail,True,217,,CLEAR,True,15.89,track_circuit,1.28,7.521,3.929,False,reroute,reroute,False
85.8,10.83,heavy_rain,False,91.8,7,stranded_vehicle,True,1787,,OCCUPIED,True,11.13,vibration,7.57,2.356,10.787,True,reroute,reroute,False
184.7,15.33,clear,False,81.1,8,landslide_debris,True,1617,0.9142,CLEAR,True,2.08,track_circuit,4.98,6.823,15.247,True,reroute,reroute,False
61.8,18.95,heavy_rain,False,97.1,8,equipment_failure_ahead,False,811,0.8948,CLEAR,False,20.65,accelerometer,18.4,1.222,18.936,True,reduce_speed,reduce_speed,False
196.5,3.73,clear,False,50.5,1,cattle_crossing,False,202,1.0622,OCCUPIED,True,7.02,accelerometer,1.14,7.722,3.719,False,emergency_stop,emergency_stop,False
70.6,6.23,clear,False,85.2,9,broken_rail,False,257,1.1204,CLEAR,True,15.65,axle_counter,5.29,0.997,6.225,True,reduce_speed,reduce_speed,False
86.3,7.1,clear,False,86.1,9,broken_rail,False,561,,CLEAR,True,15.43,axle_counter,4.94,1.49,7.087,True,emergency_stop,emergency_stop,False
60.0,12.57,rain,True,90.0,3,cattle_crossing,True,1468,1.11,CLEAR,True,1.88,axle_counter,12.57,0.936,12.546,True,reduce_speed,reduce_speed,False
169.6,2.9,clear,False,78.4,6,fallen_tree,True,1613,0.9611,OCCUPIED,True,24.93,track_circuit,1.03,5.753,2.824,False,reroute,reroute,False
197.6,4.03,clear,False,39.7,7,equipment_failure_ahead,True,1102,,CLEAR,False,11.47,vibration,1.22,7.809,3.97,False,reroute,reroute,False
91.0,15.65,fog,False,77.7,7,signal_cable_theft,True,1820,,OCCUPIED,False,5.53,vibration,10.32,1.822,15.604,True,reduce_speed,reduce_speed,False
95.5,10.93,clear,False,72.3,3,sensor_miscount,True,1860,0.9452,OCCUPIED,True,11.2,axle_counter,6.87,1.824,10.881,True,proceed_with_caution,proceed_with_caution,False
88.2,3.38,clear,False,53.4,5,water_logging,True,1547,1.055,CLEAR,True,15.28,track_circuit,2.3,1.556,3.342,True,reduce_speed,reduce_speed,False
69.0,7.89,clear,False,44.6,7,fallen_tree,False,203,0.9791,CLEAR,True,0.57,accelerometer,6.86,0.952,7.886,True,reduce_speed,reduce_speed,False
167.1,2.86,clear,False,92.0,8,landslide_debris,True,1786,0.9568,CLEAR,False,7.85,track_circuit,1.03,5.584,2.777,False,reroute,proceed_with_caution,True
54.4,7.38,clear,True,39.9,6,stranded_vehicle,False,1822,0.9695,CLEAR,False,13.64,axle_counter,8.14,0.592,7.352,True,reduce_speed,reduce_speed,False
195.0,8.12,clear,False,59.6,9,boulder,False,1142,,CLEAR,True,17.51,track_circuit,2.5,7.605,8.058,True,emergency_stop,emergency_stop,False
188.7,2.42,clear,True,73.6,6,signal_cable_theft,False,1219,,CLEAR,False,8.18,track_circuit,0.77,7.122,2.356,False,emergency_stop,emergency_stop,False
63.4,1.38,fog,True,98.0,6,unknown_obstruction,False,1571,1.0136,CLEAR,True,10.4,track_circuit,1.31,0.884,1.352,True,reduce_speed,reduce_speed,False
127.1,17.66,snow,False,77.0,8,fallen_tree,False,1205,0.9911,OCCUPIED,False,5.92,track_circuit,8.34,6.139,17.617,True,reduce_speed,reduce_speed,False
198.9,17.78,rain,False,51.3,7,stranded_vehicle,True,721,0.9584,CLEAR,False,7.68,axle_counter,5.36,10.286,17.74,True,reroute,reroute,False
177.2,0.25,rain,False,34.2,4,sensor_miscount,False,1409,1.0187,CLEAR,True,17.34,axle_counter,0.08,8.164,0.181,False,emergency_stop,emergency_stop,False
155.8,12.9,heavy_rain,True,52.2,9,boulder,True,1581,1.053,OCCUPIED,False,8.76,vibration,4.97,7.768,12.832,True,emergency_stop,emergency_stop,False
48.5,2.05,flood,True,50.5,6,unknown_obstruction,False,326,0.9835,CLEAR,True,7.35,vibration,2.54,0.8,2.046,True,reduce_speed,proceed_with_caution,True
55.6,16.24,rain,False,87.3,7,stranded_vehicle,False,1376,1.0578,OCCUPIED,True,7.81,track_circuit,17.53,0.804,16.219,True,reduce_speed,reduce_speed,False
168.1,17.62,snow,True,56.4,6,boulder,False,388,1.0165,OCCUPIED,False,15.51,track_circuit,6.29,10.738,17.602,True,reduce_speed,reduce_speed,False
103.3,12.41,snow,False,36.9,7,boulder,True,1171,0.9944,CLEAR,True,14.24,axle_counter,7.21,4.055,12.376,True,reduce_speed,reduce_speed,False
148.6,12.34,heavy_rain,False,90.9,7,unknown_obstruction,False,260,,OCCUPIED,True,10.47,vibration,4.98,7.066,12.329,True,reduce_speed,reduce_speed,False
159.6,7.56,rain,False,31.3,5,fallen_tree,False,1985,0.9695,OCCUPIED,True,15.99,axle_counter,2.84,6.623,7.472,True,reduce_speed,reduce_speed,False
110.4,5.14,clear,False,30.2,6,signal_cable_theft,True,1352,0.9249,CLEAR,True,16.25,track_circuit,2.79,2.438,5.099,True,reduce_speed,reduce_speed,False
67.2,10.09,clear,False,63.2,6,boulder,True,966,0.9968,CLEAR,True,0.82,vibration,9.01,0.903,10.072,True,reduce_speed,reduce_speed,False
104.9,2.85,rain,False,34.8,9,track_buckling,True,1033,1.0021,CLEAR,False,8.81,track_circuit,1.63,2.861,2.82,False,reroute,reroute,False
180.0,13.51,rain,False,42.4,6,unknown_obstruction,False,1258,,OCCUPIED,False,6.49,axle_counter,4.5,8.424,13.447,True,reduce_speed,reduce_speed,False
96.3,9.51,clear,False,99.0,8,boulder,False,293,,CLEAR,False,20.81,track_circuit,5.93,1.855,9.502,True,reduce_speed,reduce_speed,False
54.7,3.72,rain,False,89.1,8,landslide_debris,True,1044,,CLEAR,True,7.25,vibration,4.08,0.778,3.704,True,reroute,reroute,False
193.7,11.85,rain,False,83.5,4,cattle_crossing,False,1446,0.9931,OCCUPIED,False,8.27,axle_counter,3.67,9.755,11.772,True,proceed_with_caution,proceed_with_caution,False
150.5,15.95,heavy_rain,False,77.0,3,environmental_false_positive,False,558,,OCCUPIED,True,13.68,vibration,6.36,7.248,15.927,True,proceed_with_caution,proceed_with_caution,False
128.8,11.86,clear,False,33.3,5,fallen_tree,True,985,1.0048,CLEAR,True,13.91,track_circuit,5.52,3.318,11.825,True,reduce_speed,reduce_speed,False
173.5,10.69,clear,False,88.5,8,boulder,False,694,,CLEAR,True,20.37,axle_counter,3.7,6.02,10.657,True,reduce_speed,reduce_speed,False
108.7,16.98,heavy_rain,True,63.0,7,equipment_failure_ahead,False,364,1.0032,OCCUPIED,True,10.0,track_circuit,9.37,3.781,16.969,True,reduce_speed,reduce_speed,False
197.7,0.41,heavy_rain,False,36.9,5,sensor_miscount,True,1959,0.9907,OCCUPIED,True,7.39,vibration,0.12,12.507,0.302,False,reroute,reroute,False
177.9,12.41,flood,True,51.1,2,environmental_false_positive,False,1206,,CLEAR,True,15.4,track_circuit,4.19,10.76,12.35,True,reduce_speed,reduce_speed,False
88.5,8.31,snow,False,65.1,3,sensor_miscount,True,815,0.9574,CLEAR,False,18.34,track_circuit,5.63,2.976,8.29,True,proceed_with_caution,proceed_with_caution,False
102.5,4.03,snow,True,31.0,3,sensor_miscount,True,709,,CLEAR,True,24.82,vibration,2.36,3.992,4.01,False,reroute,reroute,False
87.7,19.6,clear,False,47.7,5,water_logging,True,1375,,CLEAR,False,15.65,track_circuit,13.41,1.538,19.567,True,reduce_speed,reduce_speed,False
147.2,8.2,clear,False,53.5,5,fallen_tree,True,261,0.9109,OCCUPIED,True,12.52,track_circuit,3.34,4.334,8.189,True,reduce_speed,reduce_speed,False
144.1,6.84,clear,False,62.5,4,sensor_miscount,False,1156,0.9663,CLEAR,True,3.76,vibration,2.85,4.153,6.794,True,proceed_with_caution,proceed_with_caution,False
126.0,3.55,rain,False,30.1,5,sensor_miscount,True,499,,CLEAR,True,24.68,vibration,1.69,4.128,3.533,False,reroute,reroute,False
194.7,19.96,snow,True,69.6,8,equipment_failure_ahead,True,1786,1.0819,CLEAR,False,17.28,accelerometer,6.15,14.405,19.863,True,reduce_speed,reduce_speed,False
118.2,17.15,clear,False,43.8,3,cattle_crossing,False,1580,1.0151,CLEAR,True,4.54,track_circuit,8.71,2.794,17.098,True,reduce_speed,reduce_speed,False
166.5,1.59,rain,False,71.8,4,fallen_tree,True,1528,1.0258,CLEAR,True,11.76,axle_counter,0.57,7.208,1.519,False,reroute,reroute,False
147.0,11.4,clear,False,46.7,2,cattle_crossing,True,334,0.996,CLEAR,False,14.23,vibration,4.65,4.322,11.386,True,reduce_speed,reduce_speed,False
125.3,3.12,clear,True,58.2,10,broken_rail,True,207,0.9624,CLEAR,False,5.81,track_circuit,1.49,3.14,3.113,False,reroute,reroute,False
51.5,14.37,clear,False,73.7,7,water_logging,False,944,0.9733,CLEAR,False,18.45,vibration,16.74,0.53,14.356,True,reduce_speed,reduce_speed,False
146.9,9.78,clear,False,76.0,3,environmental_false_positive,True,743,1.0296,OCCUPIED,True,16.43,track_circuit,3.99,4.316,9.75,True,proceed_with_caution,proceed_with_caution,False
144.6,2.39,snow,False,32.1,8,broken_rail,True,1463,,CLEAR,True,6.23,accelerometer,0.99,7.945,2.331,False,reroute,emergency_stop,True
64.4,11.23,clear,False,67.5,9,landslide_debris,False,1438,1.0302,CLEAR,True,24.75,axle_counter,10.46,0.829,11.204,True,emergency_stop,emergency_stop,False
168.4,18.23,heavy_rain,False,87.2,2,cattle_crossing,True,824,1.0086,CLEAR,True,23.74,axle_counter,6.5,9.075,18.191,True,proceed_with_caution,proceed_with_caution,False
117.4,6.96,fog,False,44.4,6,signal_cable_theft,False,364,1.0177,OCCUPIED,True,7.01,axle_counter,3.56,3.032,6.948,True,reduce_speed,reduce_speed,False
95.2,1.21,clear,False,67.2,7,unknown_obstruction,False,682,1.0208,CLEAR,False,11.32,track_circuit,0.76,1.813,1.192,False,emergency_stop,emergency_stop,False
172.7,18.92,clear,False,61.3,3,water_logging,False,1032,0.9684,CLEAR,False,22.42,track_circuit,6.57,5.965,18.87,True,reduce_speed,reduce_speed,False
98.2,3.01,heavy_rain,True,89.5,3,cattle_crossing,True,544,,CLEAR,True,10.45,vibration,1.84,3.086,2.995,False,reroute,reroute,False
141.4,9.61,clear,False,60.7,2,cattle_crossing,False,669,1.0545,CLEAR,False,23.89,axle_counter,4.08,3.999,9.584,True,proceed_with_caution,proceed_with_caution,False
140.8,10.98,snow,True,96.1,3,cattle_crossing,True,519,1.1096,OCCUPIED,True,5.41,axle_counter,4.68,7.533,10.96,True,reduce_speed,reduce_speed,False
53.2,4.89,clear,False,75.7,7,landslide_debris,True,176,,CLEAR,True,18.24,track_circuit,5.52,0.566,4.887,True,reroute,reroute,False
110.5,3.71,fog,True,69.3,8,unknown_obstruction,False,1223,,CLEAR,True,15.19,vibration,2.01,2.686,3.672,True,reduce_speed,reduce_speed,False
79.5,2.44,heavy_rain,True,50.4,7,unknown_obstruction,True,1995,0.9545,OCCUPIED,True,8.98,track_circuit,1.84,2.022,2.396,True,reduce_speed,reduce_speed,False
75.9,1.59,clear,False,71.8,1,cattle_crossing,True,1907,,CLEAR,True,18.09,track_circuit,1.26,1.152,1.55,True,proceed_with_caution,proceed_with_caution,False
146.5,10.26,clear,False,39.2,4,cattle_crossing,False,1863,,CLEAR,False,1.09,accelerometer,4.2,4.292,10.184,True,reduce_speed,reduce_speed,False
46.8,16.87,flood,True,59.1,9,landslide_debris,True,1335,0.9313,CLEAR,True,6.16,axle_counter,21.63,0.745,16.853,True,emergency_stop,emergency_stop,False
195.2,2.71,clear,False,49.9,8,broken_rail,True,1508,0.9749,CLEAR,True,6.9,axle_counter,0.83,7.621,2.628,False,reroute,emergency_stop,True
106.3,14.07,clear,False,76.9,5,water_logging,False,175,1.0207,CLEAR,True,3.38,accelerometer,7.94,2.26,14.065,True,reduce_speed,reduce_speed,False
91.3,8.37,clear,False,83.5,4,sensor_miscount,True,442,1.0371,OCCUPIED,True,1.33,track_circuit,5.5,1.667,8.359,True,proceed_with_caution,proceed_with_caution,False
187.6,0.9,clear,False,95.0,9,landslide_debris,False,1427,0.978,CLEAR,True,9.15,accelerometer,0.29,7.039,0.826,False,emergency_stop,emergency_stop,False
120.4,10.81,heavy_rain,True,45.5,5,sensor_miscount,False,1978,0.9734,OCCUPIED,True,5.85,vibration,5.39,4.639,10.744,True,reduce_speed,reduce_speed,False
140.2,5.19,heavy_rain,True,91.9,7,fallen_tree,True,1821,0.9494,CLEAR,True,3.76,axle_counter,2.22,6.29,5.119,False,reroute,reroute,False
152.9,12.18,clear,False,89.2,7,signal_cable_theft,True,1280,1.0304,OCCUPIED,False,4.35,track_circuit,4.78,4.676,12.126,True,reduce_speed,reduce_speed,False
180.1,7.12,heavy_rain,True,90.4,4,signal_cable_theft,True,262,1.0264,CLEAR,False,20.74,track_circuit,2.37,10.38,7.107,False,reroute,reroute,False
65.1,13.4,clear,True,81.8,9,track_buckling,True,1934,,OCCUPIED,True,2.83,axle_counter,12.35,0.848,13.365,True,emergency_stop,emergency_stop,False
57.7,18.39,clear,False,48.7,7,water_logging,True,670,,CLEAR,False,18.26,track_circuit,19.12,0.666,18.379,True,reroute,reroute,False
199.0,5.04,rain,False,91.5,4,environmental_false_positive,False,133,0.9213,CLEAR,True,1.82,track_circuit,1.52,10.296,5.033,False,emergency_stop,emergency_stop,False
46.4,18.81,flood,True,72.0,8,broken_rail,True,1548,,OCCUPIED,True,1.5,axle_counter,24.32,0.732,18.79,True,reroute,reroute,False
154.8,4.25,clear,False,81.8,9,landslide_debris,False,388,,CLEAR,True,11.33,vibration,1.65,4.793,4.233,False,emergency_stop,emergency_stop,False
139.7,1.6,clear,False,44.4,3,water_logging,True,638,0.8959,CLEAR,True,9.86,track_circuit,0.69,3.903,1.575,False,reroute,reroute,False
130.6,4.02,rain,False,41.0,7,fallen_tree,True,1371,,CLEAR,False,13.87,vibration,1.85,4.435,3.97,False,reroute,reroute,False
166.8,16.34,heavy_rain,True,49.4,7,signal_cable_theft,True,1933,,CLEAR,False,17.71,accelerometer,5.88,8.903,16.25,True,reduce_speed,reduce_speed,False
198.8,13.62,clear,False,65.8,10,broken_rail,True,1819,1.1202,CLEAR,False,8.09,vibration,4.11,7.904,13.52,True,emergency_stop,emergency_stop,False
52.3,19.42,clear,False,59.2,10,landslide_debris,False,369,,CLEAR,True,5.26,vibration,22.28,0.547,19.415,True,emergency_stop,emergency_stop,False
140.3,14.25,fog,False,92.1,10,broken_rail,False,392,0.9927,CLEAR,True,20.64,vibration,6.09,4.33,14.235,True,emergency_stop,emergency_stop,False
156.1,8.37,clear,False,30.9,2,sensor_miscount,False,1628,1.1013,CLEAR,True,4.55,track_circuit,3.22,4.873,8.299,True,reduce_speed,reduce_speed,False
92.4,17.87,clear,False,35.6,3,sensor_miscount,True,668,0.9647,CLEAR,True,20.06,track_circuit,11.6,1.708,17.853,True,reduce_speed,reduce_speed,False
183.4,19.17,clear,False,52.8,9,landslide_debris,True,202,,CLEAR,False,14.89,accelerometer,6.27,6.727,19.16,True,emergency_stop,emergency_stop,False
115.8,15.87,clear,False,41.7,4,fallen_tree,False,1197,,CLEAR,False,7.59,vibration,8.22,2.682,15.831,True,reduce_speed,reduce_speed,False
70.5,11.22,rain,False,58.5,5,water_logging,False,1331,0.9867,OCCUPIED,False,8.2,vibration,9.55,1.292,11.194,True,reduce_speed,reduce_speed,False
177.4,16.55,heavy_rain,False,80.2,7,boulder,True,2000,1.0271,CLEAR,False,9.58,accelerometer,5.6,10.071,16.451,True,reduce_speed,reduce_speed,False
191.2,3.75,rain,False,99.5,3,water_logging,True,998,0.9911,CLEAR,True,14.98,track_circuit,1.18,9.505,3.697,False,reroute,reroute,False
60.4,18.03,fog,False,44.1,9,landslide_debris,False,1610,,CLEAR,False,24.5,track_circuit,17.91,0.803,18.003,True,emergency_stop,emergency_stop,False
161.5,19.99,flood,True,48.6,9,boulder,True,1092,,CLEAR,False,8.3,axle_counter,7.43,8.868,19.941,True,emergency_stop,proceed_with_caution,True
78.3,13.37,clear,False,83.8,5,signal_cable_theft,False,1851,,CLEAR,True,23.58,track_circuit,10.25,1.226,13.33,True,reduce_speed,reduce_speed,False
46.0,4.08,clear,False,49.0,4,fallen_tree,True,1000,0.9848,OCCUPIED,True,5.53,axle_counter,5.32,0.423,4.067,True,reduce_speed,reduce_speed,False
85.4,3.06,snow,False,79.3,4,sensor_miscount,False,1366,,OCCUPIED,True,3.27,vibration,2.15,2.771,3.028,False,emergency_stop,emergency_stop,False
177.5,19.2,clear,False,70.8,8,landslide_debris,False,1929,,CLEAR,True,13.54,axle_counter,6.49,6.301,19.105,True,reduce_speed,reduce_speed,False
66.9,17.45,fog,False,89.8,1,cattle_crossing,False,1761,0.9732,CLEAR,True,24.42,track_circuit,15.65,0.985,17.417,True,proceed_with_caution,proceed_with_caution,False
65.3,15.02,fog,False,32.3,3,water_logging,True,832,,CLEAR,False,12.38,vibration,13.8,0.938,15.005,True,reduce_speed,reduce_speed,False
159.6,18.99,clear,False,98.6,2,environmental_false_positive,False,1039,,OCCUPIED,False,20.1,track_circuit,7.14,5.094,18.944,True,proceed_with_caution,proceed_with_caution,False
108.0,10.17,rain,False,97.5,1,environmental_false_positive,False,1206,,CLEAR,False,12.08,accelerometer,5.65,3.033,10.134,True,proceed_with_caution,proceed_with_caution,False
68.0,17.78,clear,False,31.6,6,stranded_vehicle,True,292,0.9918,CLEAR,True,21.33,track_circuit,15.69,0.925,17.774,True,reduce_speed,reduce_speed,False
80.7,3.42,clear,False,65.0,6,signal_cable_theft,False,505,1.0193,OCCUPIED,True,20.41,accelerometer,2.54,1.302,3.409,True,reduce_speed,reduce_speed,False
168.2,3.82,rain,False,58.1,7,track_buckling,True,1434,0.9926,CLEAR,True,17.31,axle_counter,1.36,7.356,3.753,False,reroute,reroute,False
141.6,10.34,clear,False,47.8,9,broken_rail,False,189,0.9408,CLEAR,True,15.58,axle_counter,4.38,4.01,10.333,True,emergency_stop,emergency_stop,False
162.9,6.78,heavy_rain,True,98.4,10,landslide_debris,False,1223,1.0959,CLEAR,True,13.19,axle_counter,2.5,8.492,6.725,False,emergency_stop,emergency_stop,False
60.2,8.76,snow,False,42.2,6,water_logging,False,995,,CLEAR,False,23.94,track_circuit,8.73,1.377,8.743,True,reduce_speed,reduce_speed,False
116.0,16.0,heavy_rain,True,48.4,7,track_buckling,False,996,,CLEAR,False,14.16,axle_counter,8.28,4.306,15.968,True,reduce_speed,reduce_speed,False
168.6,1.26,clear,False,30.6,9,unknown_obstruction,True,1700,0.9486,CLEAR,False,8.76,vibration,0.45,5.685,1.18,False,reroute,reroute,False
86.2,14.47,clear,False,70.6,4,water_logging,False,586,1.0241,OCCUPIED,True,22.11,vibration,10.07,1.486,14.456,True,reduce_speed,reduce_speed,False
71.2,1.95,clear,False,90.3,8,broken_rail,False,1592,0.9713,CLEAR,True,16.67,track_circuit,1.64,1.014,1.919,True,reduce_speed,reduce_speed,False
104.2,16.98,clear,False,73.5,9,stranded_vehicle,True,1579,1.0909,OCCUPIED,True,14.18,vibration,9.78,2.172,16.934,True,emergency_stop,emergency_stop,False
96.7,4.2,snow,True,75.6,7,fallen_tree,False,1986,1.032,CLEAR,True,17.21,accelerometer,2.61,3.553,4.147,True,reduce_speed,reduce_speed,False
73.7,14.75,clear,False,34.6,8,track_buckling,True,1650,0.9834,CLEAR,False,9.05,vibration,12.01,1.086,14.716,True,reroute,reroute,False
192.9,11.92,clear,False,80.0,8,unknown_obstruction,True,1039,,CLEAR,True,10.81,axle_counter,3.71,7.442,11.864,True,reduce_speed,reduce_speed,False
119.9,7.84,heavy_rain,False,58.6,3,environmental_false_positive,False,760,0.9934,CLEAR,True,5.29,track_circuit,3.92,4.6,7.815,True,reduce_speed,reduce_speed,False
139.3,5.5,clear,False,63.2,7,boulder,True,1573,1.0312,CLEAR,False,21.45,accelerometer,2.37,3.881,5.439,True,reduce_speed,reduce_speed,False
63.8,1.34,clear,False,71.0,4,sensor_miscount,True,1860,,OCCUPIED,True,16.81,track_circuit,1.26,0.814,1.307,True,proceed_with_caution,proceed_with_caution,False
139.6,7.2,clear,False,98.3,7,water_logging,True,597,,CLEAR,True,20.69,track_circuit,3.09,3.898,7.177,True,reroute,reroute,False
131.1,4.17,rain,False,82.4,9,landslide_debris,False,771,0.9388,CLEAR,False,8.28,vibration,1.91,4.469,4.142,False,emergency_stop,emergency_stop,False
189.4,2.89,heavy_rain,True,77.9,1,cattle_crossing,True,1019,,CLEAR,True,24.89,track_circuit,0.92,11.479,2.836,False,reroute,reroute,False
108.9,14.82,clear,False,60.2,6,boulder,True,259,,OCCUPIED,True,9.25,vibration,8.17,2.372,14.812,True,reduce_speed,reduce_speed,False
166.2,4.41,snow,True,32.4,9,track_buckling,True,663,,CLEAR,True,9.17,track_circuit,1.59,10.497,4.379,False,reroute,reroute,False
92.1,4.62,heavy_rain,False,67.7,4,sensor_miscount,True,374,0.9355,OCCUPIED,True,24.04,vibration,3.01,2.714,4.61,True,proceed_with_caution,proceed_with_caution,False
134.7,6.94,heavy_rain,False,76.3,8,fallen_tree,True,1556,0.9794,CLEAR,True,16.55,accelerometer,3.09,5.806,6.882,True,reduce_speed,reduce_speed,False
188.7,9.36,clear,False,79.3,9,unknown_obstruction,False,1014,,OCCUPIED,True,23.37,accelerometer,2.98,7.122,9.307,True,emergency_stop,emergency_stop,False
141.9,10.37,clear,False,72.6,4,signal_cable_theft,False,1228,,CLEAR,True,15.77,accelerometer,4.38,4.027,10.322,True,reduce_speed,reduce_speed,False
155.2,13.36,heavy_rain,True,51.0,2,environmental_false_positive,False,205,0.9775,CLEAR,True,6.54,accelerometer,5.16,7.708,13.351,True,reduce_speed,reduce_speed,False
180.8,11.85,clear,False,45.5,10,broken_rail,False,1168,1.0507,CLEAR,True,10.07,track_circuit,3.93,6.538,11.791,True,emergency_stop,emergency_stop,False
188.4,9.74,rain,False,36.3,2,environmental_false_positive,True,1451,,CLEAR,True,21.54,accelerometer,3.1,9.229,9.664,True,reduce_speed,reduce_speed,False
77.3,8.0,fog,False,79.2,6,stranded_vehicle,True,1394,1.0395,OCCUPIED,True,12.49,accelerometer,6.21,1.315,7.97,True,reduce_speed,reduce_speed,False
75.4,5.46,clear,True,98.0,4,cattle_crossing,False,1601,,CLEAR,True,17.87,axle_counter,4.34,1.137,5.426,True,reduce_speed,reduce_speed,False
130.3,14.26,heavy_rain,True,66.8,2,cattle_crossing,True,272,,CLEAR,False,4.58,axle_counter,6.57,5.433,14.25,True,reduce_speed,reduce_speed,False
199.3,6.49,snow,False,77.1,8,unknown_obstruction,False,1122,,CLEAR,True,10.29,track_circuit,1.95,15.094,6.428,False,emergency_stop,emergency_stop,False
121.0,17.02,fog,False,78.5,6,boulder,True,990,0.9045,CLEAR,True,21.07,axle_counter,8.44,3.221,16.987,True,reduce_speed,reduce_speed,False
96.3,11.81,clear,False,41.3,3,cattle_crossing,False,1792,0.9866,CLEAR,True,23.55,vibration,7.36,1.855,11.762,True,reduce_speed,reroute,True
128.3,12.75,snow,True,43.4,5,sensor_miscount,True,1397,0.9745,CLEAR,True,8.45,axle_counter,5.96,6.255,12.7,True,reduce_speed,reduce_speed,False
55.0,10.27,rain,True,44.6,5,stranded_vehicle,False,1911,0.9683,CLEAR,True,4.73,axle_counter,11.2,0.787,10.241,True,reduce_speed,reduce_speed,False
72.5,18.59,fog,False,95.3,4,environmental_false_positive,False,99,,CLEAR,True,1.07,axle_counter,15.38,1.156,18.588,True,proceed_with_caution,proceed_with_caution,False
68.1,8.55,heavy_rain,True,31.1,5,stranded_vehicle,True,923,,OCCUPIED,True,3.62,track_circuit,7.53,1.484,8.533,True,reduce_speed,reduce_speed,False
49.3,8.65,fog,False,67.9,6,boulder,True,1422,,CLEAR,True,20.97,accelerometer,10.53,0.535,8.631,True,reduce_speed,reduce_speed,False
156.9,17.88,clear,False,56.4,8,broken_rail,True,223,0.9708,CLEAR,True,11.66,track_circuit,6.84,4.924,17.87,True,reroute,reroute,False
95.4,12.18,clear,False,76.2,5,water_logging,True,1320,0.9981,CLEAR,True,7.64,track_circuit,7.66,1.82,12.145,True,reduce_speed,reduce_speed,False
71.1,9.09,clear,False,45.4,8,landslide_debris,False,501,1.0219,CLEAR,True,19.5,track_circuit,7.67,1.011,9.08,True,reduce_speed,reduce_speed,False
124.4,5.39,rain,False,97.3,10,landslide_debris,False,195,0.9193,CLEAR,True,19.94,accelerometer,2.6,4.024,5.383,True,emergency_stop,emergency_stop,False
95.1,5.05,rain,False,53.2,9,track_buckling,False,1333,,CLEAR,True,9.37,accelerometer,3.19,2.351,5.015,True,emergency_stop,emergency_stop,False
105.9,16.07,rain,False,94.8,3,sensor_miscount,False,881,,CLEAR,True,22.58,track_circuit,9.1,2.916,16.044,True,proceed_with_caution,proceed_with_caution,False
93.9,5.73,clear,False,71.2,6,unknown_obstruction,False,841,1.0251,CLEAR,False,11.85,track_circuit,3.66,1.763,5.708,True,reduce_speed,reduce_speed,False
45.6,0.31,heavy_rain,True,59.0,2,cattle_crossing,True,685,1.008,CLEAR,True,6.9,axle_counter,0.41,0.665,0.301,False,reroute,reroute,False
151.7,0.59,snow,True,81.4,9,boulder,False,1386,,OCCUPIED,True,22.54,track_circuit,0.23,8.745,0.532,False,emergency_stop,emergency_stop,False
62.2,19.57,clear,False,68.7,3,cattle_crossing,False,1257,,OCCUPIED,True,4.25,vibration,18.88,0.774,19.548,True,proceed_with_caution,proceed_with_caution,False
79.0,11.28,fog,False,39.7,3,environmental_false_positive,True,1350,,CLEAR,True,24.9,track_circuit,8.57,1.373,11.25,True,reduce_speed,reduce_speed,False
74.5,9.88,fog,False,79.3,4,sensor_miscount,False,1586,1.0687,CLEAR,True,15.52,axle_counter,7.96,1.221,9.847,True,proceed_with_caution,proceed_with_caution,False
96.4,18.37,rain,False,70.6,4,fallen_tree,False,1231,,OCCUPIED,False,22.93,track_circuit,11.43,2.416,18.337,True,reduce_speed,reduce_speed,False
69.8,7.16,clear,False,69.6,8,boulder,True,196,0.9725,CLEAR,True,4.88,axle_counter,6.15,0.974,7.156,True,reduce_speed,reduce_speed,False
98.8,15.94,heavy_rain,True,81.7,8,unknown_obstruction,False,357,1.0378,CLEAR,True,10.03,axle_counter,9.68,3.124,15.93,True,reduce_speed,reduce_speed,False
82.7,14.49,flood,True,75.7,4,environmental_false_positive,True,1984,0.9668,CLEAR,False,21.89,track_circuit,10.51,2.325,14.444,True,reduce_speed,reduce_speed,False
54.5,9.65,fog,False,55.6,9,landslide_debris,True,607,,CLEAR,True,21.01,track_circuit,10.62,0.653,9.641,True,emergency_stop,emergency_stop,False
179.9,15.54,snow,True,52.3,3,environmental_false_positive,True,884,,CLEAR,True,21.86,track_circuit,5.18,12.298,15.496,True,reduce_speed,reduce_speed,False
92.4,19.32,flood,False,47.6,10,landslide_debris,False,787,,CLEAR,False,7.37,track_circuit,12.55,2.903,19.3,True,emergency_stop,emergency_stop,False
59.8,4.17,clear,False,70.3,9,landslide_debris,True,1981,1.0733,CLEAR,True,15.63,accelerometer,4.18,0.715,4.137,True,emergency_stop,emergency_stop,False
125.8,0.55,rain,False,51.0,5,sensor_miscount,True,1658,0.972,CLEAR,True,10.05,track_circuit,0.26,4.115,0.492,False,reroute,reroute,False
64.1,16.46,rain,False,38.4,4,cattle_crossing,True,993,,OCCUPIED,False,8.36,track_circuit,15.41,1.068,16.442,True,reduce_speed,reduce_speed,False
164.8,8.19,flood,True,84.8,5,water_logging,True,1381,0.9997,CLEAR,True,13.24,track_circuit,2.98,9.234,8.127,False,reroute,reroute,False
54.5,10.98,clear,False,44.6,8,unknown_obstruction,False,1126,,OCCUPIED,False,18.02,vibration,12.09,0.594,10.963,True,reduce_speed,reduce_speed,False
117.0,4.6,clear,False,41.5,4,environmental_false_positive,False,1308,1.0192,OCCUPIED,True,13.2,accelerometer,2.36,2.738,4.557,True,reduce_speed,reduce_speed,False
191.3,16.87,snow,False,89.4,7,landslide_debris,True,1911,1.0323,CLEAR,True,6.15,vibration,5.29,13.906,16.768,True,reroute,reroute,False
69.6,14.48,clear,False,79.1,8,broken_rail,True,1361,0.9668,CLEAR,True,20.28,axle_counter,12.48,0.969,14.454,True,reroute,reroute,False
76.2,19.08,heavy_rain,False,83.6,1,environmental_false_positive,True,270,1.0681,CLEAR,False,24.46,vibration,15.02,1.858,19.074,True,proceed_with_caution,proceed_with_caution,False
138.1,9.61,clear,False,54.5,2,cattle_crossing,False,1031,,CLEAR,True,9.39,axle_counter,4.18,3.814,9.57,True,reduce_speed,reduce_speed,False
196.9,19.54,flood,True,73.2,5,equipment_failure_ahead,False,1649,0.9531,OCCUPIED,True,21.31,accelerometer,5.95,13.182,19.45,True,reduce_speed,reduce_speed,False
104.8,10.31,snow,False,95.3,4,sensor_miscount,True,127,1.0023,CLEAR,True,21.66,vibration,5.9,4.174,10.306,True,proceed_with_caution,proceed_with_caution,False
145.5,12.5,clear,False,49.8,6,boulder,True,746,0.9582,CLEAR,True,6.88,track_circuit,5.15,4.234,12.47,True,reduce_speed,reduce_speed,False
68.6,13.55,heavy_rain,True,34.8,10,track_buckling,True,442,0.9814,CLEAR,True,17.78,axle_counter,11.85,1.506,13.542,True,emergency_stop,emergency_stop,False
144.4,9.9,clear,False,42.0,2,environmental_false_positive,False,1456,0.9411,CLEAR,False,23.49,track_circuit,4.11,4.17,9.842,True,reduce_speed,reduce_speed,False
84.2,11.34,rain,False,92.8,8,equipment_failure_ahead,True,323,0.9875,CLEAR,True,18.63,track_circuit,8.08,1.843,11.332,True,reduce_speed,reduce_speed,False
140.1,4.62,fog,False,49.7,7,landslide_debris,False,1267,1.0278,OCCUPIED,True,1.24,vibration,1.98,4.318,4.571,False,emergency_stop,emergency_stop,False
58.7,7.37,heavy_rain,True,64.4,8,boulder,False,174,0.9679,OCCUPIED,True,15.31,track_circuit,7.53,1.103,7.367,True,reduce_speed,reduce_speed,False
126.4,14.1,clear,False,67.4,5,sensor_miscount,True,1852,0.9473,CLEAR,True,19.57,vibration,6.69,3.195,14.035,True,reduce_speed,reduce_speed,False
81.8,0.97,clear,False,97.2,7,landslide_debris,True,673,0.9723,CLEAR,True,15.64,accelerometer,0.71,1.338,0.955,False,reroute,reroute,False
150.7,14.07,fog,False,51.1,9,landslide_debris,False,845,1.0662,OCCUPIED,True,1.2,axle_counter,5.6,4.996,14.035,True,emergency_stop,emergency_stop,False
160.9,6.21,rain,False,66.5,6,unknown_obstruction,True,1586,,CLEAR,False,3.44,track_circuit,2.32,6.731,6.139,False,reroute,reroute,False
176.5,5.58,rain,False,97.1,1,environmental_false_positive,False,790,,CLEAR,True,20.14,axle_counter,1.9,8.1,5.541,False,emergency_stop,emergency_stop,False
198.8,13.93,clear,False,44.1,8,unknown_obstruction,False,274,,CLEAR,True,12.46,vibration,4.2,7.904,13.915,True,reduce_speed,reduce_speed,False
116.2,4.46,clear,False,71.9,6,signal_cable_theft,True,1815,0.9989,CLEAR,True,23.97,track_circuit,2.3,2.7,4.401,True,reduce_speed,reduce_speed,False
148.9,19.24,heavy_rain,False,34.5,5,fallen_tree,False,267,1.077,CLEAR,True,10.67,track_circuit,7.75,7.095,19.229,True,reduce_speed,reduce_speed,False
47.9,19.82,clear,False,48.4,6,unknown_obstruction,True,1019,1.0115,CLEAR,False,20.63,axle_counter,24.83,0.459,19.806,True,reduce_speed,reduce_speed,False
185.3,9.27,clear,False,34.8,8,fallen_tree,True,292,0.9879,CLEAR,True,1.37,accelerometer,3.0,6.867,9.255,True,reduce_speed,reduce_speed,False
140.4,8.15,snow,False,53.1,7,fallen_tree,False,1411,,CLEAR,True,21.1,track_circuit,3.48,7.491,8.095,True,reduce_speed,reduce_speed,False
110.3,1.76,clear,False,44.5,7,unknown_obstruction,False,576,0.9446,CLEAR,False,21.55,track_circuit,0.96,2.433,1.742,False,emergency_stop,emergency_stop,False
112.3,15.61,fog,True,85.9,4,sensor_miscount,True,1868,,CLEAR,True,9.37,accelerometer,8.34,2.774,15.552,True,reduce_speed,reduce_speed,False
162.5,3.42,clear,False,62.4,6,unknown_obstruction,False,444,,CLEAR,True,8.08,track_circuit,1.26,5.281,3.4,False,emergency_stop,emergency_stop,False
174.2,18.67,heavy_rain,False,58.4,6,boulder,True,1356,1.04,OCCUPIED,True,22.79,track_circuit,6.43,9.711,18.604,True,reduce_speed,reduce_speed,False
170.2,19.81,fog,True,78.5,7,equipment_failure_ahead,False,77,0.9542,CLEAR,True,19.55,axle_counter,6.98,6.373,19.806,True,reduce_speed,reduce_speed,False
124.1,2.62,snow,False,96.3,10,broken_rail,True,270,,CLEAR,True,15.15,track_circuit,1.27,5.852,2.611,False,reroute,reroute,False
102.5,13.72,clear,False,51.1,7,signal_cable_theft,True,589,0.9155,CLEAR,True,11.19,track_circuit,8.03,2.101,13.703,True,reduce_speed,reduce_speed,False
191.6,9.43,rain,True,34.7,8,unknown_obstruction,False,1774,1.089,CLEAR,False,22.85,axle_counter,2.95,9.545,9.336,False,emergency_stop,emergency_stop,False
143.3,10.91,heavy_rain,False,37.7,3,water_logging,False,1993,,CLEAR,True,18.81,vibration,4.57,6.571,10.831,True,reduce_speed,reduce_speed,False
129.3,3.76,clear,False,90.0,4,sensor_miscount,True,1247,1.0428,CLEAR,True,10.71,axle_counter,1.74,3.344,3.715,True,proceed_with_caution,proceed_with_caution,False
137.7,14.53,clear,False,89.2,4,signal_cable_theft,False,706,,OCCUPIED,True,12.67,track_circuit,6.33,3.792,14.503,True,reduce_speed,reduce_speed,False
142.6,3.5,clear,False,63.3,3,environmental_false_positive,True,659,1.1534,CLEAR,True,2.91,axle_counter,1.47,4.067,3.474,False,reroute,reroute,False
155.5,17.73,flood,True,40.3,9,unknown_obstruction,False,462,,CLEAR,True,20.36,axle_counter,6.84,8.221,17.71,True,emergency_stop,emergency_stop,False
130.7,9.19,fog,False,66.9,5,sensor_miscount,False,714,,OCCUPIED,True,21.12,vibration,4.22,3.758,9.164,True,reduce_speed,reduce_speed,False
180.7,12.77,rain,True,76.8,9,landslide_debris,False,1017,,OCCUPIED,True,9.21,vibration,4.24,8.49,12.719,True,emergency_stop,emergency_stop,False
178.3,18.45,fog,False,53.3,8,track_buckling,True,1386,,CLEAR,True,8.09,vibration,6.21,6.994,18.381,True,reroute,reroute,False
113.5,14.81,rain,False,35.8,6,equipment_failure_ahead,False,497,1.0338,CLEAR,True,6.68,accelerometer,7.83,3.349,14.794,True,reduce_speed,reduce_speed,False
71.1,10.91,rain,False,52.5,9,equipment_failure_ahead,False,119,0.9831,CLEAR,True,4.75,vibration,9.21,1.314,10.908,True,emergency_stop,emergency_stop,False
134.4,8.17,clear,False,78.3,5,equipment_failure_ahead,True,1141,,CLEAR,True,23.72,track_circuit,3.65,3.613,8.127,True,reduce_speed,reduce_speed,False
141.2,9.35,rain,True,98.5,8,landslide_debris,False,523,1.0648,CLEAR,True,19.1,accelerometer,3.97,5.184,9.329,True,reduce_speed,reduce_speed,False
126.1,6.97,clear,False,43.3,4,water_logging,True,831,,OCCUPIED,True,11.12,accelerometer,3.32,3.18,6.941,True,reduce_speed,reduce_speed,False
183.0,18.93,snow,False,94.0,3,sensor_miscount,True,1438,1.0898,CLEAR,False,3.2,track_circuit,6.21,12.726,18.857,True,proceed_with_caution,proceed_with_caution,False
59.4,5.21,heavy_rain,True,62.0,3,sensor_miscount,False,1799,1.0211,OCCUPIED,False,3.92,track_circuit,5.26,1.129,5.18,True,reduce_speed,reduce_speed,False
89.5,8.31,clear,False,76.4,10,landslide_debris,True,1092,1.1169,CLEAR,False,17.89,axle_counter,5.57,1.602,8.283,True,reduce_speed,reduce_speed,False
179.2,15.61,rain,True,90.5,8,broken_rail,False,1860,0.9501,CLEAR,False,5.48,axle_counter,5.23,8.349,15.517,True,reduce_speed,reduce_speed,False
190.6,7.41,clear,False,69.0,6,boulder,True,574,0.9615,OCCUPIED,False,9.02,vibration,2.33,7.266,7.38,False,reroute,reroute,False
111.0,17.75,flood,True,34.3,3,cattle_crossing,True,1441,0.9861,CLEAR,True,23.95,axle_counter,9.59,4.189,17.706,True,reduce_speed,reduce_speed,False
74.9,5.01,snow,False,48.6,10,track_buckling,False,1961,0.9272,CLEAR,True,14.74,track_circuit,4.01,2.132,4.969,True,emergency_stop,emergency_stop,False
110.2,0.82,snow,True,86.2,9,landslide_debris,False,470,,OCCUPIED,True,20.3,track_circuit,0.45,4.615,0.806,False,emergency_stop,emergency_stop,False
115.7,12.65,clear,False,68.7,9,landslide_debris,False,1490,,CLEAR,True,3.05,accelerometer,6.56,2.677,12.602,True,emergency_stop,emergency_stop,False
125.5,10.26,clear,False,53.0,6,unknown_obstruction,True,974,,CLEAR,False,8.59,track_circuit,4.91,3.15,10.226,True,reduce_speed,reduce_speed,False
87.5,18.67,clear,False,70.8,2,sensor_miscount,True,1768,0.9506,CLEAR,True,22.44,vibration,12.8,1.531,18.627,True,proceed_with_caution,proceed_with_caution,False
93.5,8.58,clear,False,48.8,8,unknown_obstruction,False,645,0.9478,CLEAR,True,20.36,track_circuit,5.51,1.748,8.563,True,reduce_speed,reduce_speed,False
146.6,2.88,clear,False,46.9,3,cattle_crossing,False,1924,1.0554,OCCUPIED,True,18.22,axle_counter,1.18,4.298,2.802,False,emergency_stop,emergency_stop,False
141.4,6.73,clear,False,88.0,5,water_logging,False,1607,1.0274,CLEAR,True,14.89,axle_counter,2.86,3.999,6.667,True,reduce_speed,reduce_speed,False
147.6,7.99,flood,True,58.0,6,stranded_vehicle,False,1425,0.992,CLEAR,True,7.09,track_circuit,3.25,7.407,7.932,True,reduce_speed,reduce_speed,False
103.5,11.75,clear,False,49.2,10,broken_rail,True,106,0.9781,CLEAR,True,14.84,vibration,6.81,2.142,11.747,True,emergency_stop,emergency_stop,False
97.2,5.64,clear,True,58.6,5,stranded_vehicle,False,211,0.9857,CLEAR,True,1.74,vibration,3.48,1.89,5.634,True,reduce_speed,reduce_speed,False
99.5,11.1,heavy_rain,False,94.4,5,sensor_miscount,True,1342,1.1069,CLEAR,True,5.46,track_circuit,6.69,3.168,11.063,True,reduce_speed,reduce_speed,False
192.4,18.18,rain,False,42.7,3,environmental_false_positive,True,984,0.986,OCCUPIED,True,13.2,track_circuit,5.67,9.625,18.127,True,reduce_speed,reduce_speed,False
106.3,8.59,heavy_rain,True,43.0,6,unknown_obstruction,True,680,1.0515,OCCUPIED,True,0.55,vibration,4.85,3.616,8.57,True,reduce_speed,proceed_with_caution,True
139.0,13.1,rain,True,54.8,6,fallen_tree,False,1692,0.9802,CLEAR,True,6.19,vibration,5.65,5.023,13.035,True,reduce_speed,emergency_stop,True
126.0,4.73,snow,True,34.2,4,cattle_crossing,False,988,1.1009,OCCUPIED,False,4.23,axle_counter,2.25,6.033,4.695,False,emergency_stop,emergency_stop,False
180.8,16.07,rain,False,35.2,9,track_buckling,True,945,0.9268,CLEAR,True,8.97,vibration,5.33,8.499,16.023,True,emergency_stop,emergency_stop,False
102.2,5.54,rain,False,30.8,10,landslide_debris,False,680,,OCCUPIED,True,21.53,track_circuit,3.25,2.716,5.521,True,emergency_stop,emergency_stop,False
112.3,11.68,fog,False,40.2,2,sensor_miscount,True,1965,0.9544,CLEAR,False,23.71,track_circuit,6.24,2.774,11.619,True,reduce_speed,reduce_speed,False
175.6,6.14,clear,False,74.8,2,cattle_crossing,False,761,1.1328,CLEAR,False,4.54,vibration,2.1,6.167,6.103,False,emergency_stop,emergency_stop,False
69.9,1.53,clear,False,43.7,2,sensor_miscount,False,556,1.0418,OCCUPIED,True,6.16,vibration,1.31,0.977,1.519,True,reduce_speed,reduce_speed,False
137.1,6.53,rain,False,56.4,9,landslide_debris,False,1365,0.8978,CLEAR,True,21.25,vibration,2.86,4.887,6.478,True,emergency_stop,emergency_stop,False
107.0,4.4,clear,False,79.4,7,equipment_failure_ahead,False,116,0.9441,CLEAR,False,4.73,track_circuit,2.47,2.29,4.397,True,reduce_speed,reduce_speed,False
197.8,17.87,heavy_rain,True,32.2,7,equipment_failure_ahead,False,1211,,CLEAR,True,18.66,axle_counter,5.42,12.52,17.803,True,reduce_speed,reduce_speed,False
156.8,5.47,clear,False,44.6,3,cattle_crossing,False,1151,1.0395,CLEAR,False,2.59,vibration,2.09,4.917,5.42,True,reduce_speed,reduce_speed,False
46.6,19.49,clear,False,99.7,2,environmental_false_positive,False,526,1.035,OCCUPIED,True,16.38,track_circuit,25.09,0.434,19.483,True,proceed_with_caution,proceed_with_caution,False
175.1,9.95,clear,False,71.8,6,fallen_tree,False,1550,1.0094,CLEAR,False,7.01,axle_counter,3.41,6.132,9.875,True,reduce_speed,reduce_speed,False
154.0,4.58,heavy_rain,False,76.2,5,sensor_miscount,True,135,,CLEAR,False,18.86,axle_counter,1.78,7.589,4.574,False,reroute,reroute,False
131.9,7.95,clear,False,66.1,9,unknown_obstruction,False,1965,,CLEAR,True,13.22,track_circuit,3.62,3.48,7.878,True,emergency_stop,emergency_stop,False
81.6,3.83,fog,False,97.6,4,environmental_false_positive,True,1720,0.9482,CLEAR,False,4.88,track_circuit,2.82,1.465,3.791,True,proceed_with_caution,proceed_with_caution,False
68.1,16.71,heavy_rain,True,40.1,1,environmental_false_positive,False,392,,CLEAR,True,10.35,track_circuit,14.72,1.484,16.703,True,reduce_speed,reduce_speed,False
142.4,2.58,clear,False,34.7,1,cattle_crossing,True,1010,,CLEAR,True,13.1,accelerometer,1.09,4.056,2.54,False,reroute,reroute,False
113.2,17.5,fog,False,87.1,4,environmental_false_positive,False,434,,OCCUPIED,True,24.9,track_circuit,9.28,2.819,17.486,True,proceed_with_caution,proceed_with_caution,False
178.6,1.11,clear,False,30.3,3,sensor_miscount,True,1257,,CLEAR,True,12.27,track_circuit,0.37,6.38,1.048,False,reroute,reroute,False
85.7,6.13,clear,False,69.3,9,boulder,True,737,,CLEAR,True,4.21,track_circuit,4.29,1.469,6.112,True,emergency_stop,emergency_stop,False
143.8,2.97,fog,False,30.1,6,boulder,True,1003,1.033,CLEAR,True,14.1,track_circuit,1.24,4.549,2.93,False,reroute,reroute,False
83.6,13.77,snow,False,54.4,1,environmental_false_positive,False,1917,0.9114,CLEAR,True,5.9,track_circuit,9.88,2.656,13.725,True,reduce_speed,reduce_speed,False
143.6,10.34,clear,False,75.6,7,signal_cable_theft,False,1257,1.0259,CLEAR,True,22.05,axle_counter,4.32,4.124,10.29,True,reduce_speed,reduce_speed,False
52.5,18.8,rain,False,68.3,2,cattle_crossing,True,1741,0.9619,CLEAR,False,20.93,track_circuit,21.49,0.717,18.775,True,proceed_with_caution,proceed_with_caution,False
105.7,7.45,clear,False,69.2,7,unknown_obstruction,True,1273,1.0018,OCCUPIED,False,3.65,track_circuit,4.23,2.234,7.413,True,reduce_speed,reduce_speed,False
71.8,1.01,rain,False,41.0,4,signal_cable_theft,False,975,0.99,CLEAR,True,14.92,track_circuit,0.84,1.34,0.991,False,emergency_stop,emergency_stop,False
138.9,15.28,rain,False,50.6,6,water_logging,False,79,,OCCUPIED,False,17.56,axle_counter,6.6,5.016,15.277,True,reduce_speed,reduce_speed,False
94.1,11.67,rain,False,79.7,7,water_logging,True,223,,CLEAR,True,6.67,track_circuit,7.44,2.302,11.664,True,reroute,reroute,False
164.6,16.58,rain,False,31.6,10,broken_rail,False,1090,,CLEAR,True,15.85,axle_counter,6.04,7.044,16.53,True,emergency_stop,emergency_stop,False
62.8,8.64,clear,False,71.7,4,sensor_miscount,False,1033,1.0422,OCCUPIED,False,11.84,vibration,8.25,0.789,8.622,True,proceed_with_caution,proceed_with_caution,False
131.2,14.82,fog,False,66.2,1,cattle_crossing,True,1029,1.043,OCCUPIED,True,12.31,vibration,6.78,3.787,14.782,True,proceed_with_caution,proceed_with_caution,False
137.0,3.59,fog,False,54.1,1,cattle_crossing,False,1699,0.9836,CLEAR,True,14.01,track_circuit,1.57,4.129,3.525,False,emergency_stop,emergency_stop,False
48.4,19.99,fog,False,53.4,5,sensor_miscount,True,236,0.9245,CLEAR,False,14.47,accelerometer,24.78,0.515,19.987,True,reduce_speed,reduce_speed,False
50.6,3.64,clear,False,85.9,4,sensor_miscount,False,1335,,CLEAR,True,17.89,vibration,4.32,0.512,3.621,True,proceed_with_caution,proceed_with_caution,False
92.8,16.63,clear,False,56.7,1,environmental_false_positive,False,1505,1.0767,CLEAR,True,11.58,track_circuit,10.75,1.722,16.591,True,reduce_speed,reduce_speed,False
139.4,4.41,clear,False,35.6,7,landslide_debris,False,1309,,CLEAR,True,18.2,axle_counter,1.9,3.886,4.359,True,reduce_speed,proceed_with_caution,True
194.2,15.69,clear,False,97.3,2,sensor_miscount,False,510,1.0083,CLEAR,True,12.41,vibration,4.85,7.543,15.662,True,proceed_with_caution,proceed_with_caution,False
59.1,17.25,clear,False,39.1,2,cattle_crossing,True,842,,OCCUPIED,True,16.74,track_circuit,17.51,0.699,17.236,True,reduce_speed,proceed_with_caution,True
154.0,17.56,clear,False,85.8,8,landslide_debris,False,156,1.1039,CLEAR,False,6.95,track_circuit,6.84,4.743,17.553,True,reduce_speed,reduce_speed,False
152.4,9.62,fog,False,31.0,3,sensor_miscount,False,395,0.9479,CLEAR,True,13.77,axle_counter,3.79,5.11,9.603,True,reduce_speed,emergency_stop,True
148.8,8.69,clear,False,55.5,3,sensor_miscount,False,1616,1.0084,OCCUPIED,True,11.97,track_circuit,3.5,4.428,8.623,True,reduce_speed,reduce_speed,False
125.0,16.71,heavy_rain,True,66.1,2,cattle_crossing,False,1254,,CLEAR,True,7.9,accelerometer,8.02,5.0,16.666,True,reduce_speed,reduce_speed,False
194.9,11.67,rain,False,32.1,3,environmental_false_positive,True,1737,0.9217,OCCUPIED,True,2.03,track_circuit,3.59,9.876,11.576,True,reduce_speed,reduce_speed,False
122.8,12.5,fog,False,81.4,5,fallen_tree,True,1399,,OCCUPIED,True,13.0,track_circuit,6.11,3.318,12.452,True,reduce_speed,reduce_speed,False
174.9,4.87,rain,False,48.2,10,track_buckling,True,519,,OCCUPIED,False,0.74,track_circuit,1.67,7.953,4.845,False,reroute,reroute,False
85.7,9.03,rain,False,67.9,5,stranded_vehicle,False,1636,1.0517,CLEAR,False,10.05,track_circuit,6.32,1.91,8.991,True,reduce_speed,reduce_speed,False
170.0,7.52,rain,False,85.5,7,water_logging,True,1391,,CLEAR,True,9.58,accelerometer,2.65,7.514,7.454,False,reroute,reroute,False
199.5,13.37,snow,True,71.4,4,sensor_miscount,False,423,0.9138,OCCUPIED,True,16.03,vibration,4.02,15.124,13.347,False,emergency_stop,emergency_stop,False
186.1,4.09,rain,False,61.9,2,environmental_false_positive,True,59,,CLEAR,False,24.69,accelerometer,1.32,9.005,4.087,False,reroute,emergency_stop,True
92.1,8.23,rain,False,53.5,4,sensor_miscount,False,1540,0.954,OCCUPIED,True,21.52,axle_counter,5.36,2.205,8.191,True,reduce_speed,reduce_speed,False
176.2,17.0,rain,False,33.2,9,boulder,True,1456,0.9106,OCCUPIED,True,24.39,axle_counter,5.79,8.072,16.929,True,reduce_speed,reduce_speed,False
59.8,11.02,fog,False,93.9,8,stranded_vehicle,False,225,,CLEAR,True,23.8,track_circuit,11.06,0.787,11.016,True,reduce_speed,reduce_speed,False
150.0,17.94,clear,False,71.4,8,boulder,True,956,,CLEAR,True,2.32,track_circuit,7.18,4.5,17.9,True,reduce_speed,reduce_speed,False
98.0,4.8,rain,False,74.2,5,sensor_miscount,True,1832,1.0004,CLEAR,False,7.41,accelerometer,2.94,2.497,4.75,True,reduce_speed,reduce_speed,False
147.1,8.91,rain,False,60.8,4,fallen_tree,True,1596,0.9842,CLEAR,True,7.78,axle_counter,3.63,5.626,8.845,True,reduce_speed,reduce_speed,False
108.9,10.11,snow,False,56.1,2,cattle_crossing,False,1644,,OCCUPIED,True,2.24,axle_counter,5.57,4.506,10.06,True,reduce_speed,reduce_speed,False
46.4,8.13,rain,False,33.3,4,environmental_false_positive,False,816,,CLEAR,True,21.24,axle_counter,10.51,0.56,8.119,True,reduce_speed,reduce_speed,False
80.8,13.75,rain,False,41.8,3,sensor_miscount,False,286,0.9408,OCCUPIED,False,22.44,vibration,10.21,1.697,13.744,True,reduce_speed,reduce_speed,False
51.6,3.14,flood,True,59.8,6,fallen_tree,False,734,,CLEAR,True,15.32,track_circuit,3.65,0.905,3.129,True,reduce_speed,reduce_speed,False
111.2,10.48,rain,False,46.9,5,stranded_vehicle,False,1390,,CLEAR,False,22.33,vibration,5.65,3.215,10.437,True,reduce_speed,reduce_speed,False
175.2,2.95,clear,False,33.1,7,signal_cable_theft,False,1690,,CLEAR,False,18.0,vibration,1.01,6.139,2.868,False,emergency_stop,reduce_speed,True
159.4,12.66,clear,False,68.2,2,cattle_crossing,False,1306,1.0365,CLEAR,False,11.29,vibration,4.77,5.082,12.602,True,proceed_with_caution,proceed_with_caution,False
167.3,16.64,clear,True,62.5,9,landslide_debris,True,125,0.9464,CLEAR,True,4.17,track_circuit,5.97,5.598,16.634,True,emergency_stop,emergency_stop,False
170.1,0.6,clear,False,59.5,9,unknown_obstruction,True,1202,,OCCUPIED,False,23.98,track_circuit,0.21,5.787,0.543,False,reroute,reroute,False
102.7,9.25,clear,False,84.9,2,cattle_crossing,False,415,1.0278,OCCUPIED,True,17.46,axle_counter,5.4,2.109,9.238,True,proceed_with_caution,proceed_with_caution,False
123.4,9.96,fog,False,72.0,3,cattle_crossing,True,1239,,CLEAR,False,9.18,accelerometer,4.84,3.35,9.918,True,proceed_with_caution,reduce_speed,True
123.8,14.46,fog,False,30.1,9,track_buckling,True,854,,OCCUPIED,True,3.65,accelerometer,7.01,3.372,14.431,True,emergency_stop,emergency_stop,False
62.5,1.68,clear,False,83.3,8,stranded_vehicle,False,1089,0.96,CLEAR,True,20.07,axle_counter,1.61,0.781,1.661,True,reduce_speed,reduce_speed,False
137.7,8.24,rain,False,63.8,9,stranded_vehicle,True,1213,0.9877,CLEAR,True,20.15,track_circuit,3.59,4.93,8.194,True,emergency_stop,emergency_stop,False
156.6,15.75,clear,False,66.2,8,fallen_tree,False,1294,1.1021,CLEAR,False,13.8,track_circuit,6.03,4.905,15.694,True,reduce_speed,reduce_speed,False
139.7,10.74,snow,True,92.3,1,cattle_crossing,False,59,0.9497,CLEAR,True,25.0,axle_counter,4.61,7.416,10.738,True,reduce_speed,reduce_speed,False
160.6,15.05,clear,True,37.6,1,cattle_crossing,True,1934,,OCCUPIED,True,9.97,track_circuit,5.62,5.158,14.964,True,reduce_speed,reduce_speed,False
63.4,7.41,rain,False,72.0,6,unknown_obstruction,True,1172,,OCCUPIED,False,23.58,axle_counter,7.01,1.045,7.389,True,reduce_speed,reduce_speed,False
163.0,18.42,clear,False,49.8,9,equipment_failure_ahead,True,1039,,CLEAR,True,15.94,vibration,6.78,5.314,18.373,True,emergency_stop,emergency_stop,False
77.3,1.73,rain,False,32.6,8,track_buckling,False,788,1.0396,OCCUPIED,True,18.54,track_circuit,1.34,1.554,1.713,False,emergency_stop,emergency_stop,False
180.9,2.01,clear,True,60.6,9,boulder,False,253,0.9573,OCCUPIED,True,22.97,track_circuit,0.67,6.545,1.997,False,emergency_stop,emergency_stop,False
83.0,10.66,fog,False,49.9,2,environmental_false_positive,False,1279,1.0241,OCCUPIED,False,20.86,track_circuit,7.71,1.516,10.631,True,reduce_speed,reduce_speed,False
121.3,9.52,clear,True,30.1,5,equipment_failure_ahead,True,758,,CLEAR,True,7.57,track_circuit,4.71,2.943,9.494,True,reduce_speed,reduce_speed,False
120.5,12.84,snow,False,64.5,1,environmental_false_positive,True,1819,,OCCUPIED,True,21.75,vibration,6.39,5.518,12.779,True,proceed_with_caution,proceed_with_caution,False
86.7,4.74,rain,False,51.8,10,landslide_debris,False,1333,1.0091,CLEAR,False,13.72,track_circuit,3.28,1.954,4.708,True,emergency_stop,emergency_stop,False
101.1,4.68,fog,False,60.4,5,fallen_tree,False,910,,OCCUPIED,False,1.6,track_circuit,2.78,2.249,4.654,True,reduce_speed,reduce_speed,False
73.8,15.03,heavy_rain,True,30.8,7,landslide_debris,True,111,0.9895,CLEAR,True,17.01,track_circuit,12.22,1.743,15.028,True,reroute,reroute,False
133.4,5.98,flood,True,58.1,4,environmental_false_positive,True,1131,0.9661,OCCUPIED,True,12.74,track_circuit,2.69,6.05,5.938,False,reroute,reroute,False
186.5,14.6,clear,False,62.9,10,broken_rail,True,1699,0.913,CLEAR,True,13.65,vibration,4.7,6.956,14.512,True,emergency_stop,emergency_stop,False
94.1,12.89,clear,False,62.6,3,cattle_crossing,True,952,0.8723,CLEAR,True,10.58,axle_counter,8.22,1.771,12.865,True,proceed_with_caution,proceed_with_caution,False
123.7,1.85,clear,False,80.2,4,cattle_crossing,False,1318,,CLEAR,True,2.07,axle_counter,0.9,3.06,1.805,False,emergency_stop,emergency_stop,False
178.6,14.28,clear,True,99.4,6,fallen_tree,False,281,0.9981,CLEAR,False,4.92,axle_counter,4.8,6.38,14.266,True,reduce_speed,reduce_speed,False
115.1,17.61,rain,False,32.0,9,broken_rail,True,843,,CLEAR,True,19.03,track_circuit,9.18,3.444,17.583,True,emergency_stop,emergency_stop,False
173.8,16.37,flood,True,57.7,7,landslide_debris,False,1597,0.9557,OCCUPIED,True,6.24,axle_counter,5.65,10.27,16.293,True,reduce_speed,reduce_speed,False
114.2,0.38,flood,True,90.0,5,signal_cable_theft,True,876,1.0115,CLEAR,True,15.88,track_circuit,0.2,4.434,0.352,False,reroute,reroute,False
113.2,10.89,rain,True,73.8,4,sensor_miscount,True,1777,,OCCUPIED,False,13.78,accelerometer,5.77,3.332,10.834,True,reduce_speed,reduce_speed,False
69.4,18.28,rain,False,98.9,5,sensor_miscount,True,848,0.952,OCCUPIED,True,5.92,track_circuit,15.8,1.252,18.264,True,reduce_speed,reduce_speed,False
64.4,12.05,heavy_rain,False,79.9,6,stranded_vehicle,True,1633,,CLEAR,True,7.37,axle_counter,11.23,1.327,12.021,True,reduce_speed,reduce_speed,False
139.8,5.95,snow,True,80.7,1,environmental_false_positive,True,1306,1.134,CLEAR,True,9.9,track_circuit,2.55,7.427,5.899,False,reroute,reroute,False
173.2,4.05,clear,False,35.3,4,sensor_miscount,False,1898,1.0119,CLEAR,False,22.06,vibration,1.4,6.0,3.959,False,emergency_stop,emergency_stop,False
66.0,13.76,rain,False,49.3,7,boulder,False,1089,1.01,CLEAR,True,23.56,track_circuit,12.51,1.133,13.74,True,reduce_speed,reduce_speed,False
186.1,15.47,heavy_rain,True,70.9,9,track_buckling,False,963,1.0321,CLEAR,True,9.98,accelerometer,4.99,11.083,15.42,True,emergency_stop,emergency_stop,False
100.6,18.27,clear,False,66.6,6,signal_cable_theft,False,739,,OCCUPIED,False,1.63,track_circuit,10.9,2.024,18.249,True,reduce_speed,reduce_speed,False
110.9,18.13,clear,False,83.4,4,fallen_tree,True,1322,0.9739,OCCUPIED,True,15.22,vibration,9.81,2.46,18.089,True,reduce_speed,reduce_speed,False
183.6,6.92,flood,True,99.6,6,boulder,True,1962,,CLEAR,True,10.73,vibration,2.26,11.461,6.82,False,reroute,reroute,False
183.9,12.16,flood,True,44.5,7,boulder,True,378,1.12,CLEAR,True,12.56,track_circuit,3.97,11.499,12.141,True,reduce_speed,reduce_speed,False
126.4,2.21,snow,False,60.0,6,boulder,True,1876,0.9261,OCCUPIED,True,11.33,track_circuit,1.05,6.071,2.144,False,reroute,reroute,False
87.9,2.07,heavy_rain,True,90.7,2,cattle_crossing,True,1955,1.0779,CLEAR,True,16.54,track_circuit,1.41,2.472,2.022,False,reroute,reroute,False
71.7,1.62,clear,False,88.7,10,broken_rail,False,1550,0.9956,CLEAR,True,7.96,vibration,1.36,1.028,1.589,True,emergency_stop,emergency_stop,False
87.1,18.56,clear,False,87.2,6,boulder,False,1182,,CLEAR,True,22.37,accelerometer,12.79,1.517,18.531,True,reduce_speed,reduce_speed,False
166.0,3.22,rain,False,73.4,3,sensor_miscount,False,1733,,CLEAR,False,10.82,track_circuit,1.16,7.165,3.14,False,emergency_stop,emergency_stop,False
95.3,9.75,rain,False,99.5,5,fallen_tree,False,560,1.1556,CLEAR,True,8.87,track_circuit,6.14,2.361,9.735,True,reduce_speed,reduce_speed,False
152.7,8.77,rain,False,55.1,6,fallen_tree,False,1286,,CLEAR,True,23.11,track_circuit,3.45,6.062,8.715,True,reduce_speed,reduce_speed,False
75.3,6.63,rain,True,38.1,10,track_buckling,False,1621,,OCCUPIED,True,9.27,track_circuit,5.28,1.474,6.596,True,emergency_stop,emergency_stop,False
119.2,10.85,clear,False,39.3,1,environmental_false_positive,False,1621,1.0329,CLEAR,True,2.54,axle_counter,5.46,2.842,10.796,True,reduce_speed,reduce_speed,False
99.6,0.26,fog,False,60.5,8,equipment_failure_ahead,True,1194,0.9613,CLEAR,False,4.31,track_circuit,0.16,2.182,0.227,False,reroute,reroute,False
123.1,7.73,clear,True,86.3,1,cattle_crossing,False,802,1.0255,CLEAR,True,18.0,track_circuit,3.77,3.031,7.703,True,reduce_speed,reduce_speed,False
133.3,9.69,clear,False,61.7,7,landslide_debris,False,1902,,CLEAR,True,14.28,accelerometer,4.36,3.554,9.62,True,reduce_speed,reduce_speed,False
198.6,16.11,clear,True,72.8,5,fallen_tree,True,1364,,OCCUPIED,True,13.6,vibration,4.87,7.888,16.035,True,reduce_speed,reduce_speed,False
184.5,14.08,clear,False,55.1,8,boulder,False,1552,,CLEAR,True,2.51,vibration,4.58,6.808,14.0,True,reduce_speed,reduce_speed,False
152.9,17.03,heavy_rain,False,80.0,3,environmental_false_positive,False,1266,0.953,CLEAR,True,4.52,track_circuit,6.68,7.481,16.976,True,proceed_with_caution,proceed_with_caution,False
68.8,7.65,clear,False,40.7,10,landslide_debris,False,1761,0.9435,OCCUPIED,True,10.21,accelerometer,6.67,0.947,7.616,True,emergency_stop,emergency_stop,False
187.4,2.99,clear,False,66.4,9,equipment_failure_ahead,True,981,1.0532,CLEAR,False,11.48,axle_counter,0.96,7.024,2.939,False,reroute,reroute,False
183.4,8.14,fog,False,43.0,8,broken_rail,False,1116,0.979,CLEAR,True,9.73,axle_counter,2.66,7.4,8.083,True,reduce_speed,reduce_speed,False
182.4,19.27,rain,False,62.8,3,cattle_crossing,True,1618,0.989,OCCUPIED,True,12.82,track_circuit,6.34,8.65,19.188,True,proceed_with_caution,proceed_with_caution,False
119.2,4.44,clear,False,60.1,2,environmental_false_positive,True,1059,,CLEAR,True,18.47,accelerometer,2.23,2.842,4.405,True,proceed_with_caution,proceed_with_caution,False
71.5,3.66,clear,False,72.3,8,landslide_debris,True,527,1.0684,CLEAR,False,16.07,axle_counter,3.07,1.022,3.65,True,reroute,reroute,False
161.9,18.9,clear,False,65.7,3,environmental_false_positive,True,1527,,CLEAR,True,15.48,vibration,7.0,5.242,18.831,True,proceed_with_caution,proceed_with_caution,False
105.2,19.01,fog,False,98.3,7,boulder,True,782,1.0132,CLEAR,True,14.17,vibration,10.84,2.435,18.987,True,reduce_speed,reduce_speed,False
98.4,3.15,clear,False,93.0,2,environmental_false_positive,False,254,,CLEAR,False,5.42,vibration,1.92,1.937,3.143,True,proceed_with_caution,proceed_with_caution,False
105.6,15.44,clear,False,50.6,3,cattle_crossing,False,777,,OCCUPIED,False,15.31,vibration,8.77,2.23,15.417,True,reduce_speed,reduce_speed,False
131.7,8.71,clear,False,38.5,10,landslide_debris,False,155,1.0639,CLEAR,True,4.38,accelerometer,3.97,3.469,8.704,True,emergency_stop,emergency_stop,False
96.7,9.95,rain,False,34.5,1,environmental_false_positive,True,1763,0.8592,CLEAR,True,17.97,track_circuit,6.17,2.431,9.903,True,reduce_speed,reduce_speed,False
151.9,10.07,clear,False,43.9,10,landslide_debris,False,1969,,CLEAR,True,11.58,track_circuit,3.98,4.615,9.987,True,emergency_stop,emergency_stop,False
145.4,19.37,heavy_rain,False,45.5,7,boulder,False,570,0.9861,CLEAR,True,14.75,vibration,7.99,6.765,19.347,True,reduce_speed,reduce_speed,False
123.9,3.86,clear,False,92.2,1,environmental_false_positive,False,1837,,CLEAR,True,21.64,axle_counter,1.87,3.07,3.797,True,proceed_with_caution,proceed_with_caution,False
53.4,15.51,rain,True,94.7,1,cattle_crossing,False,1438,,OCCUPIED,True,9.64,axle_counter,17.43,0.741,15.489,True,reduce_speed,reduce_speed,False
190.2,0.31,clear,False,46.1,7,unknown_obstruction,True,1914,0.8982,OCCUPIED,True,2.94,vibration,0.1,7.235,0.209,False,reroute,reroute,False
108.8,12.65,clear,False,83.1,6,signal_cable_theft,True,367,1.0849,CLEAR,True,22.34,axle_counter,6.98,2.367,12.639,True,reduce_speed,reduce_speed,False
114.7,13.12,clear,False,88.5,4,signal_cable_theft,False,171,1.0312,CLEAR,False,9.44,vibration,6.86,2.631,13.115,True,reduce_speed,reduce_speed,False
115.7,15.12,heavy_rain,True,56.4,8,fallen_tree,True,1845,0.9856,CLEAR,False,10.46,track_circuit,7.84,4.284,15.061,True,reduce_speed,reduce_speed,False
101.6,18.53,snow,False,91.0,8,boulder,True,575,0.9119,CLEAR,True,7.75,accelerometer,10.94,3.923,18.514,True,reduce_speed,reduce_speed,False
149.6,15.13,clear,False,99.2,7,equipment_failure_ahead,True,1213,0.9657,OCCUPIED,True,10.79,track_circuit,6.07,4.476,15.08,True,reduce_speed,reduce_speed,False
47.2,14.7,clear,False,97.7,7,boulder,False,1808,1.0615,CLEAR,False,13.26,axle_counter,18.69,0.446,14.676,True,reduce_speed,reduce_speed,False
180.4,5.22,snow,False,81.9,1,cattle_crossing,False,719,,CLEAR,True,21.16,accelerometer,1.74,12.367,5.184,False,emergency_stop,emergency_stop,False
60.9,19.86,rain,True,56.0,8,fallen_tree,False,224,,CLEAR,True,18.14,track_circuit,19.57,0.964,19.856,True,reduce_speed,reduce_speed,False
200.0,9.47,clear,False,45.9,8,fallen_tree,False,1593,0.9417,OCCUPIED,True,13.08,track_circuit,2.84,8.0,9.382,True,reduce_speed,reduce_speed,False
142.4,8.47,clear,True,99.5,8,broken_rail,True,930,1.0441,CLEAR,True,19.21,track_circuit,3.57,4.056,8.433,True,reroute,reduce_speed,True
55.3,10.14,fog,False,49.3,2,environmental_false_positive,True,94,0.991,CLEAR,True,21.27,axle_counter,11.0,0.673,10.139,True,reduce_speed,reduce_speed,False
132.2,8.0,fog,True,60.7,1,environmental_false_positive,False,715,,CLEAR,False,1.92,axle_counter,3.63,3.845,7.974,True,reduce_speed,reduce_speed,False
96.4,11.95,rain,True,48.5,1,environmental_false_positive,False,1084,0.9943,CLEAR,True,15.01,track_circuit,7.44,2.416,11.921,True,reduce_speed,emergency_stop,True
192.7,7.12,flood,True,64.7,6,fallen_tree,False,1766,,CLEAR,True,1.56,accelerometer,2.22,12.625,7.025,False,emergency_stop,emergency_stop,False
162.1,4.95,rain,False,37.7,1,cattle_crossing,False,491,0.9511,CLEAR,False,8.05,track_circuit,1.83,6.832,4.928,False,emergency_stop,emergency_stop,False
123.6,18.57,clear,False,86.6,7,landslide_debris,True,1060,0.9088,CLEAR,True,19.18,axle_counter,9.01,3.055,18.534,True,reduce_speed,reduce_speed,False
111.6,18.57,rain,False,65.4,3,sensor_miscount,False,403,0.9628,CLEAR,True,19.89,axle_counter,9.98,3.238,18.558,True,proceed_with_caution,proceed_with_caution,False
199.4,10.03,clear,True,59.4,4,fallen_tree,True,616,,CLEAR,False,22.15,track_circuit,3.02,7.952,9.996,True,reduce_speed,reduce_speed,False
148.4,19.25,clear,False,55.4,1,cattle_crossing,False,564,1.0291,CLEAR,True,12.71,track_circuit,7.78,4.405,19.227,True,reduce_speed,reduce_speed,False
124.7,8.43,clear,False,70.6,9,boulder,True,1072,,CLEAR,True,2.56,accelerometer,4.06,3.11,8.393,True,emergency_stop,emergency_stop,False
106.7,7.87,clear,False,84.6,3,environmental_false_positive,False,1344,,CLEAR,True,3.61,vibration,4.43,2.277,7.83,True,proceed_with_caution,proceed_with_caution,False
95.3,18.35,fog,False,93.2,3,environmental_false_positive,False,269,0.9978,CLEAR,True,6.49,track_circuit,11.55,1.998,18.343,True,proceed_with_caution,emergency_stop,True
154.3,12.73,clear,False,88.9,7,unknown_obstruction,True,197,0.9519,OCCUPIED,True,9.62,vibration,4.95,4.762,12.722,True,reduce_speed,reduce_speed,False
136.1,15.3,clear,False,61.2,8,landslide_debris,False,1476,0.9295,CLEAR,False,13.4,axle_counter,6.75,3.705,15.244,True,reduce_speed,reduce_speed,False
176.5,8.37,rain,False,88.4,5,equipment_failure_ahead,True,623,1.0133,CLEAR,True,16.33,track_circuit,2.85,8.1,8.339,False,reroute,reroute,False
130.8,8.26,rain,False,67.0,4,fallen_tree,True,1256,1.1133,OCCUPIED,True,4.48,vibration,3.79,4.448,8.214,True,reduce_speed,emergency_stop,True
135.3,1.85,heavy_rain,False,74.7,8,fallen_tree,True,199,1.0546,OCCUPIED,False,5.13,axle_counter,0.82,5.858,1.843,False,reroute,reroute,False
119.0,19.34,heavy_rain,True,77.2,4,fallen_tree,False,1221,,OCCUPIED,True,4.74,track_circuit,9.75,4.532,19.3,True,reduce_speed,reduce_speed,False
163.2,4.71,fog,False,58.0,7,fallen_tree,False,1824,,CLEAR,False,19.0,accelerometer,1.73,5.86,4.627,False,emergency_stop,emergency_stop,False
109.3,9.99,clear,False,64.0,1,cattle_crossing,False,904,0.9885,OCCUPIED,True,7.9,track_circuit,5.48,2.389,9.963,True,proceed_with_caution,proceed_with_caution,False
177.1,2.47,rain,False,78.5,10,track_buckling,False,1177,0.9881,CLEAR,True,4.58,track_circuit,0.84,8.155,2.412,False,emergency_stop,emergency_stop,False
95.7,13.01,rain,False,51.6,5,water_logging,False,624,1.0857,CLEAR,True,11.07,track_circuit,8.16,2.381,12.993,True,reduce_speed,reduce_speed,False
152.4,7.94,clear,False,82.3,6,signal_cable_theft,False,607,1.055,OCCUPIED,True,6.56,vibration,3.13,4.645,7.914,True,reduce_speed,reduce_speed,False
183.4,15.4,clear,False,54.8,4,environmental_false_positive,False,177,0.9902,OCCUPIED,False,9.55,vibration,5.04,6.727,15.391,True,reduce_speed,reduce_speed,False
164.2,10.66,clear,False,71.0,3,sensor_miscount,True,984,0.8627,OCCUPIED,True,20.69,accelerometer,3.9,5.392,10.615,True,proceed_with_caution,proceed_with_caution,False
98.1,2.76,rain,False,88.6,10,broken_rail,False,1897,0.9305,CLEAR,False,8.68,track_circuit,1.69,2.502,2.708,False,emergency_stop,emergency_stop,False
154.5,0.41,clear,False,31.6,6,boulder,True,276,,OCCUPIED,False,4.78,vibration,0.16,4.774,0.398,False,reroute,reroute,False
77.1,4.41,clear,False,46.8,2,environmental_false_positive,True,862,0.9808,OCCUPIED,True,6.2,axle_counter,3.43,1.189,4.392,True,reduce_speed,reduce_speed,False
54.0,14.54,heavy_rain,False,69.3,7,landslide_debris,False,1683,0.9934,OCCUPIED,False,1.34,track_circuit,16.16,0.933,14.515,True,reduce_speed,reduce_speed,False
167.7,16.6,snow,False,37.4,5,fallen_tree,False,1017,1.0368,OCCUPIED,True,22.58,track_circuit,5.94,10.687,16.553,True,reduce_speed,reduce_speed,False
170.2,6.96,clear,False,44.4,8,landslide_debris,False,1533,1.0679,CLEAR,True,17.58,vibration,2.45,5.794,6.888,True,reduce_speed,reduce_speed,False
48.6,10.81,snow,False,82.4,4,signal_cable_theft,False,783,0.9533,CLEAR,True,11.85,track_circuit,13.35,0.898,10.799,True,reduce_speed,reduce_speed,False
191.9,4.95,clear,False,31.8,9,stranded_vehicle,False,1225,1.0355,CLEAR,True,14.24,axle_counter,1.55,7.365,4.885,False,emergency_stop,emergency_stop,False
114.1,17.63,snow,False,72.7,6,signal_cable_theft,False,1977,,CLEAR,True,6.73,axle_counter,9.27,4.947,17.567,True,reduce_speed,reduce_speed,False
185.3,19.31,flood,True,32.4,5,stranded_vehicle,True,1216,1.0857,CLEAR,True,10.39,track_circuit,6.25,11.674,19.247,True,reduce_speed,reduce_speed,False
167.2,15.11,clear,False,38.1,7,water_logging,True,1603,,CLEAR,True,8.34,accelerometer,5.42,5.591,15.036,True,reroute,reroute,False
184.6,1.96,fog,True,57.3,6,water_logging,True,1403,,CLEAR,False,20.7,vibration,0.64,7.497,1.888,False,reroute,reroute,False
174.2,8.85,flood,False,97.5,9,landslide_debris,True,236,,CLEAR,False,18.71,axle_counter,3.05,10.318,8.839,False,reroute,reroute,False
196.0,19.81,snow,True,68.2,5,water_logging,False,362,1.0012,CLEAR,True,7.46,vibration,6.06,14.598,19.79,True,reduce_speed,reduce_speed,False
142.5,4.74,flood,True,51.9,5,signal_cable_theft,True,1236,,CLEAR,False,19.18,axle_counter,2.0,6.904,4.691,False,reroute,reroute,False
80.2,13.48,rain,False,58.8,2,cattle_crossing,True,729,,OCCUPIED,False,2.8,vibration,10.08,1.672,13.464,True,reduce_speed,reduce_speed,False
105.4,18.78,clear,False,69.8,7,landslide_debris,True,995,0.9481,CLEAR,False,5.46,track_circuit,10.69,2.222,18.751,True,reroute,reroute,False
161.5,15.51,heavy_rain,True,73.4,7,signal_cable_theft,True,993,0.9583,OCCUPIED,True,3.11,axle_counter,5.76,8.346,15.465,True,reduce_speed,reduce_speed,False
69.3,12.26,rain,False,48.8,8,fallen_tree,False,1597,0.9243,CLEAR,True,6.34,track_circuit,10.61,1.249,12.229,True,reduce_speed,reduce_speed,False
189.1,10.23,rain,False,43.8,9,landslide_debris,False,1983,1.0066,CLEAR,True,6.04,axle_counter,3.25,9.297,10.126,True,emergency_stop,emergency_stop,False
76.8,18.59,clear,False,64.7,9,boulder,False,1995,1.052,CLEAR,True,22.56,axle_counter,14.52,1.18,18.547,True,emergency_stop,emergency_stop,False
180.8,8.02,rain,False,75.1,4,cattle_crossing,True,205,0.9748,CLEAR,True,8.52,track_circuit,2.66,8.499,8.01,False,reroute,reroute,False
120.0,18.05,clear,False,87.2,5,fallen_tree,False,1502,0.8678,CLEAR,True,9.2,accelerometer,9.03,2.88,18.0,True,reduce_speed,reduce_speed,False
175.3,8.73,fog,False,71.5,5,sensor_miscount,False,1465,0.9929,OCCUPIED,True,2.94,track_circuit,2.99,6.761,8.659,True,reduce_speed,reduce_speed,False
193.5,15.18,clear,False,78.5,6,fallen_tree,True,1737,1.0164,OCCUPIED,True,2.12,track_circuit,4.71,7.488,15.087,True,reduce_speed,reduce_speed,False
110.4,18.33,fog,False,63.9,2,environmental_false_positive,False,882,1.0124,CLEAR,True,5.87,track_circuit,9.96,2.681,18.303,True,proceed_with_caution,proceed_with_caution,False
153.0,11.1,heavy_rain,True,69.7,7,fallen_tree,False,1030,,OCCUPIED,True,3.8,axle_counter,4.35,7.491,11.056,True,reduce_speed,reduce_speed,False
80.1,6.34,rain,False,74.5,4,signal_cable_theft,False,931,,CLEAR,True,8.94,track_circuit,4.75,1.668,6.319,True,reduce_speed,reduce_speed,False
169.1,1.21,rain,False,46.5,2,environmental_false_positive,True,778,1.0532,CLEAR,False,5.06,axle_counter,0.43,7.435,1.173,False,reroute,reroute,False
172.1,16.22,clear,False,95.4,3,water_logging,False,531,1.0211,CLEAR,False,4.87,vibration,5.65,5.924,16.195,True,reduce_speed,reroute,True
90.8,12.52,flood,True,54.2,7,landslide_debris,False,1305,,CLEAR,False,16.36,track_circuit,8.27,2.803,12.487,True,reduce_speed,reduce_speed,False
48.7,5.41,fog,False,72.3,2,cattle_crossing,False,82,0.9099,CLEAR,True,23.58,accelerometer,6.67,0.522,5.409,True,proceed_with_caution,proceed_with_caution,False
111.8,17.57,clear,True,69.3,7,equipment_failure_ahead,True,1512,,CLEAR,True,0.81,track_circuit,9.43,2.5,17.523,True,reduce_speed,reduce_speed,False
71.4,18.42,clear,False,89.7,5,equipment_failure_ahead,True,1691,0.9461,CLEAR,True,17.79,axle_counter,15.48,1.02,18.386,True,reduce_speed,reduce_speed,False
171.9,17.77,clear,True,38.0,8,track_buckling,False,493,1.023,OCCUPIED,True,16.65,track_circuit,6.2,5.91,17.746,True,reduce_speed,reduce_speed,False
85.5,12.11,rain,False,91.9,2,sensor_miscount,False,466,1.0095,CLEAR,False,14.83,vibration,8.5,1.901,12.099,True,proceed_with_caution,proceed_with_caution,False
191.3,19.54,snow,False,39.6,6,stranded_vehicle,False,1032,1.1246,OCCUPIED,True,17.46,vibration,6.13,13.906,19.485,True,reduce_speed,reduce_speed,False
195.6,17.52,fog,False,40.1,7,boulder,False,1701,0.9953,CLEAR,True,12.96,track_circuit,5.37,8.417,17.428,True,reduce_speed,reduce_speed,False
185.9,2.26,clear,False,90.4,4,signal_cable_theft,True,272,1.12,CLEAR,False,23.21,track_circuit,0.73,6.912,2.246,False,reroute,reroute,False
137.9,19.63,heavy_rain,True,48.0,4,cattle_crossing,False,892,1.0049,CLEAR,True,4.38,track_circuit,8.54,6.085,19.596,True,reduce_speed,reduce_speed,False
86.5,11.07,clear,False,72.8,4,cattle_crossing,False,472,0.96,CLEAR,True,12.1,track_circuit,7.68,1.496,11.059,True,proceed_with_caution,proceed_with_caution,False
170.1,18.42,heavy_rain,False,62.5,1,environmental_false_positive,False,1712,0.9367,CLEAR,False,16.5,accelerometer,6.5,9.259,18.339,True,proceed_with_caution,proceed_with_caution,False
153.7,15.25,clear,False,95.4,8,stranded_vehicle,False,1770,,CLEAR,True,22.76,axle_counter,5.95,4.725,15.174,True,reduce_speed,reduce_speed,False
196.5,13.02,rain,True,84.7,5,signal_cable_theft,True,214,,CLEAR,False,12.44,axle_counter,3.98,10.039,13.008,True,reduce_speed,reduce_speed,False
103.5,6.67,snow,False,53.4,8,stranded_vehicle,True,332,,CLEAR,True,24.44,accelerometer,3.87,4.071,6.66,True,reroute,reroute,False
54.1,0.74,clear,False,86.9,10,landslide_debris,True,356,0.8897,OCCUPIED,True,16.58,vibration,0.82,0.585,0.735,False,reroute,reroute,False
199.7,5.68,fog,False,45.8,8,stranded_vehicle,True,1632,,OCCUPIED,True,17.63,vibration,1.71,8.774,5.589,False,reroute,reroute,False
174.9,13.78,flood,True,73.1,9,equipment_failure_ahead,False,1807,1.0886,OCCUPIED,True,20.55,track_circuit,4.73,10.401,13.692,True,emergency_stop,emergency_stop,False
79.3,17.29,clear,False,82.6,4,cattle_crossing,True,776,0.8891,CLEAR,True,18.48,track_circuit,13.08,1.258,17.273,True,proceed_with_caution,proceed_with_caution,False
157.5,0.25,clear,False,79.2,9,boulder,False,357,1.0607,CLEAR,True,13.3,track_circuit,0.1,4.961,0.234,False,emergency_stop,emergency_stop,False
45.1,4.32,fog,False,76.0,2,sensor_miscount,True,1344,1.101,CLEAR,True,19.43,track_circuit,5.75,0.447,4.303,True,proceed_with_caution,proceed_with_caution,False
131.5,13.53,clear,False,88.1,9,equipment_failure_ahead,False,1787,0.8922,CLEAR,True,1.38,track_circuit,6.17,3.458,13.465,True,emergency_stop,emergency_stop,False
101.2,5.82,clear,False,68.9,6,unknown_obstruction,False,1826,,CLEAR,True,23.35,track_circuit,3.45,2.048,5.769,True,reduce_speed,reduce_speed,False
104.1,3.01,rain,False,95.0,1,cattle_crossing,True,918,0.949,OCCUPIED,True,20.67,track_circuit,1.73,2.818,2.983,False,reroute,reroute,False
82.9,1.82,fog,False,40.1,6,stranded_vehicle,False,1573,1.0584,CLEAR,True,16.12,axle_counter,1.32,1.512,1.784,False,emergency_stop,emergency_stop,False
87.6,12.83,clear,False,54.9,8,broken_rail,False,1915,,CLEAR,True,2.18,track_circuit,8.79,1.535,12.783,True,reduce_speed,reduce_speed,False
115.5,11.98,clear,False,84.8,4,environmental_false_positive,False,1661,,CLEAR,True,7.73,track_circuit,6.22,2.668,11.927,True,proceed_with_caution,proceed_with_caution,False
83.5,17.2,heavy_rain,False,51.6,2,environmental_false_positive,True,976,1.0253,CLEAR,False,6.71,track_circuit,12.36,2.231,17.177,True,reduce_speed,reduce_speed,False
117.3,6.43,rain,False,61.0,4,environmental_false_positive,False,559,,CLEAR,True,6.8,axle_counter,3.29,3.577,6.412,True,proceed_with_caution,proceed_with_caution,False
134.5,2.91,heavy_rain,False,84.1,6,water_logging,True,775,,OCCUPIED,False,16.97,vibration,1.3,5.789,2.881,False,reroute,reroute,False
155.2,16.02,clear,False,67.7,6,boulder,False,755,0.9718,OCCUPIED,True,21.97,vibration,6.19,4.817,15.987,True,reduce_speed,reduce_speed,False
150.0,19.77,flood,True,43.1,1,cattle_crossing,True,1976,0.9829,OCCUPIED,True,17.2,track_circuit,7.91,7.65,19.688,True,reduce_speed,reduce_speed,False
82.5,7.34,fog,True,42.2,9,boulder,False,1479,,OCCUPIED,True,10.02,track_circuit,5.34,1.497,7.306,True,emergency_stop,emergency_stop,False
51.1,17.33,clear,False,51.1,7,landslide_debris,False,1724,0.9201,CLEAR,True,24.25,track_circuit,20.35,0.522,17.306,True,reduce_speed,reduce_speed,False
174.1,15.3,snow,True,51.2,2,cattle_crossing,True,1566,0.999,CLEAR,False,21.63,track_circuit,5.27,11.518,15.224,True,reduce_speed,reduce_speed,False
180.2,18.25,rain,False,39.6,7,signal_cable_theft,False,979,,CLEAR,False,17.29,track_circuit,6.08,8.443,18.201,True,reduce_speed,reduce_speed,False
196.7,8.6,clear,True,88.4,2,environmental_false_positive,False,1591,0.9278,CLEAR,True,10.24,accelerometer,2.62,7.738,8.513,True,reduce_speed,reduce_speed,False
193.8,2.21,clear,False,49.8,3,environmental_false_positive,True,1298,0.8833,CLEAR,True,17.25,track_circuit,0.68,7.512,2.14,False,reroute,reroute,False
143.2,2.54,fog,False,86.2,1,environmental_false_positive,False,1493,0.9691,OCCUPIED,True,10.5,track_circuit,1.06,4.511,2.481,False,emergency_stop,emergency_stop,False
183.6,15.31,clear,False,98.1,3,sensor_miscount,False,636,1.0647,OCCUPIED,True,4.3,vibration,5.0,6.742,15.278,True,proceed_with_caution,proceed_with_caution,False
114.4,17.29,clear,False,53.2,5,sensor_miscount,True,501,0.881,CLEAR,True,15.66,axle_counter,9.07,2.617,17.274,True,reduce_speed,reduce_speed,False
167.0,9.25,clear,False,97.9,10,landslide_debris,True,401,,CLEAR,True,17.6,track_circuit,3.32,5.578,9.231,True,emergency_stop,emergency_stop,False
193.1,1.38,clear,False,43.4,7,signal_cable_theft,True,614,0.9611,OCCUPIED,True,9.06,track_circuit,0.43,7.458,1.347,False,reroute,reroute,False
168.4,1.52,clear,False,75.3,8,boulder,True,1959,,CLEAR,True,23.27,accelerometer,0.54,5.672,1.428,False,reroute,reroute,False
109.4,12.05,rain,False,99.4,9,landslide_debris,False,1887,1.0206,CLEAR,True,21.43,track_circuit,6.61,3.112,11.993,True,emergency_stop,emergency_stop,False
103.6,18.39,clear,False,86.6,6,boulder,True,335,,CLEAR,True,14.78,axle_counter,10.65,2.147,18.38,True,reduce_speed,reduce_speed,False
90.2,8.11,clear,False,46.1,2,environmental_false_positive,False,1130,,OCCUPIED,True,1.98,vibration,5.39,1.627,8.082,True,reduce_speed,reduce_speed,False
101.9,13.08,rain,True,48.0,5,sensor_miscount,False,1884,,CLEAR,True,0.92,track_circuit,7.7,2.7,13.027,True,reduce_speed,reduce_speed,False
172.2,10.93,clear,False,48.4,6,equipment_failure_ahead,False,1521,0.9958,CLEAR,True,16.18,vibration,3.81,5.931,10.857,True,reduce_speed,reduce_speed,False
153.7,17.82,fog,False,96.0,6,equipment_failure_ahead,False,1244,1.0235,OCCUPIED,True,20.44,track_circuit,6.96,5.197,17.767,True,reduce_speed,reduce_speed,False
83.7,16.68,clear,False,47.2,8,unknown_obstruction,False,1219,1.1486,CLEAR,True,12.76,track_circuit,11.96,1.401,16.652,True,reduce_speed,reduce_speed,False
155.3,4.15,clear,False,65.7,7,boulder,False,686,0.9824,CLEAR,True,1.08,track_circuit,1.6,4.824,4.12,False,emergency_stop,emergency_stop,False
103.8,13.62,clear,False,54.5,9,unknown_obstruction,False,1853,1.0681,OCCUPIED,True,4.05,accelerometer,7.87,2.155,13.567,True,emergency_stop,emergency_stop,False
131.5,16.98,rain,False,55.3,4,environmental_false_positive,False,212,0.9645,CLEAR,True,5.68,track_circuit,7.75,4.496,16.972,True,reduce_speed,reduce_speed,False
102.4,18.62,clear,False,58.6,8,unknown_obstruction,True,1744,,OCCUPIED,True,15.88,track_circuit,10.91,2.097,18.57,True,reduce_speed,reduce_speed,False
125.9,11.88,heavy_rain,False,54.2,9,boulder,True,1749,,CLEAR,True,12.41,accelerometer,5.66,5.072,11.819,True,emergency_stop,proceed_with_caution,True
158.1,3.68,clear,False,72.0,8,boulder,True,559,1.0002,OCCUPIED,True,3.0,track_circuit,1.4,4.999,3.655,False,reroute,reroute,False
158.3,11.25,rain,False,59.8,9,unknown_obstruction,True,1048,1.0135,CLEAR,True,12.79,accelerometer,4.26,6.515,11.204,True,emergency_stop,emergency_stop,False
161.7,13.38,rain,False,60.9,6,boulder,True,1776,1.0328,CLEAR,True,21.8,vibration,4.96,6.798,13.3,True,reduce_speed,reduce_speed,False
105.6,5.6,clear,False,65.4,9,stranded_vehicle,True,975,,OCCUPIED,True,11.26,axle_counter,3.18,2.23,5.571,True,emergency_stop,emergency_stop,False
152.0,19.47,rain,False,54.9,4,water_logging,False,635,0.9737,CLEAR,True,4.17,vibration,7.69,6.007,19.443,True,reduce_speed,reduce_speed,False
82.0,4.74,clear,False,82.8,8,boulder,True,186,0.9615,CLEAR,True,14.66,vibration,3.47,1.345,4.736,True,reduce_speed,reduce_speed,False
119.0,18.24,clear,True,65.2,7,landslide_debris,True,910,1.0199,CLEAR,False,23.27,track_circuit,9.2,2.832,18.21,True,reroute,reroute,False
135.4,8.62,clear,False,65.6,7,equipment_failure_ahead,False,591,,CLEAR,True,3.34,accelerometer,3.82,3.667,8.598,True,reduce_speed,reduce_speed,False
151.4,0.21,heavy_rain,True,44.7,8,unknown_obstruction,True,1710,,OCCUPIED,True,4.33,accelerometer,0.08,7.335,0.138,False,reroute,reroute,False
186.4,10.96,snow,True,32.2,9,unknown_obstruction,False,1730,,CLEAR,True,14.39,accelerometer,3.53,13.203,10.87,False,emergency_stop,emergency_stop,False
92.2,12.64,clear,False,86.6,5,fallen_tree,True,682,0.9984,CLEAR,False,8.83,axle_counter,8.23,1.7,12.623,True,reduce_speed,reduce_speed,False
176.0,17.41,rain,False,89.9,10,track_buckling,False,460,1.0062,CLEAR,True,22.44,axle_counter,5.94,8.054,17.388,True,emergency_stop,emergency_stop,False
93.2,10.9,fog,False,46.9,5,water_logging,False,617,1.0806,CLEAR,True,17.96,axle_counter,7.02,1.911,10.884,True,reduce_speed,reduce_speed,False
130.5,2.06,clear,False,55.2,7,water_logging,True,834,,OCCUPIED,True,4.1,track_circuit,0.95,3.406,2.03,False,reroute,reroute,False
173.4,18.55,heavy_rain,True,55.1,9,landslide_debris,False,1354,,CLEAR,True,21.83,axle_counter,6.42,9.622,18.485,True,emergency_stop,emergency_stop,False
157.1,11.39,rain,True,77.9,1,environmental_false_positive,False,347,1.0171,CLEAR,False,16.24,axle_counter,4.35,6.417,11.375,True,reduce_speed,reduce_speed,False
178.7,5.58,snow,True,43.1,7,equipment_failure_ahead,False,2000,,OCCUPIED,True,12.59,vibration,1.87,12.135,5.481,False,emergency_stop,emergency_stop,False
171.3,18.0,flood,True,98.5,3,cattle_crossing,False,1416,0.9858,CLEAR,False,6.79,track_circuit,6.3,9.977,17.933,True,reduce_speed,reduce_speed,False
87.8,2.59,clear,False,34.3,5,water_logging,False,305,1.1231,OCCUPIED,False,16.42,axle_counter,1.77,1.542,2.583,True,reduce_speed,reduce_speed,False
198.9,2.13,clear,False,98.2,7,water_logging,True,664,,CLEAR,True,22.51,axle_counter,0.64,7.912,2.093,False,reroute,reroute,False
190.2,10.79,rain,False,34.8,8,landslide_debris,True,1417,1.0538,OCCUPIED,False,1.44,axle_counter,3.4,9.406,10.715,True,reroute,reroute,False
111.7,12.57,clear,False,52.2,8,fallen_tree,True,1033,1.071,CLEAR,True,9.69,accelerometer,6.75,2.495,12.538,True,reduce_speed,reduce_speed,False
52.3,10.32,clear,False,47.5,3,cattle_crossing,True,1078,1.0296,CLEAR,True,23.42,vibration,11.84,0.547,10.304,True,reduce_speed,reduce_speed,False
92.0,18.59,flood,True,48.2,6,water_logging,False,130,,CLEAR,True,9.88,track_circuit,12.12,2.878,18.587,True,reduce_speed,reduce_speed,False
174.6,5.4,clear,False,99.6,4,cattle_crossing,True,851,,CLEAR,True,1.38,track_circuit,1.86,6.097,5.359,False,reroute,reroute,False
192.4,19.81,rain,True,62.1,3,environmental_false_positive,False,1248,0.9431,CLEAR,True,2.99,vibration,6.18,9.625,19.743,True,reduce_speed,reduce_speed,False
173.9,0.58,heavy_rain,True,38.4,10,track_buckling,False,1512,,CLEAR,True,17.42,axle_counter,0.2,9.677,0.507,False,emergency_stop,emergency_stop,False
106.5,2.55,clear,False,98.8,7,landslide_debris,True,922,,CLEAR,True,17.65,vibration,1.44,2.268,2.523,False,reroute,reroute,False
53.8,3.88,rain,True,47.0,10,landslide_debris,True,1132,0.9731,CLEAR,True,3.32,track_circuit,4.33,0.753,3.863,True,emergency_stop,emergency_stop,False
125.2,1.78,flood,True,35.1,7,boulder,True,483,1.0323,CLEAR,True,5.87,track_circuit,0.85,5.33,1.763,False,reroute,reroute,False
103.3,8.88,rain,False,31.7,2,cattle_crossing,True,1606,1.122,CLEAR,True,14.31,track_circuit,5.16,2.774,8.834,True,reduce_speed,reduce_speed,False
64.1,17.33,clear,False,62.4,2,environmental_false_positive,False,1411,1.0857,CLEAR,True,17.32,vibration,16.22,0.822,17.305,True,proceed_with_caution,emergency_stop,True
61.4,16.45,clear,False,94.3,8,unknown_obstruction,True,1501,,OCCUPIED,True,4.34,accelerometer,16.07,0.754,16.424,True,reduce_speed,reduce_speed,False
68.7,14.95,snow,False,31.2,7,signal_cable_theft,False,1353,,CLEAR,True,11.68,accelerometer,13.06,1.793,14.924,True,reduce_speed,reduce_speed,False
76.9,0.35,clear,False,80.8,4,water_logging,True,1971,1.0469,CLEAR,False,14.27,axle_counter,0.27,1.183,0.308,False,reroute,reroute,False
161.8,17.34,rain,False,48.2,9,boulder,False,1766,1.0819,CLEAR,False,1.72,vibration,6.43,6.807,17.261,True,emergency_stop,emergency_stop,False
104.2,8.05,clear,False,45.3,3,water_logging,True,1631,0.8944,CLEAR,True,5.98,track_circuit,4.64,2.172,8.003,True,reduce_speed,reduce_speed,False
112.7,14.69,clear,False,79.3,6,stranded_vehicle,False,704,,CLEAR,True,23.01,axle_counter,7.82,2.54,14.668,True,reduce_speed,reduce_speed,False
137.7,14.59,snow,False,82.4,9,unknown_obstruction,True,180,0.9369,CLEAR,True,22.06,accelerometer,6.36,7.205,14.583,True,emergency_stop,emergency_stop,False
193.8,3.71,rain,True,69.1,3,cattle_crossing,False,51,,CLEAR,True,8.4,track_circuit,1.15,9.765,3.707,False,emergency_stop,emergency_stop,False
162.3,10.4,flood,True,44.2,8,track_buckling,False,1570,,OCCUPIED,True,21.77,accelerometer,3.84,8.956,10.329,True,reduce_speed,reduce_speed,False
145.1,18.54,clear,False,30.4,4,fallen_tree,True,1804,0.8916,OCCUPIED,False,16.0,track_circuit,7.67,4.211,18.467,True,reduce_speed,reduce_speed,False
160.3,5.41,rain,True,81.6,8,boulder,False,1317,0.9208,OCCUPIED,True,24.55,track_circuit,2.02,6.681,5.351,False,emergency_stop,emergency_stop,False
156.5,14.36,heavy_rain,True,72.0,7,unknown_obstruction,True,1456,0.9668,CLEAR,True,24.17,axle_counter,5.51,7.838,14.297,True,reduce_speed,reduce_speed,False
152.0,19.17,clear,False,59.6,9,landslide_debris,False,225,1.0352,CLEAR,True,15.61,accelerometer,7.57,4.621,19.161,True,emergency_stop,emergency_stop,False
121.9,7.34,clear,False,45.0,8,landslide_debris,False,1153,0.9512,CLEAR,False,11.96,track_circuit,3.61,2.972,7.301,True,reduce_speed,reduce_speed,False
132.9,7.88,heavy_rain,True,83.3,8,track_buckling,True,1231,,OCCUPIED,False,3.99,vibration,3.56,5.652,7.835,True,reroute,reroute,False
116.5,9.16,clear,True,35.0,3,environmental_false_positive,False,355,1.0237,OCCUPIED,True,13.49,track_circuit,4.72,2.714,9.149,True,reduce_speed,reduce_speed,False
106.2,16.22,rain,True,75.0,4,cattle_crossing,True,1514,,CLEAR,True,10.26,vibration,9.16,2.932,16.175,True,reduce_speed,reduce_speed,False
87.0,8.9,flood,False,78.2,4,signal_cable_theft,False,704,1.1021,OCCUPIED,False,16.32,axle_counter,6.14,2.573,8.883,True,reduce_speed,reduce_speed,False
100.1,9.83,clear,False,45.6,5,stranded_vehicle,True,434,1.0561,CLEAR,True,2.69,track_circuit,5.89,2.004,9.818,True,reduce_speed,reduce_speed,False
111.4,4.6,clear,False,63.8,7,landslide_debris,False,1407,0.9384,OCCUPIED,True,20.96,vibration,2.48,2.482,4.556,True,reduce_speed,reduce_speed,False
134.8,19.77,clear,False,66.4,4,environmental_false_positive,False,898,0.9598,OCCUPIED,True,24.19,vibration,8.8,3.634,19.736,True,proceed_with_caution,proceed_with_caution,False
122.5,17.87,clear,False,71.4,10,track_buckling,True,1095,,CLEAR,False,5.63,axle_counter,8.75,3.001,17.833,True,emergency_stop,emergency_stop,False
61.7,12.09,clear,False,93.1,8,landslide_debris,False,1108,,CLEAR,True,16.0,track_circuit,11.76,0.761,12.071,True,reduce_speed,reduce_speed,False
97.7,19.22,fog,False,68.2,1,cattle_crossing,True,1264,,OCCUPIED,True,20.15,track_circuit,11.8,2.1,19.186,True,proceed_with_caution,proceed_with_caution,False
103.3,13.8,clear,False,34.7,7,landslide_debris,False,856,0.8974,OCCUPIED,True,14.08,accelerometer,8.02,2.134,13.775,True,reduce_speed,reduce_speed,False
154.6,19.19,fog,False,54.1,8,landslide_debris,False,1639,,OCCUPIED,True,23.42,vibration,7.45,5.258,19.12,True,reduce_speed,reduce_speed,False
96.6,3.4,clear,False,74.0,1,environmental_false_positive,True,1759,1.0756,OCCUPIED,True,13.04,vibration,2.11,1.866,3.353,True,proceed_with_caution,proceed_with_caution,False
46.2,4.66,clear,False,53.3,3,cattle_crossing,True,993,1.01,CLEAR,True,7.13,vibration,6.05,0.427,4.647,True,reduce_speed,reduce_speed,False
58.1,17.73,clear,False,83.8,5,fallen_tree,False,379,0.9623,CLEAR,True,12.05,vibration,18.31,0.675,17.724,True,reduce_speed,reduce_speed,False
122.0,8.51,fog,False,43.3,8,stranded_vehicle,False,594,,OCCUPIED,True,12.45,track_circuit,4.19,3.274,8.49,True,reduce_speed,reduce_speed,False
74.2,7.55,rain,False,40.0,2,sensor_miscount,True,1555,,CLEAR,True,6.72,axle_counter,6.11,1.431,7.518,True,reduce_speed,reduce_speed,False
121.7,15.14,clear,False,46.2,9,landslide_debris,False,550,0.9606,OCCUPIED,True,19.78,vibration,7.46,2.962,15.121,True,emergency_stop,emergency_stop,False
134.0,12.68,heavy_rain,True,91.3,6,boulder,False,1568,1.0284,OCCUPIED,True,15.63,track_circuit,5.68,5.746,12.622,True,reduce_speed,reduce_speed,False
189.7,7.01,rain,False,77.7,9,broken_rail,False,1341,1.0523,CLEAR,True,9.57,track_circuit,2.22,9.356,6.939,False,emergency_stop,emergency_stop,False
146.6,8.08,clear,False,66.4,8,broken_rail,True,924,,OCCUPIED,False,10.83,axle_counter,3.31,4.298,8.042,True,reroute,reroute,False
49.8,8.29,snow,False,51.0,7,equipment_failure_ahead,True,296,,CLEAR,True,9.61,accelerometer,9.99,0.942,8.286,True,reduce_speed,reduce_speed,False
104.0,2.7,clear,False,94.3,9,stranded_vehicle,True,1102,,CLEAR,True,11.47,vibration,1.56,2.163,2.668,True,emergency_stop,emergency_stop,False
168.0,4.75,clear,False,92.2,10,landslide_debris,True,1401,0.9338,CLEAR,True,13.44,track_circuit,1.7,5.645,4.685,False,reroute,reroute,False
85.4,10.84,rain,True,58.0,4,cattle_crossing,True,349,1.0439,CLEAR,True,8.61,accelerometer,7.62,1.896,10.832,True,reduce_speed,reduce_speed,False
188.4,15.68,clear,False,82.7,5,signal_cable_theft,True,1659,,OCCUPIED,True,20.54,track_circuit,4.99,7.099,15.593,True,reduce_speed,reduce_speed,False
127.0,8.5,clear,False,93.9,6,boulder,False,430,1.0459,CLEAR,False,23.24,track_circuit,4.02,3.226,8.485,True,reduce_speed,reduce_speed,False
59.3,7.79,fog,False,51.9,3,cattle_crossing,True,854,,CLEAR,True,13.31,accelerometer,7.88,0.774,7.776,True,reduce_speed,reduce_speed,False
82.5,13.08,clear,False,53.0,10,track_buckling,True,1087,1.0713,CLEAR,True,17.93,vibration,9.51,1.361,13.055,True,emergency_stop,reroute,True
185.5,3.31,heavy_rain,True,68.2,3,environmental_false_positive,False,1491,0.9719,OCCUPIED,True,23.3,accelerometer,1.07,11.011,3.233,False,emergency_stop,emergency_stop,False
198.7,7.74,snow,False,58.6,2,environmental_false_positive,False,488,0.9501,OCCUPIED,True,5.2,vibration,2.34,15.003,7.713,False,emergency_stop,emergency_stop,False
178.8,4.32,rain,False,83.3,5,water_logging,False,705,,OCCUPIED,True,5.15,vibration,1.45,8.312,4.285,False,emergency_stop,emergency_stop,False
94.7,13.1,fog,False,67.6,5,equipment_failure_ahead,False,1623,0.9651,OCCUPIED,True,2.28,track_circuit,8.3,1.973,13.057,True,reduce_speed,reduce_speed,False
164.2,2.42,fog,False,44.8,8,equipment_failure_ahead,True,693,0.9579,CLEAR,True,11.33,track_circuit,0.88,5.932,2.388,False,reroute,reroute,False
79.4,9.07,flood,True,54.9,6,boulder,False,1252,,CLEAR,True,8.61,accelerometer,6.85,2.143,9.042,True,reduce_speed,reduce_speed,False
104.6,12.0,clear,False,77.0,8,stranded_vehicle,False,826,,CLEAR,True,14.23,accelerometer,6.88,2.188,11.976,True,reduce_speed,reduce_speed,False
153.1,16.71,clear,False,33.7,10,broken_rail,True,160,0.9048,CLEAR,False,11.55,track_circuit,6.55,4.688,16.703,True,emergency_stop,emergency_stop,False
195.2,14.55,rain,False,54.0,7,landslide_debris,True,1053,1.0352,CLEAR,True,5.16,track_circuit,4.47,9.907,14.493,True,reroute,reroute,False
113.1,18.87,rain,True,31.1,4,water_logging,False,748,0.9427,CLEAR,False,10.08,track_circuit,10.01,3.326,18.847,True,reduce_speed,reduce_speed,False
121.9,13.66,clear,False,87.5,5,fallen_tree,True,566,,CLEAR,True,1.21,track_circuit,6.72,2.972,13.641,True,reduce_speed,reduce_speed,False
79.1,7.11,rain,False,38.2,7,equipment_failure_ahead,True,1724,,CLEAR,True,13.67,accelerometer,5.39,1.627,7.072,True,reduce_speed,reduce_speed,False
107.5,4.79,clear,False,35.4,4,water_logging,True,1560,0.9565,CLEAR,True,7.14,track_circuit,2.67,2.311,4.743,True,reduce_speed,reduce_speed,False
54.8,1.32,snow,True,85.1,5,sensor_miscount,False,591,,CLEAR,False,3.25,axle_counter,1.45,1.141,1.311,False,emergency_stop,emergency_stop,False
178.1,5.7,clear,False,36.3,3,water_logging,False,1072,,OCCUPIED,True,2.11,accelerometer,1.92,6.344,5.647,False,emergency_stop,emergency_stop,False
48.6,2.91,clear,False,77.9,8,boulder,False,1454,,CLEAR,True,18.0,axle_counter,3.59,0.472,2.89,True,reduce_speed,reduce_speed,False
150.9,7.51,clear,False,56.6,1,environmental_false_positive,False,153,0.9742,CLEAR,True,6.56,axle_counter,2.99,4.554,7.504,True,reduce_speed,reduce_speed,False
87.3,14.11,clear,False,87.5,8,landslide_debris,False,233,,CLEAR,False,16.64,track_circuit,9.7,1.524,14.104,True,reduce_speed,reduce_speed,False
118.8,13.9,clear,False,42.8,10,landslide_debris,True,1103,0.9896,CLEAR,True,20.48,track_circuit,7.02,2.823,13.864,True,emergency_stop,emergency_stop,False
88.6,6.5,clear,False,35.9,9,stranded_vehicle,True,1865,1.0968,OCCUPIED,False,12.75,track_circuit,4.4,1.57,6.454,True,emergency_stop,emergency_stop,False
107.0,10.27,clear,False,46.0,3,sensor_miscount,False,1859,1.0378,CLEAR,False,3.76,track_circuit,5.76,2.29,10.215,True,reduce_speed,reduce_speed,False
129.8,4.49,clear,False,95.2,8,stranded_vehicle,False,926,,CLEAR,True,15.56,track_circuit,2.08,3.37,4.457,True,reduce_speed,reduce_speed,False
144.3,10.16,clear,False,88.0,7,landslide_debris,False,1423,,CLEAR,False,2.25,track_circuit,4.22,4.164,10.103,True,reduce_speed,reduce_speed,False
190.7,10.3,clear,False,50.0,7,fallen_tree,False,1009,,CLEAR,True,20.52,track_circuit,3.24,7.273,10.247,True,reduce_speed,reduce_speed,False
96.5,6.17,clear,False,44.4,8,fallen_tree,False,1815,0.9495,CLEAR,True,19.16,track_circuit,3.84,1.862,6.121,True,reduce_speed,reduce_speed,False
135.7,5.34,clear,False,41.0,9,landslide_debris,False,1161,1.0754,CLEAR,True,10.35,accelerometer,2.36,3.683,5.296,True,emergency_stop,emergency_stop,False
184.8,19.6,clear,False,45.5,3,cattle_crossing,False,1788,1.0098,OCCUPIED,False,7.09,track_circuit,6.36,6.83,19.508,True,reduce_speed,reduce_speed,False
90.0,10.84,clear,False,44.4,6,boulder,False,759,0.9813,OCCUPIED,True,17.88,track_circuit,7.23,1.62,10.821,True,reduce_speed,reduce_speed,False
179.1,11.33,clear,False,92.2,7,fallen_tree,True,1866,,OCCUPIED,True,14.4,accelerometer,3.8,6.415,11.237,True,reduce_speed,reduce_speed,False
193.4,0.35,fog,True,31.4,6,signal_cable_theft,True,1465,0.8759,CLEAR,True,4.05,track_circuit,0.11,8.229,0.271,False,reroute,reroute,False
176.4,3.8,flood,True,91.6,5,sensor_miscount,True,1547,0.9295,CLEAR,True,19.1,axle_counter,1.29,10.58,3.724,False,reroute,reroute,False
133.3,7.26,snow,False,32.9,4,fallen_tree,True,78,1.0385,CLEAR,True,8.68,vibration,3.27,6.752,7.257,True,reduce_speed,reduce_speed,False
156.9,19.33,rain,True,87.9,8,fallen_tree,True,1623,1.0404,CLEAR,True,22.4,axle_counter,7.39,6.401,19.259,True,reduce_speed,reduce_speed,False
119.6,3.67,rain,False,59.8,4,fallen_tree,False,366,1.0988,OCCUPIED,True,20.82,track_circuit,1.84,3.719,3.658,False,emergency_stop,emergency_stop,False
137.6,6.21,clear,False,35.4,5,equipment_failure_ahead,False,1876,0.8646,CLEAR,True,7.26,vibration,2.71,3.787,6.138,True,reduce_speed,reduce_speed,False
196.0,19.81,heavy_rain,True,85.9,8,track_buckling,False,418,,CLEAR,True,6.75,vibration,6.06,12.293,19.787,True,reduce_speed,reduce_speed,False
83.9,9.73,fog,False,48.0,10,track_buckling,False,1661,0.9253,OCCUPIED,False,10.25,track_circuit,6.96,1.549,9.691,True,emergency_stop,emergency_stop,False
167.8,6.5,heavy_rain,True,91.5,3,water_logging,True,1289,,CLEAR,True,20.21,track_circuit,2.32,9.01,6.44,False,reroute,reroute,False
123.5,12.76,snow,True,82.7,10,track_buckling,True,815,0.9961,CLEAR,True,3.7,track_circuit,6.2,5.796,12.732,True,emergency_stop,emergency_stop,False
72.4,10.03,clear,False,98.7,6,boulder,False,1787,1.051,CLEAR,False,8.24,vibration,8.31,1.048,9.994,True,reduce_speed,reduce_speed,False
144.7,19.16,fog,False,88.2,9,landslide_debris,True,807,,CLEAR,True,16.65,track_circuit,7.94,4.606,19.128,True,emergency_stop,emergency_stop,False
167.8,1.85,heavy_rain,False,46.9,4,signal_cable_theft,False,174,1.0607,CLEAR,False,1.32,track_circuit,0.66,9.01,1.842,False,emergency_stop,emergency_stop,False
133.2,15.85,clear,False,58.6,8,broken_rail,False,197,0.9503,OCCUPIED,True,1.87,axle_counter,7.14,3.548,15.843,True,reduce_speed,proceed_with_caution,True
174.8,5.73,snow,True,78.8,5,signal_cable_theft,True,1713,0.9951,OCCUPIED,True,19.17,accelerometer,1.97,11.611,5.647,False,reroute,reroute,False
101.7,16.17,clear,False,52.1,3,environmental_false_positive,False,800,,CLEAR,True,13.3,track_circuit,9.54,2.069,16.147,True,reduce_speed,reduce_speed,False
186.6,16.98,flood,True,68.3,8,fallen_tree,True,1648,,CLEAR,False,14.16,track_circuit,5.46,11.839,16.895,True,reduce_speed,reduce_speed,False
145.5,17.01,heavy_rain,True,46.6,8,unknown_obstruction,False,89,1.05,CLEAR,True,6.6,axle_counter,7.01,6.774,17.006,True,reduce_speed,reduce_speed,False
169.5,17.36,clear,True,76.4,3,sensor_miscount,False,199,1.0123,OCCUPIED,True,13.53,vibration,6.15,5.746,17.351,True,reduce_speed,reduce_speed,False
87.3,14.42,fog,False,53.9,4,environmental_false_positive,False,1977,1.0384,OCCUPIED,True,13.85,axle_counter,9.91,1.677,14.372,True,reduce_speed,reduce_speed,False
114.1,3.02,clear,False,33.9,2,sensor_miscount,False,329,1.0652,CLEAR,False,10.64,accelerometer,1.59,2.604,3.01,True,reduce_speed,reduce_speed,False
186.0,1.23,heavy_rain,True,97.7,9,stranded_vehicle,False,1391,1.0225,CLEAR,True,24.13,track_circuit,0.4,11.071,1.158,False,emergency_stop,emergency_stop,False
52.9,6.95,heavy_rain,True,89.1,7,fallen_tree,True,732,,CLEAR,True,1.71,track_circuit,7.88,0.895,6.939,True,reduce_speed,reduce_speed,False
107.6,10.0,rain,False,51.3,7,water_logging,False,1025,1.0377,OCCUPIED,True,10.67,track_circuit,5.58,3.01,9.969,True,reduce_speed,reduce_speed,False
165.9,6.19,heavy_rain,False,39.1,10,landslide_debris,False,273,,CLEAR,True,21.51,track_circuit,2.24,8.807,6.177,False,emergency_stop,emergency_stop,False
160.3,14.9,clear,False,81.5,3,water_logging,True,570,0.9788,CLEAR,True,5.55,axle_counter,5.58,5.139,14.875,True,reduce_speed,reduce_speed,False
177.0,14.5,clear,False,45.4,7,landslide_debris,True,1529,0.9529,OCCUPIED,False,23.41,vibration,4.92,6.266,14.425,True,reroute,reroute,False
159.6,19.44,clear,False,72.4,9,landslide_debris,False,1095,1.0348,CLEAR,True,10.92,track_circuit,7.31,5.094,19.391,True,emergency_stop,emergency_stop,False
191.8,8.13,clear,False,84.5,9,unknown_obstruction,True,1033,,CLEAR,True,4.34,vibration,2.54,7.357,8.075,True,emergency_stop,emergency_stop,False
122.2,15.76,clear,False,49.1,5,sensor_miscount,False,1893,,CLEAR,False,2.78,track_circuit,7.74,2.987,15.696,True,reduce_speed,reduce_speed,False
141.8,14.88,clear,False,49.9,4,cattle_crossing,True,851,0.9336,CLEAR,False,8.51,axle_counter,6.3,4.021,14.846,True,reduce_speed,reduce_speed,False
176.4,19.78,clear,False,34.3,9,stranded_vehicle,True,1617,1.1135,CLEAR,False,23.03,track_circuit,6.73,6.223,19.701,True,emergency_stop,emergency_stop,False
153.8,15.52,clear,False,52.4,3,cattle_crossing,False,1464,1.0516,CLEAR,True,23.51,axle_counter,6.05,4.731,15.457,True,reduce_speed,reduce_speed,False
60.8,5.81,snow,True,71.8,6,unknown_obstruction,False,948,1.0052,CLEAR,False,14.3,track_circuit,5.73,1.405,5.794,True,reduce_speed,reduce_speed,False
101.9,0.5,clear,False,40.9,4,signal_cable_theft,False,621,1.0364,CLEAR,True,3.4,accelerometer,0.29,2.077,0.482,False,emergency_stop,emergency_stop,False
130.7,19.37,snow,False,96.7,8,broken_rail,True,740,,OCCUPIED,False,11.69,accelerometer,8.89,6.491,19.343,True,reroute,reroute,False
162.0,14.38,clear,False,80.6,3,cattle_crossing,False,1750,,CLEAR,True,10.74,vibration,5.33,5.249,14.301,True,proceed_with_caution,proceed_with_caution,False
129.3,16.29,clear,False,44.3,8,stranded_vehicle,False,646,1.0013,CLEAR,True,6.16,accelerometer,7.56,3.344,16.267,True,reduce_speed,reduce_speed,False
165.5,15.91,rain,False,67.1,3,sensor_miscount,True,1325,,OCCUPIED,True,2.36,track_circuit,5.77,7.121,15.849,True,proceed_with_caution,proceed_with_caution,False
174.8,14.77,clear,False,57.4,9,equipment_failure_ahead,False,292,0.9152,CLEAR,True,9.85,axle_counter,5.07,6.111,14.756,True,reduce_speed,reduce_speed,False
86.1,15.08,clear,False,56.8,6,water_logging,True,726,0.9388,OCCUPIED,False,9.61,track_circuit,10.51,1.483,15.063,True,reduce_speed,reduce_speed,False
140.5,18.6,rain,True,69.2,3,water_logging,True,1873,0.9265,CLEAR,False,17.75,accelerometer,7.94,5.132,18.527,True,reduce_speed,reduce_speed,False
131.4,18.3,clear,False,37.6,6,water_logging,True,1103,1.0512,CLEAR,True,10.16,track_circuit,8.36,3.453,18.26,True,reduce_speed,reduce_speed,False
80.2,7.71,clear,False,45.1,7,water_logging,True,1654,0.9939,CLEAR,False,0.82,track_circuit,5.77,1.286,7.673,True,reroute,reroute,False
120.9,0.81,rain,True,40.5,5,equipment_failure_ahead,False,556,0.945,CLEAR,False,0.99,vibration,0.4,3.8,0.791,False,emergency_stop,emergency_stop,False
130.0,0.97,clear,False,42.2,5,sensor_miscount,False,1535,0.9867,CLEAR,True,17.34,track_circuit,0.45,3.38,0.915,False,emergency_stop,emergency_stop,False
171.7,9.04,heavy_rain,True,75.9,7,stranded_vehicle,True,1971,0.9621,OCCUPIED,True,16.69,vibration,3.16,9.434,8.946,False,reroute,reroute,False
116.5,16.73,clear,False,99.7,7,stranded_vehicle,True,1854,,CLEAR,True,4.43,track_circuit,8.62,2.714,16.67,True,reroute,reroute,False
57.5,16.98,flood,True,75.6,3,water_logging,False,899,1.0756,CLEAR,True,21.72,vibration,17.72,1.124,16.966,True,reduce_speed,reduce_speed,False
120.5,8.21,heavy_rain,False,98.9,8,landslide_debris,True,1380,,CLEAR,True,16.73,accelerometer,4.09,4.646,8.164,True,reroute,reroute,False
174.9,6.17,flood,True,70.4,1,cattle_crossing,True,1799,,CLEAR,False,4.27,axle_counter,2.12,10.401,6.083,False,reroute,reroute,False
133.5,10.23,heavy_rain,True,49.8,1,environmental_false_positive,False,1637,0.9131,CLEAR,True,7.55,track_circuit,4.6,5.703,10.169,True,reduce_speed,reduce_speed,False
94.4,16.68,clear,False,91.1,6,signal_cable_theft,True,1958,,CLEAR,True,24.35,track_circuit,10.6,1.782,16.629,True,reduce_speed,reduce_speed,False
187.8,12.8,rain,False,34.7,7,track_buckling,False,111,,OCCUPIED,True,10.49,track_circuit,4.09,9.17,12.794,True,reduce_speed,reduce_speed,False
69.1,2.97,clear,False,37.2,5,sensor_miscount,False,1095,1.1467,OCCUPIED,True,6.3,track_circuit,2.58,0.955,2.949,True,reduce_speed,reduce_speed,False
95.7,7.37,heavy_rain,True,96.3,5,sensor_miscount,False,1594,0.8962,CLEAR,False,13.34,axle_counter,4.62,2.931,7.328,True,reduce_speed,reduce_speed,False
112.8,11.2,rain,True,75.5,6,fallen_tree,False,1474,1.1078,OCCUPIED,True,5.54,track_circuit,5.96,3.308,11.154,True,reduce_speed,reduce_speed,False
159.4,10.86,clear,False,95.0,6,signal_cable_theft,True,349,0.9988,CLEAR,False,19.9,track_circuit,4.09,5.082,10.845,True,reduce_speed,reduce_speed,False
174.5,16.65,snow,False,39.3,10,broken_rail,True,1166,0.989,CLEAR,True,19.96,track_circuit,5.72,11.571,16.593,True,emergency_stop,emergency_stop,False
54.1,18.66,clear,False,83.8,4,environmental_false_positive,False,372,1.0354,CLEAR,True,20.12,accelerometer,20.7,0.585,18.654,True,proceed_with_caution,proceed_with_caution,False
167.8,2.19,rain,False,46.4,7,boulder,False,228,,CLEAR,True,15.62,track_circuit,0.78,7.321,2.179,False,emergency_stop,emergency_stop,False
156.7,4.64,fog,False,54.0,9,track_buckling,False,267,,CLEAR,True,17.5,track_circuit,1.78,5.402,4.628,False,emergency_stop,emergency_stop,False
183.7,7.96,clear,False,92.9,1,cattle_crossing,True,1908,,CLEAR,True,8.37,axle_counter,2.6,6.749,7.863,True,proceed_with_caution,proceed_with_caution,False
184.6,6.07,rain,False,58.8,7,landslide_debris,False,580,1.0007,OCCUPIED,True,22.03,track_circuit,1.97,8.86,6.04,False,emergency_stop,emergency_stop,False
165.5,8.28,heavy_rain,False,76.9,6,water_logging,True,940,,OCCUPIED,True,4.03,accelerometer,3.0,8.765,8.237,False,reroute,reroute,False
74.5,1.01,clear,False,92.1,4,environmental_false_positive,False,550,1.1158,OCCUPIED,False,6.73,track_circuit,0.81,1.11,0.999,False,emergency_stop,emergency_stop,False
93.7,1.51,rain,True,91.0,7,boulder,False,1794,1.0391,CLEAR,False,24.82,vibration,0.97,2.283,1.463,False,emergency_stop,emergency_stop,False
190.1,16.8,clear,False,30.6,6,water_logging,True,1784,0.9531,OCCUPIED,True,24.03,axle_counter,5.3,7.228,16.706,True,reduce_speed,reduce_speed,False
137.7,2.23,fog,True,41.1,5,equipment_failure_ahead,False,1329,1.045,CLEAR,False,12.94,vibration,0.97,4.171,2.179,False,emergency_stop,emergency_stop,False
128.5,16.52,clear,False,94.3,4,cattle_crossing,False,1666,,OCCUPIED,False,12.73,vibration,7.71,3.302,16.461,True,proceed_with_caution,proceed_with_caution,False
186.9,6.27,snow,True,69.4,3,cattle_crossing,False,255,,CLEAR,True,3.36,vibration,2.01,13.274,6.257,False,emergency_stop,emergency_stop,False
180.5,6.32,snow,False,63.6,1,cattle_crossing,True,2000,1.0308,OCCUPIED,True,16.66,axle_counter,2.1,12.38,6.22,False,reroute,reroute,False
157.8,2.19,clear,True,34.6,9,track_buckling,True,863,0.9394,CLEAR,True,1.26,axle_counter,0.83,4.98,2.152,False,reroute,reroute,False
181.7,0.46,clear,False,31.8,8,boulder,False,831,,CLEAR,False,8.2,vibration,0.15,6.603,0.418,False,emergency_stop,emergency_stop,False
62.6,7.23,rain,True,96.7,2,sensor_miscount,True,432,1.0404,CLEAR,True,10.75,axle_counter,6.93,1.019,7.222,True,reduce_speed,reduce_speed,False
162.4,16.74,fog,False,63.2,4,water_logging,True,1761,,CLEAR,False,22.4,axle_counter,6.18,5.802,16.661,True,reduce_speed,reduce_speed,False
194.7,18.42,clear,False,85.0,4,fallen_tree,True,381,,CLEAR,True,24.23,track_circuit,5.68,7.582,18.399,True,reduce_speed,reduce_speed,False
52.6,1.42,clear,False,45.4,10,landslide_debris,True,1723,,OCCUPIED,True,24.36,track_circuit,1.62,0.553,1.395,True,emergency_stop,emergency_stop,False
79.6,0.81,clear,False,46.6,4,environmental_false_positive,False,1445,0.9212,CLEAR,False,20.07,track_circuit,0.61,1.267,0.778,False,emergency_stop,emergency_stop,False
168.1,3.34,flood,True,69.2,10,landslide_debris,False,1556,1.1036,CLEAR,True,7.6,track_circuit,1.19,9.608,3.267,False,emergency_stop,emergency_stop,False
125.6,15.37,rain,True,91.3,2,sensor_miscount,False,108,0.9619,CLEAR,False,1.61,axle_counter,7.34,4.102,15.366,True,reduce_speed,reduce_speed,False
58.4,4.26,snow,False,50.2,5,water_logging,False,1490,0.909,OCCUPIED,True,10.93,track_circuit,4.38,1.296,4.236,True,reduce_speed,reduce_speed,False
86.5,4.77,rain,True,53.0,8,broken_rail,True,1934,0.9397,CLEAR,True,7.79,axle_counter,3.31,1.945,4.724,True,reroute,reroute,False
95.2,17.8,snow,False,68.5,5,fallen_tree,False,819,,CLEAR,True,16.55,vibration,11.22,3.444,17.778,True,reduce_speed,reduce_speed,False
94.8,17.52,clear,True,32.8,6,boulder,False,927,1.0068,CLEAR,True,9.59,axle_counter,11.09,1.797,17.496,True,reduce_speed,proceed_with_caution,True
181.0,13.47,clear,False,56.5,4,cattle_crossing,False,268,,CLEAR,True,22.32,vibration,4.47,6.552,13.457,True,reduce_speed,reduce_speed,False
147.6,3.45,snow,True,68.9,4,sensor_miscount,False,1005,0.998,OCCUPIED,True,9.66,track_circuit,1.4,8.279,3.409,False,emergency_stop,emergency_stop,False
158.9,7.75,snow,True,30.3,7,track_buckling,False,1363,0.9338,CLEAR,True,9.76,track_circuit,2.93,9.595,7.69,False,emergency_stop,emergency_stop,False
47.1,4.88,clear,False,74.7,3,water_logging,True,634,0.8928,OCCUPIED,True,19.1,vibration,6.22,0.444,4.872,True,reduce_speed,reduce_speed,False
111.3,13.5,clear,False,33.6,7,water_logging,False,1496,0.9499,CLEAR,True,14.96,vibration,7.28,2.478,13.454,True,reduce_speed,reduce_speed,False
94.3,15.64,rain,False,80.4,10,track_buckling,False,217,1.0073,OCCUPIED,True,6.75,vibration,9.95,2.312,15.634,True,emergency_stop,reroute,True
177.0,3.01,clear,False,86.1,4,cattle_crossing,True,1365,,CLEAR,True,17.08,vibration,1.02,6.266,2.943,False,reroute,reroute,False
192.8,17.98,clear,False,88.7,7,boulder,False,1197,1.059,CLEAR,False,14.29,vibration,5.6,7.434,17.916,True,reduce_speed,reduce_speed,False
110.6,9.36,snow,False,77.1,2,cattle_crossing,True,498,,CLEAR,True,3.05,vibration,5.08,4.648,9.345,True,proceed_with_caution,proceed_with_caution,False
195.8,15.94,clear,False,69.3,6,boulder,True,722,0.9009,CLEAR,True,11.95,vibration,4.88,7.668,15.901,True,reduce_speed,reduce_speed,False
47.2,1.22,fog,False,51.5,4,cattle_crossing,False,518,1.0,OCCUPIED,True,23.01,vibration,1.55,0.49,1.213,True,reduce_speed,reduce_speed,False
95.5,7.34,clear,False,59.7,8,fallen_tree,False,1267,,CLEAR,False,5.69,track_circuit,4.61,1.824,7.306,True,reduce_speed,reduce_speed,False
165.1,0.49,clear,False,36.1,5,water_logging,True,1292,,CLEAR,True,10.66,track_circuit,0.18,5.452,0.431,False,reroute,reroute,False
100.8,14.43,fog,False,79.5,7,water_logging,True,1134,0.9033,CLEAR,True,7.26,track_circuit,8.59,2.235,14.398,True,reroute,reroute,False
187.7,1.77,clear,False,31.7,9,unknown_obstruction,True,428,1.0854,CLEAR,False,13.65,axle_counter,0.57,7.046,1.748,False,reroute,reroute,False
78.9,6.9,fog,False,58.9,4,cattle_crossing,True,473,1.0111,CLEAR,False,24.39,vibration,5.25,1.37,6.89,True,reduce_speed,reduce_speed,False
168.3,15.68,clear,False,65.4,2,environmental_false_positive,False,1632,0.9627,CLEAR,False,8.09,track_circuit,5.59,5.665,15.604,True,proceed_with_caution,proceed_with_caution,False
76.3,15.03,snow,True,75.5,7,track_buckling,True,950,1.0408,CLEAR,True,20.9,track_circuit,11.82,2.212,15.01,True,reroute,reroute,False
75.6,12.88,fog,False,54.0,5,stranded_vehicle,False,899,1.0813,CLEAR,True,21.04,vibration,10.22,1.257,12.861,True,reduce_speed,reduce_speed,False
114.1,13.94,snow,True,61.0,7,landslide_debris,False,651,0.8993,CLEAR,True,6.86,track_circuit,7.33,4.947,13.919,True,reduce_speed,reduce_speed,False
191.5,13.09,clear,False,71.1,7,water_logging,False,1864,0.9741,CLEAR,True,19.43,vibration,4.1,7.334,12.991,True,reduce_speed,reduce_speed,False
135.7,12.9,clear,False,94.6,4,signal_cable_theft,False,517,0.9673,CLEAR,True,24.71,track_circuit,5.7,3.683,12.881,True,reduce_speed,reduce_speed,False
143.4,7.12,clear,False,77.0,1,environmental_false_positive,True,1549,,CLEAR,True,23.87,track_circuit,2.98,4.113,7.058,True,proceed_with_caution,proceed_with_caution,False
46.5,0.76,rain,False,47.8,1,cattle_crossing,True,1551,1.0876,CLEAR,True,15.34,axle_counter,0.98,0.562,0.74,False,reroute,reduce_speed,True
53.8,8.95,clear,False,89.3,5,signal_cable_theft,True,524,,CLEAR,True,4.22,track_circuit,9.98,0.579,8.942,True,reduce_speed,reduce_speed,False
55.4,1.1,clear,False,33.9,6,boulder,True,73,0.9825,CLEAR,True,3.42,track_circuit,1.19,0.614,1.099,True,reduce_speed,reduce_speed,False
172.0,9.48,clear,False,49.1,7,landslide_debris,False,537,1.0267,OCCUPIED,True,7.04,track_circuit,3.31,5.917,9.454,True,reduce_speed,reduce_speed,False
81.7,9.39,clear,False,37.6,3,environmental_false_positive,True,574,0.9859,OCCUPIED,False,15.23,track_circuit,6.9,1.335,9.377,True,reduce_speed,reduce_speed,False
96.0,3.74,clear,False,61.3,6,boulder,False,1503,,OCCUPIED,True,9.96,track_circuit,2.34,1.843,3.7,True,reduce_speed,reduce_speed,False
139.5,15.73,clear,False,74.6,7,landslide_debris,False,1086,,CLEAR,True,17.63,vibration,6.77,3.892,15.688,True,reduce_speed,reduce_speed,False
135.5,14.14,clear,False,67.2,7,unknown_obstruction,True,889,1.0591,CLEAR,False,19.8,track_circuit,6.26,3.672,14.107,True,reduce_speed,reduce_speed,False
108.6,11.28,rain,False,86.8,6,equipment_failure_ahead,True,978,,CLEAR,True,4.92,track_circuit,6.23,3.066,11.25,True,reduce_speed,reduce_speed,False
45.7,18.53,clear,False,69.7,9,broken_rail,False,1908,,OCCUPIED,False,22.68,track_circuit,24.33,0.418,18.506,True,emergency_stop,emergency_stop,False
114.7,5.89,clear,False,46.3,6,stranded_vehicle,False,1884,,OCCUPIED,False,1.98,accelerometer,3.08,2.631,5.83,True,reduce_speed,reduce_speed,False
159.5,5.39,rain,False,67.5,2,environmental_false_positive,True,99,1.092,OCCUPIED,False,6.99,vibration,2.03,6.614,5.386,False,reroute,reroute,False
81.5,3.83,heavy_rain,True,81.5,8,track_buckling,False,1695,1.1518,CLEAR,True,20.46,accelerometer,2.82,2.126,3.792,True,reduce_speed,reduce_speed,False
154.8,10.98,clear,False,65.2,6,water_logging,True,754,,CLEAR,True,5.0,accelerometer,4.26,4.793,10.948,True,reduce_speed,reduce_speed,False
47.3,4.27,rain,True,60.9,7,stranded_vehicle,False,1516,1.059,CLEAR,True,5.89,track_circuit,5.42,0.582,4.25,True,reduce_speed,reduce_speed,False
185.7,17.4,flood,True,67.0,8,unknown_obstruction,False,1971,0.9404,OCCUPIED,False,24.4,vibration,5.62,11.725,17.298,True,reduce_speed,reduce_speed,False
192.3,6.23,rain,False,68.4,6,unknown_obstruction,True,1052,0.9326,CLEAR,True,22.85,track_circuit,1.94,9.615,6.174,False,reroute,reroute,False
45.4,9.92,snow,True,51.7,7,signal_cable_theft,True,1267,1.0592,CLEAR,True,20.41,accelerometer,13.11,0.783,9.904,True,reduce_speed,reduce_speed,False
116.0,10.68,heavy_rain,True,89.8,9,boulder,False,886,,CLEAR,False,4.76,axle_counter,5.52,4.306,10.651,True,emergency_stop,emergency_stop,False
109.1,6.29,clear,False,44.5,2,cattle_crossing,False,195,1.0093,CLEAR,True,6.75,track_circuit,3.46,2.381,6.284,True,reduce_speed,reduce_speed,False
175.5,14.82,clear,False,32.3,4,fallen_tree,False,121,,CLEAR,True,6.26,accelerometer,5.07,6.16,14.814,True,reduce_speed,reduce_speed,False
128.8,13.9,fog,True,81.9,8,unknown_obstruction,False,752,,CLEAR,False,5.13,vibration,6.48,3.65,13.873,True,reduce_speed,reduce_speed,False
139.8,15.26,flood,True,89.0,7,boulder,False,1653,1.0424,CLEAR,True,24.28,accelerometer,6.55,6.645,15.196,True,reduce_speed,reduce_speed,False
76.4,12.2,rain,False,75.0,7,landslide_debris,False,716,0.997,CLEAR,True,4.57,track_circuit,9.58,1.518,12.185,True,reduce_speed,reduce_speed,False
56.9,9.31,clear,False,62.8,2,sensor_miscount,False,890,0.9754,CLEAR,True,18.79,track_circuit,9.82,0.648,9.296,True,proceed_with_caution,proceed_with_caution,False
152.3,9.09,rain,False,98.3,3,water_logging,True,1086,1.1293,CLEAR,True,1.75,track_circuit,3.58,6.031,9.044,True,reduce_speed,reduce_speed,False
141.2,14.39,clear,False,56.0,1,environmental_false_positive,True,676,1.074,OCCUPIED,True,13.82,axle_counter,6.11,3.987,14.363,True,reduce_speed,reduce_speed,False
174.0,7.67,fog,False,58.4,8,landslide_debris,False,1005,,CLEAR,False,2.24,axle_counter,2.64,6.661,7.621,True,reduce_speed,reduce_speed,False
175.9,8.86,rain,True,71.4,3,environmental_false_positive,True,1233,1.0017,OCCUPIED,True,2.01,track_circuit,3.02,8.045,8.8,True,reduce_speed,reduce_speed,False
142.8,3.44,fog,False,60.1,7,landslide_debris,True,1710,0.965,CLEAR,True,6.14,vibration,1.45,4.486,3.372,False,reroute,reroute,False
128.4,13.66,heavy_rain,False,68.9,8,landslide_debris,True,1521,1.0648,CLEAR,False,23.18,track_circuit,6.38,5.276,13.606,True,reroute,reroute,False
186.7,1.72,rain,False,97.7,3,cattle_crossing,False,1645,0.9816,OCCUPIED,False,16.15,vibration,0.55,9.063,1.635,False,emergency_stop,emergency_stop,False
169.2,19.81,rain,False,46.6,10,track_buckling,False,1070,1.0047,CLEAR,True,16.46,accelerometer,7.02,7.443,19.76,True,emergency_stop,emergency_stop,False
181.8,3.05,fog,False,40.4,9,broken_rail,False,1413,1.0369,CLEAR,False,7.79,axle_counter,1.01,7.271,2.979,False,emergency_stop,emergency_stop,False
199.4,7.78,heavy_rain,True,59.6,9,landslide_debris,False,341,1.0126,CLEAR,True,18.23,track_circuit,2.34,12.723,7.761,False,emergency_stop,emergency_stop,False
107.5,4.91,heavy_rain,False,65.3,7,landslide_debris,False,338,1.093,OCCUPIED,True,17.2,track_circuit,2.74,3.698,4.9,True,reduce_speed,emergency_stop,True
156.1,5.96,clear,False,79.9,5,sensor_miscount,False,1848,0.9208,CLEAR,False,11.81,track_circuit,2.29,4.873,5.88,True,reduce_speed,reroute,True
151.7,6.58,rain,True,96.9,7,track_buckling,False,1228,1.004,CLEAR,True,17.22,vibration,2.6,5.983,6.528,True,reduce_speed,reduce_speed,False
72.0,14.42,clear,False,78.2,7,signal_cable_theft,False,270,,CLEAR,True,21.74,axle_counter,12.02,1.037,14.415,True,reduce_speed,reduce_speed,False
143.7,3.7,heavy_rain,True,99.1,2,sensor_miscount,False,845,1.0538,CLEAR,False,24.03,track_circuit,1.54,6.608,3.666,False,emergency_stop,emergency_stop,False
111.4,5.42,rain,False,47.2,8,landslide_debris,False,1941,0.9882,CLEAR,True,24.92,accelerometer,2.92,3.227,5.36,True,reduce_speed,reduce_speed,False
114.8,2.2,clear,False,44.6,2,sensor_miscount,False,91,,OCCUPIED,True,12.46,vibration,1.15,2.636,2.197,False,emergency_stop,emergency_stop,False
72.9,6.76,clear,False,51.5,4,fallen_tree,False,913,0.9971,CLEAR,True,1.3,vibration,5.56,1.063,6.742,True,reduce_speed,reduce_speed,False
160.4,18.84,clear,False,85.1,7,water_logging,False,1682,1.088,OCCUPIED,True,6.11,axle_counter,7.05,5.146,18.765,True,reduce_speed,reduce_speed,False
153.2,7.73,fog,False,43.1,10,landslide_debris,True,1896,1.0493,CLEAR,True,5.32,accelerometer,3.03,5.163,7.649,True,emergency_stop,emergency_stop,False
127.5,15.59,clear,False,43.7,3,environmental_false_positive,True,769,0.948,OCCUPIED,True,7.86,track_circuit,7.34,3.251,15.563,True,reduce_speed,reduce_speed,False
69.3,9.34,clear,False,58.8,1,cattle_crossing,True,1834,1.0143,CLEAR,True,9.33,track_circuit,8.09,0.96,9.305,True,reduce_speed,reduce_speed,False
131.3,9.1,snow,True,52.2,2,cattle_crossing,True,1446,1.0251,CLEAR,True,16.88,accelerometer,4.16,6.551,9.047,True,reduce_speed,reduce_speed,False
60.5,16.51,fog,False,75.3,7,equipment_failure_ahead,False,842,1.0281,CLEAR,True,13.38,accelerometer,16.37,0.805,16.496,True,reduce_speed,reduce_speed,False
97.6,0.73,clear,False,92.3,8,stranded_vehicle,True,1570,,OCCUPIED,True,16.42,axle_counter,0.45,1.905,0.687,False,reroute,reroute,False
102.7,17.32,clear,False,39.7,6,unknown_obstruction,False,1610,,CLEAR,True,24.31,track_circuit,10.12,2.109,17.274,True,reduce_speed,reduce_speed,False
181.9,9.81,flood,True,68.3,3,sensor_miscount,True,586,,CLEAR,True,1.7,track_circuit,3.24,11.25,9.78,False,reroute,reroute,False
109.4,7.15,fog,False,36.2,8,unknown_obstruction,True,225,0.9567,CLEAR,True,0.85,vibration,3.92,2.633,7.143,True,reduce_speed,reduce_speed,False
137.8,18.16,rain,False,45.5,9,unknown_obstruction,False,1573,0.9726,OCCUPIED,False,16.8,vibration,7.91,4.937,18.1,True,emergency_stop,emergency_stop,False
180.6,6.93,clear,False,51.6,8,equipment_failure_ahead,True,211,,CLEAR,True,13.88,track_circuit,2.3,6.523,6.919,True,reduce_speed,reduce_speed,False
111.0,19.56,clear,False,70.5,6,boulder,True,1568,1.0057,CLEAR,True,12.33,track_circuit,10.57,2.464,19.512,True,reduce_speed,reduce_speed,False
182.0,18.74,clear,False,68.8,4,environmental_false_positive,True,744,,CLEAR,False,21.41,vibration,6.18,6.625,18.702,True,proceed_with_caution,proceed_with_caution,False
66.2,5.5,fog,False,75.0,1,environmental_false_positive,False,1421,,CLEAR,True,4.39,vibration,4.98,0.964,5.474,True,proceed_with_caution,proceed_with_caution,False
101.6,6.94,clear,False,87.3,5,signal_cable_theft,True,1239,0.9424,OCCUPIED,True,14.55,axle_counter,4.1,2.065,6.905,True,reduce_speed,reduce_speed,False
59.7,16.28,clear,False,43.1,5,fallen_tree,False,124,0.8959,OCCUPIED,True,23.33,axle_counter,16.36,0.713,16.278,True,reduce_speed,reduce_speed,False
131.9,4.07,fog,False,82.0,7,equipment_failure_ahead,True,68,,OCCUPIED,True,11.42,accelerometer,1.85,3.827,4.068,False,reroute,reroute,False
193.4,14.69,snow,False,76.7,10,track_buckling,True,1278,,OCCUPIED,True,14.71,track_circuit,4.56,14.213,14.621,True,emergency_stop,emergency_stop,False
146.8,2.76,fog,True,35.6,1,cattle_crossing,True,1055,1.066,CLEAR,True,2.21,axle_counter,1.13,4.741,2.717,False,reroute,reroute,False
142.0,4.27,rain,False,54.1,2,cattle_crossing,True,135,1.0365,CLEAR,False,9.05,axle_counter,1.8,5.243,4.265,False,reroute,reroute,False
88.1,10.11,rain,True,31.9,7,boulder,False,1953,0.9531,OCCUPIED,True,1.51,axle_counter,6.89,2.018,10.062,True,reduce_speed,reduce_speed,False
189.3,14.97,clear,False,36.3,5,sensor_miscount,True,515,0.992,CLEAR,True,14.52,accelerometer,4.74,7.167,14.943,True,reduce_speed,reduce_speed,False
118.1,14.84,clear,False,49.9,8,landslide_debris,False,1724,0.9831,OCCUPIED,True,14.97,axle_counter,7.54,2.79,14.783,True,reduce_speed,reduce_speed,False
86.4,12.26,rain,False,47.0,2,sensor_miscount,False,277,1.0214,CLEAR,False,23.8,axle_counter,8.51,1.941,12.253,True,reduce_speed,reduce_speed,False
198.1,5.59,clear,False,93.0,1,environmental_false_positive,True,503,,OCCUPIED,False,16.14,track_circuit,1.69,7.849,5.562,False,reroute,reroute,False
110.6,8.42,rain,True,92.6,8,stranded_vehicle,False,1081,0.9894,CLEAR,True,0.57,vibration,4.57,3.18,8.387,True,reduce_speed,reduce_speed,False
102.6,5.08,snow,False,70.5,3,sensor_miscount,False,1080,0.9978,CLEAR,True,20.91,track_circuit,2.97,4.0,5.049,True,proceed_with_caution,proceed_with_caution,False
50.4,5.68,flood,False,81.5,7,boulder,False,1227,1.0661,OCCUPIED,True,8.58,track_circuit,6.76,0.864,5.663,True,reduce_speed,reduce_speed,False
72.6,6.6,clear,True,100.0,4,environmental_false_positive,False,384,0.9753,OCCUPIED,False,18.0,axle_counter,5.45,1.054,6.592,True,reduce_speed,reduce_speed,False
170.4,12.06,clear,False,58.7,7,equipment_failure_ahead,True,565,0.9415,CLEAR,False,6.97,axle_counter,4.25,5.807,12.033,True,reduce_speed,reduce_speed,False
119.8,4.31,clear,False,66.6,9,boulder,False,563,0.9673,CLEAR,True,19.13,accelerometer,2.16,2.87,4.291,True,emergency_stop,emergency_stop,False
193.0,1.04,clear,False,75.6,5,sensor_miscount,False,909,1.022,CLEAR,True,23.22,vibration,0.32,7.45,0.991,False,emergency_stop,emergency_stop,False
58.0,13.91,clear,False,94.4,3,cattle_crossing,False,1850,0.8937,CLEAR,False,2.44,vibration,14.39,0.673,13.88,True,proceed_with_caution,proceed_with_caution,False
140.5,0.63,clear,False,85.8,1,cattle_crossing,True,952,1.0718,OCCUPIED,False,13.84,track_circuit,0.27,3.948,0.593,False,reroute,reroute,False
156.6,19.42,fog,False,34.5,4,sensor_miscount,True,1996,,CLEAR,True,13.74,axle_counter,7.44,5.395,19.333,True,reduce_speed,reduce_speed,False
141.3,7.14,rain,False,79.9,1,cattle_crossing,False,540,1.026,CLEAR,True,7.52,accelerometer,3.03,5.191,7.119,True,proceed_with_caution,proceed_with_caution,False
127.1,0.33,snow,True,47.6,10,broken_rail,False,523,,OCCUPIED,True,8.87,axle_counter,0.16,6.139,0.312,False,emergency_stop,emergency_stop,False
134.6,17.71,clear,False,47.8,9,track_buckling,True,247,0.96,OCCUPIED,True,17.07,vibration,7.89,3.623,17.701,True,emergency_stop,emergency_stop,False
151.9,12.08,clear,False,68.3,8,stranded_vehicle,True,463,0.9351,CLEAR,False,7.67,axle_counter,4.77,4.615,12.06,True,reroute,reroute,False
178.8,16.38,clear,False,78.7,4,environmental_false_positive,False,658,,CLEAR,True,1.25,track_circuit,5.5,6.394,16.347,True,proceed_with_caution,proceed_with_caution,False
97.1,8.81,clear,False,41.1,8,boulder,True,798,0.9096,CLEAR,False,19.35,axle_counter,5.44,1.886,8.788,True,reduce_speed,reduce_speed,False
116.2,7.21,clear,False,52.0,10,broken_rail,True,1442,,CLEAR,True,15.82,track_circuit,3.72,2.7,7.163,True,emergency_stop,emergency_stop,False
143.6,13.17,flood,True,80.1,9,track_buckling,False,919,0.9902,OCCUPIED,True,6.64,track_circuit,5.5,7.011,13.133,True,emergency_stop,emergency_stop,False
93.7,8.24,clear,False,40.6,1,environmental_false_positive,True,1388,,CLEAR,True,24.06,track_circuit,5.28,1.756,8.204,True,reduce_speed,reduce_speed,False
72.7,11.21,clear,False,89.5,4,cattle_crossing,True,224,0.963,CLEAR,True,22.51,track_circuit,9.25,1.057,11.205,True,proceed_with_caution,proceed_with_caution,False
194.8,5.7,rain,False,61.9,5,water_logging,False,1897,1.0391,OCCUPIED,True,24.13,track_circuit,1.76,9.866,5.597,False,emergency_stop,emergency_stop,False
75.2,6.79,rain,False,71.0,8,fallen_tree,True,338,1.0776,CLEAR,True,13.05,accelerometer,5.42,1.47,6.783,True,reduce_speed,reduce_speed,False
81.1,1.83,rain,False,35.6,3,water_logging,True,115,,CLEAR,True,6.26,track_circuit,1.35,1.71,1.827,False,reroute,reroute,False
140.9,15.67,clear,False,96.8,8,equipment_failure_ahead,False,878,1.1297,CLEAR,False,4.76,vibration,6.67,3.971,15.636,True,reduce_speed,reduce_speed,False
57.0,7.11,heavy_rain,False,93.5,2,cattle_crossing,False,1320,0.9424,CLEAR,True,23.74,axle_counter,7.48,1.04,7.089,True,proceed_with_caution,proceed_with_caution,False
50.3,19.5,clear,False,43.3,2,cattle_crossing,True,509,0.8977,CLEAR,True,22.33,track_circuit,23.26,0.506,19.493,True,reduce_speed,reduce_speed,False
54.9,5.34,clear,False,76.4,3,sensor_miscount,False,368,,CLEAR,False,18.65,track_circuit,5.84,0.603,5.334,True,proceed_with_caution,proceed_with_caution,False
64.1,9.61,fog,False,85.5,9,stranded_vehicle,False,1698,0.9375,CLEAR,True,13.01,accelerometer,9.0,0.904,9.58,True,emergency_stop,emergency_stop,False
111.5,6.25,heavy_rain,False,38.5,5,water_logging,False,1658,,CLEAR,True,9.92,axle_counter,3.36,3.978,6.199,True,reduce_speed,reduce_speed,False
173.5,13.94,clear,False,70.4,5,stranded_vehicle,False,1516,,CLEAR,False,17.73,accelerometer,4.82,6.02,13.867,True,reduce_speed,reduce_speed,False
98.0,16.21,rain,True,89.5,8,boulder,False,480,0.9824,CLEAR,True,0.73,track_circuit,9.92,2.497,16.197,True,reduce_speed,reduce_speed,False
111.3,9.84,clear,False,65.5,4,sensor_miscount,True,1096,0.9217,OCCUPIED,True,13.34,vibration,5.3,2.478,9.806,True,proceed_with_caution,proceed_with_caution,False
138.0,7.47,clear,False,94.7,9,unknown_obstruction,False,1395,1.0766,CLEAR,True,17.13,vibration,3.25,3.809,7.417,True,emergency_stop,emergency_stop,False
91.8,14.95,clear,False,33.3,7,unknown_obstruction,True,894,,OCCUPIED,True,18.97,accelerometer,9.77,1.685,14.927,True,reduce_speed,reduce_speed,False
112.0,3.99,fog,True,94.3,9,unknown_obstruction,True,399,,OCCUPIED,True,11.55,track_circuit,2.14,2.76,3.978,True,emergency_stop,emergency_stop,False
104.9,12.07,clear,False,98.4,6,water_logging,False,1671,,CLEAR,True,18.76,accelerometer,6.9,2.201,12.021,True,reduce_speed,reduce_speed,False
98.0,14.73,fog,False,40.9,8,fallen_tree,True,1880,1.0397,OCCUPIED,True,2.85,track_circuit,9.02,2.113,14.679,True,reduce_speed,reduce_speed,False
105.2,5.53,clear,False,60.2,6,signal_cable_theft,True,373,,OCCUPIED,True,6.22,vibration,3.15,2.213,5.519,True,reduce_speed,reduce_speed,False
46.7,13.18,heavy_rain,False,73.5,6,equipment_failure_ahead,True,1421,1.0819,CLEAR,True,4.04,axle_counter,16.93,0.698,13.162,True,reduce_speed,reduce_speed,False
182.4,14.76,heavy_rain,False,92.5,5,sensor_miscount,False,1781,0.9936,OCCUPIED,False,8.83,axle_counter,4.86,10.646,14.67,True,reduce_speed,reduce_speed,False
196.5,2.52,clear,False,41.2,4,cattle_crossing,False,1105,0.9688,CLEAR,False,8.93,track_circuit,0.77,7.722,2.46,False,emergency_stop,emergency_stop,False
178.7,6.61,clear,False,53.4,5,sensor_miscount,True,145,0.905,CLEAR,False,9.66,vibration,2.22,6.387,6.603,False,reroute,reroute,False
45.9,8.24,clear,False,85.9,4,environmental_false_positive,False,1397,,CLEAR,True,11.91,track_circuit,10.77,0.421,8.222,True,proceed_with_caution,proceed_with_caution,False
161.4,15.56,heavy_rain,False,58.7,9,unknown_obstruction,True,1851,1.0353,OCCUPIED,True,11.19,axle_counter,5.78,8.336,15.477,True,emergency_stop,emergency_stop,False
133.8,11.44,clear,False,72.3,4,sensor_miscount,False,560,1.0141,CLEAR,True,12.52,axle_counter,5.13,3.58,11.419,True,proceed_with_caution,proceed_with_caution,False
59.6,9.1,rain,False,69.2,6,water_logging,False,320,,OCCUPIED,True,18.94,vibration,9.16,0.924,9.095,True,reduce_speed,reduce_speed,False
189.6,6.51,clear,False,98.1,5,fallen_tree,True,542,,CLEAR,True,3.98,axle_counter,2.06,7.19,6.481,False,reroute,reroute,False
165.3,0.28,heavy_rain,True,39.9,1,cattle_crossing,False,1634,,OCCUPIED,True,9.09,vibration,0.1,8.744,0.205,False,emergency_stop,emergency_stop,False
67.5,0.6,rain,True,96.4,7,fallen_tree,True,1137,0.9702,CLEAR,True,0.5,axle_counter,0.53,1.185,0.579,False,reroute,reroute,False
194.4,4.96,rain,True,69.5,5,equipment_failure_ahead,False,85,1.1223,OCCUPIED,True,1.19,vibration,1.53,9.826,4.955,False,emergency_stop,proceed_with_caution,True
64.6,2.51,flood,False,93.3,1,cattle_crossing,True,1196,0.9421,CLEAR,True,15.36,vibration,2.33,1.419,2.489,True,proceed_with_caution,proceed_with_caution,False
115.5,2.57,clear,False,38.3,3,cattle_crossing,True,1640,0.9978,OCCUPIED,True,21.96,vibration,1.34,2.668,2.517,False,reroute,reroute,False
69.6,12.13,heavy_rain,False,74.9,5,stranded_vehicle,False,411,0.8552,CLEAR,True,7.99,vibration,10.46,1.55,12.122,True,reduce_speed,reduce_speed,False
68.3,12.19,clear,False,88.8,6,signal_cable_theft,False,1189,0.9688,OCCUPIED,False,10.35,axle_counter,10.71,0.933,12.167,True,reduce_speed,reduce_speed,False
195.0,1.09,rain,False,85.1,1,cattle_crossing,False,496,,CLEAR,False,5.64,track_circuit,0.34,9.886,1.063,False,emergency_stop,emergency_stop,False
133.7,11.96,snow,False,30.7,9,boulder,False,87,1.0199,CLEAR,False,4.0,vibration,5.37,6.793,11.957,True,emergency_stop,emergency_stop,False
85.2,3.09,fog,False,61.7,4,environmental_false_positive,True,831,0.9809,OCCUPIED,False,22.16,track_circuit,2.18,1.597,3.07,True,proceed_with_caution,proceed_with_caution,False
165.3,7.67,fog,False,38.1,9,stranded_vehicle,True,1560,0.9089,OCCUPIED,True,14.52,track_circuit,2.78,6.011,7.598,True,emergency_stop,emergency_stop,False
180.7,19.8,clear,False,40.7,3,water_logging,False,1355,0.9602,OCCUPIED,True,17.77,vibration,6.57,6.53,19.732,True,reduce_speed,reduce_speed,False
187.2,10.54,clear,False,79.4,9,track_buckling,True,248,,CLEAR,True,22.11,axle_counter,3.38,7.009,10.527,True,emergency_stop,emergency_stop,False
189.6,0.88,clear,False,97.0,1,cattle_crossing,False,412,0.9402,CLEAR,False,14.92,axle_counter,0.28,7.19,0.858,False,emergency_stop,emergency_stop,False
185.4,7.08,rain,True,74.4,5,sensor_miscount,True,1103,0.9489,CLEAR,True,4.92,accelerometer,2.29,8.937,7.023,False,reroute,reroute,False
144.0,13.48,rain,False,37.2,7,unknown_obstruction,True,675,,CLEAR,True,17.98,track_circuit,5.62,5.391,13.453,True,reduce_speed,reduce_speed,False
98.1,4.65,clear,False,47.1,9,landslide_debris,True,697,,OCCUPIED,False,18.82,track_circuit,2.84,1.925,4.631,True,emergency_stop,emergency_stop,False
188.5,19.3,clear,True,56.5,7,equipment_failure_ahead,True,900,,CLEAR,True,10.64,track_circuit,6.14,7.106,19.253,True,reduce_speed,reduce_speed,False
64.0,8.62,clear,False,38.8,5,sensor_miscount,True,1531,0.9894,CLEAR,True,15.61,track_circuit,8.08,0.819,8.593,True,reduce_speed,reduce_speed,False
71.2,0.62,clear,False,89.4,8,fallen_tree,True,1173,,CLEAR,True,12.37,vibration,0.52,1.014,0.597,False,reroute,reroute,False
112.2,10.9,clear,False,43.6,7,track_buckling,True,1714,,CLEAR,True,8.66,vibration,5.83,2.518,10.847,True,reroute,proceed_with_caution,True
89.0,13.59,snow,True,39.1,8,fallen_tree,False,249,1.0175,CLEAR,True,16.97,axle_counter,9.16,3.01,13.584,True,reduce_speed,reduce_speed,False
140.4,9.23,rain,False,80.8,8,unknown_obstruction,False,955,,CLEAR,False,6.56,track_circuit,3.94,5.125,9.193,True,reduce_speed,reduce_speed,False
185.3,18.58,clear,False,38.9,7,fallen_tree,True,1123,0.9537,CLEAR,True,8.52,axle_counter,6.02,6.867,18.522,True,reduce_speed,reduce_speed,False
121.1,18.06,fog,False,58.7,2,cattle_crossing,True,1528,0.9949,OCCUPIED,False,10.44,track_circuit,8.95,3.226,18.009,True,reduce_speed,reduce_speed,False
130.8,2.95,heavy_rain,False,66.1,2,sensor_miscount,True,1055,1.0545,CLEAR,True,15.56,vibration,1.35,5.475,2.912,False,reroute,reroute,False
110.6,1.78,clear,False,35.6,8,unknown_obstruction,True,1838,1.0756,CLEAR,True,21.38,axle_counter,0.97,2.446,1.724,False,reroute,reroute,False
154.7,6.38,clear,True,68.9,5,signal_cable_theft,False,1684,,OCCUPIED,True,15.57,track_circuit,2.47,4.786,6.308,True,reduce_speed,reduce_speed,False
60.6,12.24,clear,False,63.6,2,sensor_miscount,True,1394,,CLEAR,True,18.29,vibration,12.12,0.734,12.217,True,proceed_with_caution,proceed_with_caution,False
52.5,12.11,clear,False,76.8,9,boulder,False,825,1.0668,OCCUPIED,False,7.67,vibration,13.84,0.551,12.098,True,emergency_stop,reroute,True
144.4,5.58,fog,False,45.3,9,unknown_obstruction,True,678,1.0307,OCCUPIED,True,14.89,track_circuit,2.32,4.587,5.553,True,emergency_stop,emergency_stop,False
127.9,19.03,flood,True,55.0,4,fallen_tree,True,1090,1.062,CLEAR,True,3.04,axle_counter,8.93,5.562,18.991,True,reduce_speed,reduce_speed,False
108.1,6.29,clear,False,76.2,9,boulder,False,953,1.0703,CLEAR,True,11.85,axle_counter,3.49,2.337,6.261,True,emergency_stop,emergency_stop,False
96.8,16.12,fog,False,32.5,6,equipment_failure_ahead,True,107,1.0332,OCCUPIED,False,17.4,track_circuit,9.99,2.061,16.117,True,reduce_speed,reduce_speed,False
53.0,16.67,clear,False,38.1,8,track_buckling,True,498,,CLEAR,True,4.9,track_circuit,18.87,0.562,16.663,True,reroute,reroute,False
150.5,2.15,rain,False,49.8,8,boulder,True,1679,,CLEAR,True,22.6,vibration,0.86,5.889,2.08,False,reroute,reroute,False
110.3,4.8,fog,True,37.4,5,signal_cable_theft,False,944,0.9853,OCCUPIED,True,10.72,accelerometer,2.61,2.677,4.771,True,reduce_speed,reduce_speed,False
114.0,4.46,clear,False,32.8,5,fallen_tree,False,1902,0.9893,OCCUPIED,True,16.94,axle_counter,2.35,2.599,4.4,True,reduce_speed,reduce_speed,False
183.5,18.41,clear,False,99.1,7,boulder,True,529,,CLEAR,True,12.01,axle_counter,6.02,6.734,18.383,True,reduce_speed,reduce_speed,False
159.3,7.15,rain,True,61.9,9,broken_rail,False,1938,1.0106,CLEAR,True,18.44,axle_counter,2.69,6.598,7.064,True,emergency_stop,emergency_stop,False
79.0,16.76,flood,True,67.4,2,sensor_miscount,False,1624,,OCCUPIED,True,14.82,axle_counter,12.73,2.122,16.724,True,reduce_speed,reduce_speed,False
146.9,9.66,clear,False,47.8,2,environmental_false_positive,False,749,0.9404,CLEAR,True,3.5,track_circuit,3.95,4.316,9.629,True,reduce_speed,reduce_speed,False
65.5,9.25,clear,False,30.5,8,boulder,True,1239,,CLEAR,True,23.16,track_circuit,8.47,0.858,9.227,True,reduce_speed,reduce_speed,False
75.1,18.09,clear,False,82.6,1,cattle_crossing,False,1978,0.954,CLEAR,True,16.67,accelerometer,14.45,1.128,18.049,True,proceed_with_caution,proceed_with_caution,False
155.7,8.93,rain,False,80.7,2,environmental_false_positive,True,1285,,CLEAR,True,12.07,vibration,3.44,6.303,8.874,True,proceed_with_caution,proceed_with_caution,False
64.5,14.95,rain,False,98.1,8,boulder,True,1867,1.0786,OCCUPIED,True,17.08,accelerometer,13.91,1.082,14.917,True,reduce_speed,reduce_speed,False
88.4,8.6,heavy_rain,True,31.5,10,track_buckling,False,265,1.0532,CLEAR,False,6.89,track_circuit,5.84,2.501,8.593,True,emergency_stop,emergency_stop,False
184.2,2.22,fog,True,39.6,8,landslide_debris,False,369,0.949,OCCUPIED,True,19.34,axle_counter,0.72,7.465,2.201,False,emergency_stop,emergency_stop,False
159.4,1.25,snow,False,79.8,4,cattle_crossing,True,52,,CLEAR,True,10.58,axle_counter,0.47,9.655,1.248,False,reroute,reroute,False
189.1,4.32,heavy_rain,False,53.1,7,track_buckling,True,684,,CLEAR,True,20.22,track_circuit,1.37,11.443,4.284,False,reroute,reroute,False
181.7,14.5,clear,False,34.5,4,sensor_miscount,False,1589,,CLEAR,True,7.21,track_circuit,4.79,6.603,14.42,True,reduce_speed,reduce_speed,False
93.4,7.6,rain,True,51.1,5,equipment_failure_ahead,False,1930,0.912,CLEAR,True,19.86,vibration,4.88,2.268,7.55,True,reduce_speed,reduce_speed,False
143.0,9.19,clear,False,36.1,8,track_buckling,False,1108,0.9548,CLEAR,True,22.71,vibration,3.86,4.09,9.146,True,reduce_speed,reduce_speed,False
103.7,2.22,clear,False,88.6,4,signal_cable_theft,True,874,,CLEAR,False,24.53,axle_counter,1.28,2.151,2.195,False,reroute,reroute,False
153.1,12.54,snow,False,91.4,8,track_buckling,True,1867,,CLEAR,True,19.53,track_circuit,4.91,8.907,12.461,True,reroute,reroute,False
99.0,16.11,fog,True,74.6,10,landslide_debris,False,1197,1.0505,OCCUPIED,True,17.75,axle_counter,9.76,2.156,16.077,True,emergency_stop,emergency_stop,False
45.2,12.57,flood,True,57.0,5,sensor_miscount,True,1098,,OCCUPIED,False,13.24,track_circuit,16.69,0.695,12.556,True,reduce_speed,reduce_speed,False
59.6,19.7,clear,False,83.8,6,water_logging,False,215,1.0212,CLEAR,True,3.09,track_circuit,19.83,0.71,19.696,True,reduce_speed,reduce_speed,False
164.5,0.52,rain,False,74.2,6,equipment_failure_ahead,False,468,0.9731,CLEAR,True,14.22,axle_counter,0.19,7.036,0.499,False,emergency_stop,emergency_stop,False
58.0,0.51,rain,True,85.4,1,cattle_crossing,False,1411,1.0614,CLEAR,True,14.3,track_circuit,0.53,0.875,0.487,False,emergency_stop,emergency_stop,False
137.9,10.1,clear,True,65.8,8,boulder,False,1412,0.9579,CLEAR,True,2.09,accelerometer,4.39,3.803,10.046,True,reduce_speed,reduce_speed,False
178.0,5.47,clear,False,97.1,3,water_logging,True,1017,0.9204,OCCUPIED,True,17.42,axle_counter,1.84,6.337,5.42,False,reroute,reroute,False
159.9,13.79,rain,False,50.3,7,track_buckling,False,1417,0.9912,CLEAR,True,4.15,track_circuit,5.17,6.648,13.727,True,reduce_speed,reduce_speed,False
109.1,15.91,clear,False,72.3,7,unknown_obstruction,False,1398,,CLEAR,False,15.12,track_circuit,8.75,2.381,15.868,True,reduce_speed,reduce_speed,False
77.3,2.23,snow,True,86.6,4,sensor_miscount,False,177,,OCCUPIED,False,12.08,vibration,1.73,2.271,2.226,False,emergency_stop,emergency_stop,False
188.0,18.36,clear,False,92.6,6,stranded_vehicle,True,1678,0.9371,OCCUPIED,True,21.94,track_circuit,5.86,7.069,18.272,True,reduce_speed,reduce_speed,False
132.8,0.79,clear,False,96.3,2,cattle_crossing,True,1403,,CLEAR,False,6.19,track_circuit,0.36,3.527,0.738,False,reroute,reroute,False
107.8,13.83,fog,False,57.7,5,signal_cable_theft,False,478,1.0247,CLEAR,True,4.69,axle_counter,7.7,2.557,13.816,True,reduce_speed,reduce_speed,False
191.0,7.81,clear,False,79.0,1,environmental_false_positive,False,464,0.9913,OCCUPIED,False,14.0,track_circuit,2.45,7.296,7.785,True,proceed_with_caution,proceed_with_caution,False
78.3,13.42,snow,True,50.3,10,landslide_debris,True,1919,,CLEAR,True,11.78,axle_counter,10.28,2.33,13.378,True,emergency_stop,emergency_stop,False
113.6,2.13,fog,False,75.5,10,landslide_debris,True,546,0.9918,CLEAR,True,4.45,axle_counter,1.12,2.839,2.113,False,reroute,reroute,False
61.8,18.75,clear,False,42.9,8,boulder,True,113,,CLEAR,True,15.54,track_circuit,18.2,0.764,18.748,True,reduce_speed,reduce_speed,False
64.4,18.76,fog,False,59.5,4,water_logging,True,111,,CLEAR,True,22.69,vibration,17.48,0.912,18.758,True,reduce_speed,reduce_speed,False
106.8,10.48,rain,False,94.4,1,cattle_crossing,True,495,,CLEAR,False,18.64,axle_counter,5.89,2.966,10.465,True,proceed_with_caution,proceed_with_caution,False
153.4,10.29,fog,False,86.8,9,boulder,False,1274,,CLEAR,True,5.63,axle_counter,4.02,5.177,10.236,True,emergency_stop,emergency_stop,False
97.5,12.77,heavy_rain,True,64.8,4,water_logging,False,940,,CLEAR,True,6.34,track_circuit,7.86,3.042,12.745,True,reduce_speed,reduce_speed,False
151.9,11.69,fog,False,40.3,4,water_logging,True,1477,1.1012,CLEAR,False,14.16,axle_counter,4.62,5.076,11.628,True,reduce_speed,reduce_speed,False
169.8,10.96,rain,False,57.9,8,boulder,False,502,0.9777,OCCUPIED,True,17.1,track_circuit,3.87,7.496,10.936,True,reduce_speed,reduce_speed,False
181.0,11.87,clear,False,39.7,7,unknown_obstruction,True,499,,OCCUPIED,True,24.49,axle_counter,3.93,6.552,11.845,True,reduce_speed,reduce_speed,False
51.9,17.2,fog,False,34.8,9,broken_rail,False,838,,CLEAR,False,3.07,track_circuit,19.88,0.593,17.188,True,emergency_stop,emergency_stop,False
164.9,12.3,flood,True,93.5,7,water_logging,False,1596,1.0104,CLEAR,True,13.89,accelerometer,4.48,9.245,12.227,True,reduce_speed,reduce_speed,False
67.8,4.08,rain,False,64.4,3,cattle_crossing,True,1031,,CLEAR,True,24.69,track_circuit,3.61,1.195,4.061,True,proceed_with_caution,proceed_with_caution,False
153.2,18.3,fog,False,36.3,7,fallen_tree,False,1536,,CLEAR,True,3.22,accelerometer,7.17,5.163,18.235,True,reduce_speed,reduce_speed,False
102.6,4.48,clear,False,80.2,3,environmental_false_positive,True,232,0.9229,OCCUPIED,True,24.33,accelerometer,2.62,2.105,4.473,True,proceed_with_caution,proceed_with_caution,False
154.7,3.47,fog,False,35.2,3,cattle_crossing,False,849,1.1216,OCCUPIED,True,11.82,axle_counter,1.35,5.265,3.434,False,emergency_stop,emergency_stop,False
78.1,19.94,flood,False,57.7,2,cattle_crossing,False,903,,CLEAR,True,18.08,track_circuit,15.32,2.074,19.92,True,reduce_speed,reduce_speed,False
145.0,4.43,clear,True,46.1,6,unknown_obstruction,False,183,1.0078,CLEAR,True,10.92,track_circuit,1.83,4.205,4.423,False,emergency_stop,emergency_stop,False
64.5,2.18,clear,True,41.5,4,environmental_false_positive,True,663,0.9087,CLEAR,True,21.11,accelerometer,2.03,0.832,2.168,True,reduce_speed,reduce_speed,False
71.3,11.33,rain,False,67.3,1,environmental_false_positive,True,596,1.0951,OCCUPIED,True,22.76,axle_counter,9.53,1.322,11.318,True,proceed_with_caution,proceed_with_caution,False
140.2,16.58,rain,False,80.4,10,track_buckling,True,938,,CLEAR,True,4.58,axle_counter,7.1,5.111,16.543,True,emergency_stop,emergency_stop,False
97.2,1.4,rain,False,64.1,7,boulder,True,372,1.0062,OCCUPIED,True,18.81,track_circuit,0.86,2.456,1.39,False,reroute,reroute,False
154.1,9.9,clear,False,87.5,3,sensor_miscount,True,576,1.0719,CLEAR,True,1.01,vibration,3.85,4.749,9.875,True,proceed_with_caution,proceed_with_caution,False
151.2,1.56,clear,False,94.2,4,cattle_crossing,True,1920,,OCCUPIED,False,7.28,track_circuit,0.62,4.572,1.479,False,reroute,reroute,False
141.4,8.69,rain,True,86.5,3,sensor_miscount,False,329,0.9424,OCCUPIED,True,14.03,track_circuit,3.69,5.198,8.677,True,reduce_speed,reduce_speed,False
158.2,7.01,rain,False,97.0,4,sensor_miscount,True,1645,1.0094,CLEAR,False,15.28,track_circuit,2.66,6.507,6.938,True,proceed_with_caution,proceed_with_caution,False
168.1,2.92,fog,False,95.0,8,fallen_tree,True,1109,0.9068,CLEAR,True,9.45,axle_counter,1.04,6.217,2.868,False,reroute,reroute,False
186.3,18.63,fog,False,88.3,7,fallen_tree,False,202,,OCCUPIED,True,7.13,accelerometer,6.0,7.636,18.62,True,reduce_speed,reduce_speed,False
57.5,12.77,rain,True,50.5,3,cattle_crossing,True,832,,CLEAR,True,4.71,vibration,13.33,0.86,12.757,True,reduce_speed,reduce_speed,False
133.6,16.89,heavy_rain,False,42.2,6,fallen_tree,False,1051,1.0144,OCCUPIED,True,6.37,track_circuit,7.59,5.712,16.851,True,reduce_speed,reduce_speed,False
161.1,18.14,rain,False,80.9,7,signal_cable_theft,False,590,,OCCUPIED,True,3.69,track_circuit,6.76,6.748,18.114,True,reduce_speed,reduce_speed,False
78.6,18.62,rain,True,89.2,5,sensor_miscount,False,570,,OCCUPIED,True,6.9,vibration,14.21,1.606,18.608,True,reduce_speed,reduce_speed,False
85.9,15.01,rain,False,87.6,1,cattle_crossing,False,1439,0.9197,CLEAR,True,20.62,axle_counter,10.48,1.918,14.976,True,proceed_with_caution,proceed_with_caution,False
86.4,6.28,clear,True,75.1,3,sensor_miscount,False,112,0.9707,OCCUPIED,False,7.54,track_circuit,4.36,1.493,6.277,True,reduce_speed,reduce_speed,False
133.7,16.61,clear,False,88.1,3,cattle_crossing,False,1860,0.9641,CLEAR,True,22.74,track_circuit,7.45,3.575,16.541,True,proceed_with_caution,proceed_with_caution,False
101.8,10.5,rain,False,79.5,3,sensor_miscount,False,678,1.0595,CLEAR,False,6.51,axle_counter,6.19,2.694,10.481,True,proceed_with_caution,proceed_with_caution,False
148.2,5.58,snow,False,76.6,8,track_buckling,False,794,0.9906,OCCUPIED,False,12.55,accelerometer,2.26,8.346,5.547,False,emergency_stop,emergency_stop,False
139.6,7.84,fog,False,33.3,3,sensor_miscount,False,298,0.9854,CLEAR,True,4.61,vibration,3.37,4.287,7.828,True,reduce_speed,reduce_speed,False
146.9,6.16,clear,False,62.2,2,sensor_miscount,True,1768,0.9765,CLEAR,True,0.92,track_circuit,2.52,4.316,6.088,True,proceed_with_caution,proceed_with_caution,False
84.1,9.43,rain,True,32.4,7,fallen_tree,True,484,0.8968,CLEAR,True,15.83,vibration,6.73,1.839,9.419,True,reduce_speed,reduce_speed,False
163.9,15.67,clear,False,36.5,2,cattle_crossing,False,1618,0.9941,CLEAR,True,8.78,track_circuit,5.74,5.373,15.596,True,reduce_speed,reduce_speed,False
147.9,9.8,fog,True,67.9,1,environmental_false_positive,False,687,,CLEAR,True,8.95,accelerometer,3.98,4.812,9.772,True,reduce_speed,reduce_speed,False
65.3,5.5,heavy_rain,True,33.3,7,fallen_tree,False,111,1.0139,OCCUPIED,True,10.49,track_circuit,5.05,1.365,5.498,True,reduce_speed,reduce_speed,False
76.0,1.93,rain,False,93.9,3,sensor_miscount,True,847,1.0416,CLEAR,True,19.56,track_circuit,1.52,1.502,1.912,True,proceed_with_caution,proceed_with_caution,False
91.6,17.14,rain,False,61.5,8,equipment_failure_ahead,True,1070,1.0445,OCCUPIED,True,10.29,axle_counter,11.23,2.182,17.113,True,reduce_speed,reduce_speed,False
190.1,8.46,clear,True,79.0,1,environmental_false_positive,False,963,1.1319,CLEAR,False,2.62,track_circuit,2.67,7.228,8.409,True,reduce_speed,reduce_speed,False
95.6,8.95,clear,False,40.3,5,water_logging,False,1975,,CLEAR,True,7.33,track_circuit,5.62,1.828,8.898,True,reduce_speed,reduce_speed,False
48.1,15.32,heavy_rain,False,89.3,8,broken_rail,True,1064,1.0141,CLEAR,True,14.62,axle_counter,19.11,0.74,15.306,True,reroute,reroute,False
67.0,17.02,fog,False,63.5,9,equipment_failure_ahead,False,1569,1.0208,CLEAR,True,24.84,vibration,15.24,0.988,16.991,True,emergency_stop,emergency_stop,False
50.0,10.32,rain,False,69.1,1,cattle_crossing,False,771,0.9808,OCCUPIED,False,4.01,vibration,12.38,0.65,10.309,True,proceed_with_caution,proceed_with_caution,False
107.4,12.72,clear,False,75.4,6,boulder,False,332,,OCCUPIED,False,8.42,track_circuit,7.11,2.307,12.71,True,reduce_speed,reroute,True
168.6,4.94,clear,False,67.8,8,landslide_debris,False,1022,1.0299,OCCUPIED,True,12.4,track_circuit,1.76,5.685,4.892,False,emergency_stop,emergency_stop,False
114.8,18.71,clear,True,69.4,4,environmental_false_positive,True,1142,,CLEAR,True,23.64,axle_counter,9.78,2.636,18.674,True,reduce_speed,reduce_speed,False
175.0,11.44,clear,True,82.1,4,water_logging,True,865,0.9368,CLEAR,True,3.16,axle_counter,3.92,6.125,11.398,True,reduce_speed,reduce_speed,False
52.4,14.45,clear,True,86.5,5,fallen_tree,True,1545,0.8921,OCCUPIED,True,19.95,track_circuit,16.55,0.549,14.428,True,reduce_speed,reduce_speed,False
117.8,2.46,snow,True,51.4,7,stranded_vehicle,True,1931,0.9705,CLEAR,True,18.21,accelerometer,1.25,5.273,2.397,False,reroute,reroute,False
167.0,12.81,rain,False,94.5,2,sensor_miscount,True,207,0.9596,CLEAR,False,8.01,accelerometer,4.6,7.251,12.8,True,proceed_with_caution,proceed_with_caution,False
149.6,7.51,clear,False,54.8,1,cattle_crossing,False,181,1.0362,CLEAR,True,19.46,track_circuit,3.01,4.476,7.502,True,reduce_speed,reduce_speed,False
177.2,9.11,clear,False,49.1,2,environmental_false_positive,False,584,,CLEAR,True,14.58,vibration,3.08,6.28,9.081,True,reduce_speed,reduce_speed,False
87.4,13.71,clear,False,51.8,5,sensor_miscount,True,1193,0.9893,CLEAR,True,4.7,axle_counter,9.41,1.528,13.681,True,reduce_speed,reduce_speed,False
122.6,15.97,heavy_rain,True,55.1,9,equipment_failure_ahead,False,132,0.8976,CLEAR,False,7.5,track_circuit,7.82,4.81,15.966,True,emergency_stop,emergency_stop,False
149.9,7.12,clear,False,52.2,6,unknown_obstruction,False,427,0.9069,CLEAR,False,8.54,axle_counter,2.85,4.494,7.102,True,reduce_speed,reduce_speed,False
71.1,17.49,heavy_rain,True,89.1,6,fallen_tree,False,847,0.9538,CLEAR,True,8.41,track_circuit,14.76,1.618,17.473,True,reduce_speed,reduce_speed,False
171.5,4.54,heavy_rain,False,69.3,4,signal_cable_theft,False,782,,CLEAR,True,18.79,track_circuit,1.59,9.412,4.503,False,emergency_stop,emergency_stop,False
93.3,11.35,clear,False,97.7,7,landslide_debris,True,1701,,CLEAR,True,16.68,accelerometer,7.3,1.741,11.306,True,reroute,reroute,False
59.5,3.2,rain,False,35.9,7,equipment_failure_ahead,True,1116,1.0086,OCCUPIED,False,20.59,axle_counter,3.23,0.92,3.182,True,reduce_speed,reduce_speed,False
163.7,5.93,flood,False,73.0,8,fallen_tree,False,1751,0.8979,OCCUPIED,True,13.01,track_circuit,2.17,9.111,5.85,False,emergency_stop,emergency_stop,False
154.3,17.93,clear,False,36.7,7,signal_cable_theft,True,1532,0.9871,CLEAR,True,9.09,axle_counter,6.97,4.762,17.864,True,reduce_speed,reduce_speed,False
182.0,0.43,clear,False,62.1,4,environmental_false_positive,False,857,,CLEAR,True,2.16,accelerometer,0.14,6.625,0.387,False,emergency_stop,emergency_stop,False
183.3,18.33,snow,True,56.8,7,boulder,True,1957,0.9131,CLEAR,True,19.96,axle_counter,6.0,12.768,18.23,True,reduce_speed,reduce_speed,False
88.2,6.7,snow,True,77.7,1,environmental_false_positive,False,1696,1.0137,OCCUPIED,True,2.33,accelerometer,4.56,2.956,6.658,True,reduce_speed,reduce_speed,False
144.4,13.98,rain,False,82.2,10,landslide_debris,False,1013,,OCCUPIED,True,7.89,accelerometer,5.81,5.421,13.939,True,emergency_stop,emergency_stop,False
199.9,2.02,rain,False,46.7,6,water_logging,False,1709,0.9589,CLEAR,False,16.89,track_circuit,0.61,10.39,1.925,False,emergency_stop,emergency_stop,False
82.8,12.9,clear,False,43.6,4,cattle_crossing,True,551,1.0472,CLEAR,False,19.22,vibration,9.35,1.371,12.887,True,reduce_speed,reduce_speed,False
118.3,18.21,heavy_rain,True,59.4,5,stranded_vehicle,False,456,,CLEAR,True,2.18,vibration,9.24,4.478,18.195,True,reduce_speed,reduce_speed,False
186.1,11.19,rain,False,46.9,8,broken_rail,False,1594,1.0403,CLEAR,True,15.39,vibration,3.61,9.005,11.108,True,reduce_speed,reduce_speed,False
61.0,7.37,clear,False,77.4,8,unknown_obstruction,False,1589,0.93,OCCUPIED,True,3.86,track_circuit,7.25,0.744,7.343,True,reduce_speed,reduce_speed,False
188.9,15.91,fog,False,66.2,7,fallen_tree,False,482,,CLEAR,True,19.05,track_circuit,5.05,7.85,15.885,True,reduce_speed,reduce_speed,False
120.7,14.31,flood,False,87.9,4,cattle_crossing,False,1521,1.0844,CLEAR,True,18.38,track_circuit,7.11,4.953,14.259,True,proceed_with_caution,proceed_with_caution,False
183.4,2.53,heavy_rain,False,98.7,7,unknown_obstruction,False,1040,,CLEAR,True,18.83,axle_counter,0.83,10.763,2.477,False,emergency_stop,emergency_stop,False
141.3,13.38,clear,True,56.5,4,environmental_false_positive,False,1139,1.0968,CLEAR,True,2.06,vibration,5.68,3.993,13.335,True,reduce_speed,reduce_speed,False
149.1,13.36,clear,False,93.8,10,landslide_debris,False,1701,0.9817,CLEAR,False,14.21,vibration,5.38,4.446,13.29,True,emergency_stop,emergency_stop,False
164.8,15.09,snow,False,84.4,7,equipment_failure_ahead,False,362,,OCCUPIED,True,6.4,axle_counter,5.49,10.32,15.073,True,reduce_speed,reduce_speed,False
55.4,6.46,snow,False,40.4,10,landslide_debris,False,837,,OCCUPIED,True,12.65,track_circuit,7.0,1.166,6.447,True,emergency_stop,emergency_stop,False
142.3,8.15,rain,False,88.5,10,broken_rail,True,615,1.0326,OCCUPIED,True,24.74,track_circuit,3.44,5.265,8.126,True,emergency_stop,emergency_stop,False
188.2,19.21,rain,False,63.7,3,cattle_crossing,True,1136,1.0092,CLEAR,False,2.72,vibration,6.12,9.209,19.151,True,proceed_with_caution,proceed_with_caution,False
193.2,11.55,rain,True,79.6,4,environmental_false_positive,False,358,,CLEAR,True,15.05,axle_counter,3.59,9.705,11.531,True,reduce_speed,reduce_speed,False
195.1,10.27,clear,False,79.2,9,boulder,False,283,,OCCUPIED,True,4.54,vibration,3.16,7.613,10.255,True,emergency_stop,emergency_stop,False
145.1,19.74,clear,False,92.0,6,boulder,True,1408,0.9099,OCCUPIED,True,13.0,track_circuit,8.16,4.211,19.683,True,reduce_speed,reduce_speed,False
143.2,4.75,clear,False,83.3,4,sensor_miscount,False,159,,OCCUPIED,True,13.26,axle_counter,1.99,4.101,4.744,True,proceed_with_caution,proceed_with_caution,False
130.6,8.08,clear,False,87.7,7,boulder,True,864,1.102,CLEAR,True,11.68,accelerometer,3.71,3.411,8.049,True,reduce_speed,reduce_speed,False
139.2,15.25,heavy_rain,False,52.5,2,cattle_crossing,True,1974,,CLEAR,True,16.17,track_circuit,6.57,6.201,15.174,True,reduce_speed,reduce_speed,False
139.9,14.32,clear,True,98.1,4,sensor_miscount,False,1998,,CLEAR,True,24.37,track_circuit,6.14,3.914,14.242,True,reduce_speed,reduce_speed,False
51.6,19.34,clear,True,76.3,6,signal_cable_theft,False,399,0.9537,CLEAR,True,20.23,vibration,22.49,0.533,19.334,True,reduce_speed,reduce_speed,False
58.8,13.16,rain,False,84.2,9,track_buckling,False,1858,,CLEAR,True,23.98,axle_counter,13.43,0.899,13.13,True,emergency_stop,emergency_stop,False
141.0,6.4,clear,False,90.1,8,fallen_tree,False,704,0.9667,CLEAR,True,5.14,accelerometer,2.72,3.976,6.372,True,reduce_speed,reduce_speed,False
93.7,8.07,clear,False,38.7,7,equipment_failure_ahead,False,437,0.9469,CLEAR,False,24.83,accelerometer,5.17,1.756,8.059,True,reduce_speed,reduce_speed,False
91.7,1.98,rain,True,53.5,7,water_logging,False,1034,1.0312,CLEAR,True,7.98,vibration,1.3,2.186,1.954,False,emergency_stop,emergency_stop,False
75.0,18.49,clear,False,88.5,9,landslide_debris,False,1002,1.0148,CLEAR,False,1.34,track_circuit,14.79,1.125,18.469,True,emergency_stop,emergency_stop,False
169.2,2.75,rain,True,94.5,9,track_buckling,True,780,1.0948,CLEAR,True,11.19,axle_counter,0.98,7.443,2.713,False,reroute,reroute,False
194.5,11.0,snow,False,82.9,9,stranded_vehicle,True,883,,CLEAR,True,6.53,accelerometer,3.39,14.375,10.952,False,reroute,reroute,False
142.3,8.15,clear,False,63.8,8,equipment_failure_ahead,True,239,,CLEAR,True,19.17,axle_counter,3.44,4.05,8.141,True,reduce_speed,reduce_speed,False
191.5,2.86,snow,True,47.6,6,fallen_tree,True,564,1.0445,CLEAR,False,2.63,accelerometer,0.9,13.935,2.83,False,reroute,reroute,False
182.0,6.0,snow,True,66.8,8,landslide_debris,True,434,1.0613,CLEAR,True,13.93,vibration,1.98,12.587,5.978,False,reroute,reroute,False
78.8,12.74,heavy_rain,True,57.8,3,cattle_crossing,True,1868,0.9259,CLEAR,True,7.59,track_circuit,9.7,1.987,12.699,True,reduce_speed,proceed_with_caution,True
68.8,0.82,rain,False,92.0,7,landslide_debris,True,1012,1.0243,OCCUPIED,True,5.56,axle_counter,0.72,1.231,0.801,False,reroute,reroute,False
77.8,19.33,rain,False,69.7,7,fallen_tree,False,1115,,CLEAR,True,21.95,vibration,14.91,1.574,19.306,True,reduce_speed,reduce_speed,False
59.9,18.2,rain,False,57.4,9,equipment_failure_ahead,True,906,1.0182,OCCUPIED,True,13.13,track_circuit,18.23,0.933,18.185,True,emergency_stop,emergency_stop,False
135.3,1.88,fog,True,64.9,3,sensor_miscount,True,1775,1.0036,CLEAR,True,8.47,track_circuit,0.83,4.027,1.813,False,reroute,emergency_stop,True
88.8,17.39,clear,False,95.3,10,landslide_debris,True,1607,1.1028,CLEAR,True,18.78,vibration,11.75,1.577,17.35,True,emergency_stop,emergency_stop,False
186.5,6.71,flood,False,72.9,3,water_logging,True,1395,0.9465,CLEAR,True,21.4,track_circuit,2.16,11.826,6.638,False,reroute,reroute,False
140.1,1.54,rain,False,46.0,9,boulder,False,658,,CLEAR,True,11.33,track_circuit,0.66,5.103,1.514,False,emergency_stop,emergency_stop,False
100.7,6.26,heavy_rain,False,65.0,8,boulder,False,651,0.9507,CLEAR,False,4.96,vibration,3.73,3.245,6.242,True,reduce_speed,reduce_speed,False
197.6,16.22,clear,False,62.6,10,broken_rail,False,1884,0.9826,CLEAR,True,24.86,vibration,4.93,7.809,16.117,True,emergency_stop,emergency_stop,False
192.7,13.38,clear,False,51.7,3,cattle_crossing,False,1864,1.0176,OCCUPIED,True,9.29,axle_counter,4.17,7.427,13.28,True,reduce_speed,reduce_speed,False
165.7,4.92,rain,False,81.5,5,sensor_miscount,False,601,0.9726,CLEAR,True,5.53,accelerometer,1.78,7.139,4.892,False,emergency_stop,emergency_stop,False
167.7,14.44,rain,False,48.8,9,unknown_obstruction,False,706,1.0604,CLEAR,True,3.03,accelerometer,5.17,7.312,14.407,True,emergency_stop,emergency_stop,False
196.5,14.21,clear,False,64.5,4,fallen_tree,True,696,0.9998,OCCUPIED,True,3.53,axle_counter,4.34,7.722,14.172,True,reduce_speed,reduce_speed,False
138.1,14.91,clear,False,60.9,9,unknown_obstruction,True,1579,,CLEAR,False,23.6,track_circuit,6.48,3.814,14.849,True,emergency_stop,emergency_stop,False
181.4,10.91,clear,False,62.7,2,cattle_crossing,False,1902,,OCCUPIED,True,23.69,vibration,3.61,6.581,10.814,True,proceed_with_caution,proceed_with_caution,False
55.0,16.42,rain,False,69.7,5,fallen_tree,False,1781,1.1093,CLEAR,True,12.94,track_circuit,17.91,0.787,16.393,True,reduce_speed,reduce_speed,False
130.9,12.9,clear,False,77.8,4,environmental_false_positive,False,1689,0.9972,CLEAR,True,17.46,vibration,5.91,3.427,12.839,True,proceed_with_caution,proceed_with_caution,False
122.9,2.68,flood,True,40.0,9,landslide_debris,True,729,1.0982,CLEAR,True,20.9,axle_counter,1.31,5.135,2.655,False,reroute,reroute,False
50.8,16.24,clear,False,50.2,4,cattle_crossing,False,668,0.9627,OCCUPIED,True,14.16,track_circuit,19.18,0.516,16.231,True,reduce_speed,reroute,True
58.5,6.61,clear,False,84.1,2,sensor_miscount,False,1784,1.0498,CLEAR,False,16.84,axle_counter,6.78,0.684,6.581,True,proceed_with_caution,proceed_with_caution,False
48.4,14.16,clear,False,93.5,7,fallen_tree,False,821,0.9662,CLEAR,True,24.19,axle_counter,17.55,0.469,14.149,True,reduce_speed,reduce_speed,False
90.6,13.57,rain,False,33.1,3,environmental_false_positive,False,470,,CLEAR,True,4.73,accelerometer,8.99,2.134,13.558,True,reduce_speed,reduce_speed,False
53.3,6.85,rain,False,35.1,4,fallen_tree,True,1693,1.0672,CLEAR,False,3.9,track_circuit,7.71,0.739,6.825,True,reduce_speed,reduce_speed,False
110.6,3.4,rain,True,95.4,3,environmental_false_positive,True,985,1.051,CLEAR,True,18.95,accelerometer,1.84,3.18,3.37,False,reroute,reroute,False
171.0,13.96,flood,True,40.4,7,landslide_debris,True,217,,CLEAR,True,17.73,track_circuit,4.9,9.942,13.95,True,reroute,reroute,False
140.1,17.01,clear,False,98.6,9,boulder,True,1798,,OCCUPIED,True,5.06,vibration,7.28,3.926,16.94,True,emergency_stop,emergency_stop,False
149.4,16.8,fog,False,88.0,4,water_logging,False,624,1.1223,OCCUPIED,True,7.91,accelerometer,6.75,4.91,16.774,True,reduce_speed,reduce_speed,False
49.9,12.6,clear,False,38.4,2,environmental_false_positive,True,652,,CLEAR,True,17.29,track_circuit,15.15,0.498,12.591,True,reduce_speed,reduce_speed,False
175.1,4.7,clear,False,37.2,7,boulder,True,1087,1.0097,CLEAR,True,12.61,track_circuit,1.61,6.132,4.647,False,reroute,reroute,False
67.7,6.46,rain,False,98.4,6,unknown_obstruction,True,577,1.0556,CLEAR,True,22.39,vibration,5.73,1.192,6.449,True,reduce_speed,reduce_speed,False
91.9,15.14,clear,False,47.8,7,track_buckling,False,1667,,CLEAR,False,21.01,vibration,9.88,1.689,15.097,True,reduce_speed,reduce_speed,False
125.1,8.33,rain,True,67.7,4,water_logging,True,1399,1.0688,CLEAR,True,12.43,track_circuit,4.0,4.069,8.281,True,reduce_speed,reduce_speed,False
189.1,14.7,fog,False,46.5,9,stranded_vehicle,True,1151,,CLEAR,True,16.84,axle_counter,4.66,7.867,14.64,True,emergency_stop,reduce_speed,True
199.7,6.33,fog,True,72.0,6,boulder,False,440,0.9662,OCCUPIED,True,16.26,vibration,1.9,8.774,6.306,False,emergency_stop,emergency_stop,False
166.3,0.33,rain,False,88.8,9,equipment_failure_ahead,True,1005,,CLEAR,True,2.76,track_circuit,0.12,7.19,0.284,False,reroute,reroute,False
158.0,12.15,rain,False,76.0,3,water_logging,False,581,1.02,CLEAR,True,10.93,axle_counter,4.61,6.491,12.125,True,reduce_speed,reduce_speed,False
126.8,12.1,clear,False,33.3,3,sensor_miscount,True,1927,0.932,OCCUPIED,True,11.28,axle_counter,5.73,3.216,12.032,True,reduce_speed,reduce_speed,False
148.2,12.63,clear,False,71.7,2,cattle_crossing,False,1596,,CLEAR,True,22.49,track_circuit,5.11,4.393,12.564,True,proceed_with_caution,proceed_with_caution,False
67.4,5.51,clear,False,76.3,1,cattle_crossing,False,277,1.0222,CLEAR,True,22.19,vibration,4.91,0.909,5.505,True,proceed_with_caution,proceed_with_caution,False
86.7,16.26,fog,False,44.1,8,broken_rail,True,1080,1.0791,OCCUPIED,True,1.91,track_circuit,11.25,1.654,16.234,True,reroute,reroute,False
197.6,9.85,flood,True,83.3,9,unknown_obstruction,False,1571,0.9869,OCCUPIED,True,21.21,accelerometer,2.99,13.276,9.764,False,emergency_stop,emergency_stop,False
196.8,15.3,clear,False,73.9,3,sensor_miscount,True,1070,1.0711,CLEAR,False,15.49,axle_counter,4.66,7.746,15.242,True,proceed_with_caution,proceed_with_caution,False
95.1,12.3,rain,True,30.7,1,cattle_crossing,True,297,1.0398,CLEAR,True,0.9,axle_counter,7.76,2.351,12.292,True,reduce_speed,reduce_speed,False
82.4,8.44,fog,False,96.5,7,signal_cable_theft,False,322,0.9176,CLEAR,False,9.85,axle_counter,6.15,1.494,8.433,True,reduce_speed,reduce_speed,False
80.6,13.66,heavy_rain,True,61.2,8,broken_rail,False,1479,0.9668,CLEAR,True,22.26,axle_counter,10.17,2.079,13.627,True,reduce_speed,reduce_speed,False
120.2,11.58,rain,False,46.3,4,water_logging,True,1072,1.0648,CLEAR,True,9.28,vibration,5.78,3.756,11.544,True,reduce_speed,reduce_speed,False
79.7,10.31,rain,False,36.0,5,signal_cable_theft,False,1109,,CLEAR,True,17.07,vibration,7.76,1.652,10.285,True,reduce_speed,reduce_speed,False
145.5,13.04,fog,True,56.2,4,water_logging,True,576,,CLEAR,True,14.36,vibration,5.38,4.657,13.017,True,reduce_speed,reduce_speed,False
56.6,1.9,heavy_rain,True,51.5,3,sensor_miscount,True,566,0.9754,OCCUPIED,True,14.95,axle_counter,2.01,1.025,1.891,True,reduce_speed,reduce_speed,False
61.1,18.22,clear,False,50.9,8,equipment_failure_ahead,True,844,,CLEAR,True,12.28,track_circuit,17.89,0.747,18.206,True,reduce_speed,reduce_speed,False
87.9,6.83,snow,False,85.5,8,equipment_failure_ahead,False,1110,1.0257,CLEAR,True,12.32,track_circuit,4.66,2.936,6.803,True,reduce_speed,reduce_speed,False
165.5,4.65,clear,False,75.2,3,environmental_false_positive,False,964,0.9851,CLEAR,True,22.61,vibration,1.69,5.478,4.606,False,emergency_stop,emergency_stop,False
95.1,15.48,heavy_rain,False,39.3,10,broken_rail,False,1765,1.0416,CLEAR,True,10.64,axle_counter,9.77,2.894,15.433,True,emergency_stop,emergency_stop,False
118.0,4.78,clear,False,79.6,2,sensor_miscount,False,418,0.8704,CLEAR,True,5.19,axle_counter,2.43,2.785,4.766,True,proceed_with_caution,reduce_speed,True
146.8,19.92,clear,False,80.6,9,boulder,False,971,0.9349,CLEAR,True,10.78,axle_counter,8.14,4.31,19.88,True,emergency_stop,emergency_stop,False
167.2,8.53,clear,False,66.0,4,cattle_crossing,True,509,,OCCUPIED,True,18.46,axle_counter,3.06,5.591,8.506,True,proceed_with_caution,proceed_with_caution,False
92.6,6.07,clear,False,99.7,4,fallen_tree,True,62,,CLEAR,True,12.14,vibration,3.93,1.715,6.068,True,reduce_speed,reduce_speed,False
158.3,1.43,clear,False,49.8,8,landslide_debris,False,859,0.9132,CLEAR,True,18.44,axle_counter,0.54,5.012,1.392,False,emergency_stop,emergency_stop,False
89.3,1.03,clear,False,34.1,5,equipment_failure_ahead,True,160,0.9979,OCCUPIED,True,6.37,accelerometer,0.69,1.595,1.026,False,reroute,reroute,False
144.9,2.08,rain,True,32.0,3,environmental_false_positive,True,775,1.019,CLEAR,True,14.78,track_circuit,0.86,5.459,2.049,False,reroute,reroute,False
114.9,0.3,clear,False,52.4,1,cattle_crossing,True,1284,,CLEAR,True,21.68,axle_counter,0.16,2.64,0.259,False,reroute,reroute,False
188.6,6.68,fog,False,64.9,5,fallen_tree,True,783,,CLEAR,False,13.47,track_circuit,2.13,7.825,6.639,False,reroute,reroute,False
197.2,6.35,snow,False,35.5,3,sensor_miscount,False,1372,0.9628,CLEAR,True,16.1,vibration,1.93,14.777,6.275,False,emergency_stop,emergency_stop,False
165.0,8.72,fog,False,69.6,4,water_logging,False,625,0.9852,CLEAR,True,17.13,axle_counter,3.17,5.989,8.691,True,reduce_speed,reduce_speed,False
186.9,4.81,clear,False,93.1,4,environmental_false_positive,False,833,1.0585,CLEAR,True,18.62,axle_counter,1.54,6.986,4.767,False,emergency_stop,emergency_stop,False
66.2,1.44,clear,False,85.8,6,equipment_failure_ahead,False,1757,0.9587,OCCUPIED,False,9.08,vibration,1.31,0.876,1.408,True,reduce_speed,reduce_speed,False
146.4,1.61,snow,False,77.1,8,stranded_vehicle,False,523,0.8704,CLEAR,True,15.86,axle_counter,0.66,8.145,1.589,False,emergency_stop,emergency_stop,False
75.7,3.81,clear,False,76.3,5,fallen_tree,True,1027,1.028,CLEAR,True,10.7,track_circuit,3.02,1.146,3.788,True,reduce_speed,reduce_speed,False
87.9,6.47,clear,False,81.1,4,fallen_tree,False,1446,,CLEAR,False,10.08,axle_counter,4.42,1.545,6.435,True,reduce_speed,reduce_speed,False
126.0,3.13,snow,True,64.6,10,landslide_debris,True,756,,OCCUPIED,True,12.14,track_circuit,1.49,6.033,3.104,False,reroute,emergency_stop,True
160.0,7.43,flood,True,58.1,7,water_logging,False,643,,CLEAR,False,10.49,accelerometer,2.79,8.704,7.401,False,emergency_stop,emergency_stop,False
156.8,18.46,clear,False,51.5,9,landslide_debris,False,1411,1.0312,CLEAR,True,1.13,vibration,7.06,4.917,18.399,True,emergency_stop,emergency_stop,False
179.8,5.38,fog,False,37.0,8,boulder,True,194,0.9306,OCCUPIED,True,18.68,vibration,1.8,7.112,5.37,False,reroute,reroute,False
131.7,3.53,rain,False,69.4,8,fallen_tree,False,568,0.9578,CLEAR,True,14.82,accelerometer,1.61,4.51,3.509,False,emergency_stop,emergency_stop,False
188.6,13.36,fog,False,63.1,7,boulder,False,849,0.9551,OCCUPIED,True,3.87,vibration,4.25,7.825,13.316,True,reduce_speed,reduce_speed,False
182.6,9.92,clear,False,38.3,2,sensor_miscount,False,474,1.0101,CLEAR,True,6.9,axle_counter,3.26,6.669,9.896,True,reduce_speed,reduce_speed,False
176.6,1.14,clear,False,48.8,8,boulder,True,1101,0.9891,CLEAR,True,15.47,track_circuit,0.39,6.238,1.086,False,reroute,reroute,False
80.6,15.8,rain,False,85.1,3,environmental_false_positive,True,1258,1.0663,CLEAR,True,13.19,track_circuit,11.76,1.689,15.772,True,proceed_with_caution,proceed_with_caution,False
127.4,14.36,clear,False,47.9,9,track_buckling,False,1933,1.051,CLEAR,True,18.22,accelerometer,6.76,3.246,14.292,True,emergency_stop,emergency_stop,False
159.1,19.55,fog,False,59.8,7,boulder,False,1223,,CLEAR,False,12.49,accelerometer,7.37,5.569,19.496,True,reduce_speed,reroute,True
196.3,18.78,clear,True,41.3,8,landslide_debris,True,1205,0.9149,CLEAR,False,21.19,vibration,5.74,7.707,18.714,True,reroute,reroute,False
46.8,11.77,snow,False,41.9,2,sensor_miscount,False,1466,1.0369,CLEAR,True,2.4,track_circuit,15.09,0.832,11.751,True,reduce_speed,reduce_speed,False
95.7,13.78,heavy_rain,True,82.9,6,fallen_tree,False,456,0.9691,CLEAR,True,15.52,track_circuit,8.64,2.931,13.768,True,reduce_speed,reduce_speed,False
98.1,8.31,rain,False,34.7,1,cattle_crossing,True,967,,CLEAR,True,9.6,accelerometer,5.08,2.502,8.284,True,reduce_speed,reduce_speed,False
89.7,17.79,heavy_rain,True,50.0,8,boulder,True,1673,,OCCUPIED,True,8.02,track_circuit,11.9,2.575,17.748,True,reduce_speed,reduce_speed,False
171.7,11.15,clear,False,98.7,8,equipment_failure_ahead,True,392,1.0515,CLEAR,False,23.62,axle_counter,3.9,5.896,11.131,True,reduce_speed,reduce_speed,False
52.0,6.65,rain,False,63.3,6,boulder,True,618,0.926,CLEAR,False,21.66,track_circuit,7.67,0.703,6.641,True,reduce_speed,reduce_speed,False
100.7,0.39,clear,False,72.4,5,water_logging,True,479,,CLEAR,True,5.0,track_circuit,0.23,2.028,0.377,False,reroute,reroute,False
155.3,11.81,heavy_rain,False,74.9,4,environmental_false_positive,True,1921,0.9932,OCCUPIED,True,1.91,vibration,4.56,7.718,11.727,True,proceed_with_caution,proceed_with_caution,False
108.0,10.6,heavy_rain,True,43.7,7,fallen_tree,False,740,0.9487,CLEAR,False,21.75,accelerometer,5.89,3.732,10.578,True,reduce_speed,reduce_speed,False
67.3,16.28,snow,False,55.9,5,fallen_tree,False,684,1.004,OCCUPIED,False,4.65,vibration,14.51,1.721,16.267,True,reduce_speed,reduce_speed,False
139.7,3.9,snow,False,58.0,3,environmental_false_positive,True,1640,0.9947,CLEAR,False,23.24,axle_counter,1.68,7.416,3.836,False,reroute,reroute,False
126.0,16.34,flood,True,46.1,6,fallen_tree,True,1824,,CLEAR,True,7.29,axle_counter,7.78,5.398,16.276,True,reduce_speed,reduce_speed,False
197.2,0.5,clear,False,46.4,10,landslide_debris,True,59,1.1252,CLEAR,True,10.59,accelerometer,0.15,7.778,0.497,False,reroute,reroute,False
161.0,11.83,snow,True,72.6,4,water_logging,True,1764,1.001,OCCUPIED,False,1.6,axle_counter,4.41,9.85,11.751,True,reduce_speed,reduce_speed,False
197.9,8.06,rain,False,37.6,9,landslide_debris,False,1429,0.9656,CLEAR,True,13.67,axle_counter,2.44,10.183,7.981,False,emergency_stop,emergency_stop,False
73.9,6.76,clear,False,39.0,6,unknown_obstruction,True,1735,1.0061,OCCUPIED,True,5.12,vibration,5.49,1.092,6.724,True,reduce_speed,reduce_speed,False
163.0,8.78,rain,False,70.1,6,signal_cable_theft,False,219,,CLEAR,True,11.06,track_circuit,3.23,6.908,8.77,True,reduce_speed,reduce_speed,False
130.5,4.63,clear,False,61.5,10,broken_rail,False,126,0.962,OCCUPIED,True,23.03,track_circuit,2.13,3.406,4.625,True,emergency_stop,emergency_stop,False
155.4,3.83,clear,False,72.8,9,track_buckling,False,705,1.1392,CLEAR,False,6.69,accelerometer,1.48,4.83,3.8,False,emergency_stop,emergency_stop,False
117.5,16.14,clear,False,31.9,3,sensor_miscount,False,1708,,CLEAR,False,16.06,axle_counter,8.24,2.761,16.084,True,reduce_speed,proceed_with_caution,True
77.9,4.71,clear,False,79.3,3,sensor_miscount,False,1022,0.9128,CLEAR,False,5.45,track_circuit,3.63,1.214,4.688,True,proceed_with_caution,reroute,True
52.1,14.79,rain,False,89.5,9,landslide_debris,False,1457,0.904,CLEAR,True,15.44,track_circuit,17.03,0.706,14.769,True,emergency_stop,emergency_stop,False
174.9,14.28,snow,True,66.7,8,unknown_obstruction,True,528,1.0002,CLEAR,False,7.58,accelerometer,4.9,11.624,14.254,True,reduce_speed,reduce_speed,False
171.3,0.86,rain,False,88.9,2,cattle_crossing,False,702,1.0284,CLEAR,True,17.2,axle_counter,0.3,7.629,0.827,False,emergency_stop,emergency_stop,False
70.2,17.65,rain,False,58.0,2,environmental_false_positive,True,1762,0.9802,CLEAR,True,19.38,axle_counter,15.09,1.281,17.616,True,reduce_speed,reduce_speed,False
145.0,15.83,clear,False,35.5,7,fallen_tree,True,1006,1.0282,CLEAR,True,22.08,track_circuit,6.55,4.205,15.789,True,reduce_speed,reduce_speed,False
159.3,15.96,rain,False,56.4,9,boulder,False,1571,,CLEAR,False,23.01,accelerometer,6.01,6.598,15.89,True,emergency_stop,emergency_stop,False
131.4,16.22,clear,False,61.2,4,sensor_miscount,False,1298,0.9784,OCCUPIED,False,6.41,accelerometer,7.41,3.453,16.173,True,proceed_with_caution,proceed_with_caution,False
94.2,11.73,heavy_rain,True,90.6,2,environmental_false_positive,True,392,1.0256,CLEAR,False,3.66,axle_counter,7.47,2.84,11.72,True,reduce_speed,reduce_speed,False
181.5,19.87,clear,False,53.4,7,water_logging,False,1890,0.9882,CLEAR,False,1.69,track_circuit,6.57,6.588,19.775,True,reduce_speed,reduce_speed,False
144.6,3.75,fog,False,52.1,8,landslide_debris,True,1896,0.9755,CLEAR,True,18.15,vibration,1.56,4.6,3.674,False,reroute,reroute,False
156.6,1.63,fog,False,92.2,4,environmental_false_positive,False,1571,0.9701,OCCUPIED,False,5.08,vibration,0.62,5.395,1.562,False,emergency_stop,emergency_stop,False
146.1,14.14,rain,False,47.6,8,track_buckling,False,965,1.014,OCCUPIED,True,20.1,vibration,5.81,5.55,14.101,True,reduce_speed,reduce_speed,False
156.8,6.02,heavy_rain,False,75.0,9,stranded_vehicle,True,886,1.0731,CLEAR,False,24.14,accelerometer,2.3,7.868,5.981,False,reroute,reroute,False
67.5,12.24,clear,False,52.9,6,signal_cable_theft,True,630,0.9277,CLEAR,False,4.13,axle_counter,10.88,0.911,12.228,True,reduce_speed,reduce_speed,False
188.0,7.96,snow,False,96.6,9,landslide_debris,False,1309,,CLEAR,True,7.44,track_circuit,2.54,13.431,7.892,False,emergency_stop,emergency_stop,False
89.3,6.8,fog,False,43.3,9,landslide_debris,True,654,1.0098,OCCUPIED,True,13.34,axle_counter,4.57,1.754,6.784,True,emergency_stop,emergency_stop,False
174.7,17.89,heavy_rain,False,80.7,8,landslide_debris,False,412,1.1054,CLEAR,True,11.05,vibration,6.14,9.766,17.87,True,reduce_speed,reduce_speed,False
183.5,3.01,fog,False,68.5,7,unknown_obstruction,True,168,1.0259,CLEAR,False,10.94,track_circuit,0.98,7.408,3.001,False,reroute,reroute,False
145.9,3.94,heavy_rain,True,98.5,4,fallen_tree,True,877,,CLEAR,True,5.82,track_circuit,1.62,6.812,3.904,False,reroute,reroute,False
137.7,13.42,flood,True,99.6,4,signal_cable_theft,False,1640,0.9446,OCCUPIED,True,22.29,vibration,5.85,6.447,13.357,True,reduce_speed,reduce_speed,False
61.9,15.7,clear,False,85.6,6,equipment_failure_ahead,False,1593,1.0591,CLEAR,False,17.2,axle_counter,15.22,0.766,15.673,True,reduce_speed,reduce_speed,False
112.6,16.68,heavy_rain,True,37.2,7,signal_cable_theft,True,1707,0.9812,CLEAR,True,4.27,vibration,8.89,4.057,16.627,True,reduce_speed,reduce_speed,False
139.8,4.78,fog,False,62.8,1,cattle_crossing,False,1233,0.9261,OCCUPIED,True,0.61,track_circuit,2.05,4.3,4.732,True,proceed_with_caution,proceed_with_caution,False
57.7,17.67,rain,True,89.8,1,cattle_crossing,True,1742,,CLEAR,False,19.19,track_circuit,18.37,0.866,17.642,True,reduce_speed,reduce_speed,False
62.3,12.27,snow,True,74.7,7,stranded_vehicle,True,1578,1.0185,OCCUPIED,True,0.89,track_circuit,11.82,1.475,12.243,True,reroute,reroute,False
199.0,16.5,clear,False,91.5,10,broken_rail,False,1623,,CLEAR,True,22.07,vibration,4.97,7.92,16.41,True,emergency_stop,emergency_stop,False
96.5,1.56,rain,False,86.0,5,equipment_failure_ahead,False,1044,0.9196,CLEAR,True,13.47,vibration,0.97,2.421,1.532,False,emergency_stop,emergency_stop,False
99.2,7.27,clear,False,51.9,1,environmental_false_positive,False,216,,CLEAR,True,23.29,axle_counter,4.4,1.968,7.264,True,reduce_speed,reduce_speed,False
84.0,10.59,clear,False,43.7,4,water_logging,False,791,0.9627,OCCUPIED,True,19.41,axle_counter,7.56,1.411,10.572,True,reduce_speed,reduce_speed,False
145.1,11.62,heavy_rain,True,52.6,6,stranded_vehicle,False,1702,1.0183,CLEAR,True,22.41,track_circuit,4.8,6.737,11.551,True,reduce_speed,reduce_speed,False
118.3,2.16,clear,False,78.7,8,unknown_obstruction,True,1498,1.0576,OCCUPIED,False,18.72,vibration,1.1,2.799,2.111,False,reroute,reroute,False
167.5,10.87,clear,False,63.7,7,boulder,False,74,1.0255,CLEAR,True,14.63,accelerometer,3.89,5.611,10.867,True,reduce_speed,reduce_speed,False
124.4,13.38,clear,False,33.1,2,environmental_false_positive,True,232,,OCCUPIED,False,4.74,vibration,6.45,3.095,13.372,True,reduce_speed,reduce_speed,False
47.4,7.36,rain,False,82.0,6,fallen_tree,False,1334,,CLEAR,True,18.33,track_circuit,9.32,0.584,7.342,True,reduce_speed,reduce_speed,False
119.8,10.11,heavy_rain,False,33.1,2,sensor_miscount,False,1959,1.0858,OCCUPIED,True,15.01,axle_counter,5.06,4.593,10.045,True,reduce_speed,reduce_speed,False
53.6,5.99,snow,False,58.7,1,environmental_false_positive,False,1477,0.9693,CLEAR,True,11.64,track_circuit,6.71,1.092,5.968,True,reduce_speed,reduce_speed,False
173.2,17.44,clear,False,62.4,3,cattle_crossing,False,1900,1.0461,CLEAR,True,14.19,track_circuit,6.04,6.0,17.349,True,proceed_with_caution,proceed_with_caution,False
62.6,12.06,rain,True,65.2,7,track_buckling,True,179,1.0387,CLEAR,True,6.19,track_circuit,11.56,1.019,12.057,True,reroute,reroute,False
78.6,11.12,rain,False,39.7,3,environmental_false_positive,True,1767,,CLEAR,True,10.41,track_circuit,8.49,1.606,11.081,True,reduce_speed,reduce_speed,False
116.3,18.9,rain,True,82.3,8,stranded_vehicle,False,300,1.0259,CLEAR,True,3.54,track_circuit,9.75,3.517,18.89,True,reduce_speed,reduce_speed,False
75.3,13.37,clear,False,89.5,7,fallen_tree,True,1775,,CLEAR,False,10.54,vibration,10.65,1.134,13.333,True,reduce_speed,reduce_speed,False
128.6,5.74,clear,False,78.9,3,cattle_crossing,True,1950,0.9111,CLEAR,True,11.94,track_circuit,2.68,3.308,5.67,True,proceed_with_caution,proceed_with_caution,False
116.4,12.91,rain,True,96.6,7,water_logging,False,1047,,OCCUPIED,False,21.52,vibration,6.65,3.523,12.876,True,reduce_speed,reduce_speed,False
192.6,19.24,rain,True,48.0,3,sensor_miscount,True,1088,0.8916,OCCUPIED,True,13.42,accelerometer,5.99,9.645,19.182,True,reduce_speed,reduce_speed,False
58.7,0.67,rain,False,41.3,9,boulder,True,1021,1.0187,CLEAR,True,22.77,axle_counter,0.68,0.896,0.653,False,reroute,reduce_speed,True
134.4,12.61,rain,True,34.7,6,water_logging,False,1129,0.9971,OCCUPIED,True,24.21,axle_counter,5.63,4.696,12.568,True,reduce_speed,proceed_with_caution,True
156.7,3.31,heavy_rain,True,80.5,8,unknown_obstruction,True,1649,,CLEAR,True,1.7,vibration,1.27,7.858,3.238,False,reroute,reroute,False
64.8,16.37,fog,False,41.3,10,landslide_debris,True,599,0.9415,CLEAR,True,15.13,track_circuit,15.16,0.924,16.359,True,emergency_stop,emergency_stop,False
143.7,12.89,clear,False,95.7,7,water_logging,True,602,,CLEAR,True,7.83,axle_counter,5.38,4.13,12.866,True,reroute,reroute,False
179.0,18.75,heavy_rain,True,71.9,6,signal_cable_theft,False,1939,1.0481,CLEAR,False,21.36,axle_counter,6.28,10.253,18.654,True,reduce_speed,reduce_speed,False
167.1,13.46,heavy_rain,False,86.3,9,unknown_obstruction,False,1708,0.9938,CLEAR,True,12.6,vibration,4.83,8.935,13.381,True,emergency_stop,emergency_stop,False
190.0,0.54,clear,False,60.4,10,broken_rail,True,1104,,CLEAR,True,2.41,vibration,0.17,7.22,0.482,False,reroute,reroute,False
156.7,10.31,rain,False,81.4,4,environmental_false_positive,False,441,,OCCUPIED,True,5.77,vibration,3.95,6.384,10.291,True,proceed_with_caution,proceed_with_caution,False
106.1,18.09,clear,False,61.1,10,track_buckling,True,1914,,CLEAR,False,17.01,vibration,10.23,2.251,18.034,True,emergency_stop,emergency_stop,False
187.7,4.8,fog,True,67.7,5,stranded_vehicle,False,1765,0.9975,OCCUPIED,False,2.45,axle_counter,1.53,7.751,4.708,False,emergency_stop,emergency_stop,False
79.9,1.84,clear,False,84.2,5,equipment_failure_ahead,True,690,,OCCUPIED,True,9.79,vibration,1.38,1.277,1.825,True,reduce_speed,reduce_speed,False
135.5,14.45,fog,False,46.7,7,unknown_obstruction,False,1105,,OCCUPIED,True,21.85,accelerometer,6.4,4.039,14.408,True,reduce_speed,reduce_speed,False
163.7,10.15,clear,True,91.9,4,cattle_crossing,False,868,,CLEAR,False,1.22,axle_counter,3.72,5.36,10.111,True,reduce_speed,reduce_speed,False
180.2,1.14,rain,False,80.1,3,cattle_crossing,False,1695,,CLEAR,True,17.56,accelerometer,0.38,8.443,1.055,False,emergency_stop,emergency_stop,False
187.1,5.74,snow,False,82.3,7,water_logging,True,1390,0.898,OCCUPIED,True,17.05,accelerometer,1.84,13.302,5.668,False,reroute,reroute,False
58.2,6.67,clear,False,46.7,9,landslide_debris,False,1012,0.9425,CLEAR,False,8.36,axle_counter,6.88,0.677,6.654,True,emergency_stop,emergency_stop,False
157.5,13.42,snow,True,36.3,8,unknown_obstruction,True,1938,,CLEAR,True,3.26,track_circuit,5.11,9.426,13.335,True,reduce_speed,reduce_speed,False
76.6,9.54,flood,True,35.1,1,environmental_false_positive,False,1237,0.9921,CLEAR,False,3.01,track_circuit,7.47,1.995,9.514,True,reduce_speed,reduce_speed,False
165.8,9.85,snow,True,75.3,5,water_logging,False,994,0.9835,OCCUPIED,True,24.25,vibration,3.56,10.446,9.804,False,emergency_stop,emergency_stop,False
153.6,16.17,clear,False,40.5,5,fallen_tree,False,1858,0.994,CLEAR,True,17.08,track_circuit,6.32,4.719,16.091,True,reduce_speed,reduce_speed,False
73.1,5.71,heavy_rain,False,99.9,5,stranded_vehicle,False,927,0.9587,CLEAR,True,9.71,axle_counter,4.69,1.71,5.691,True,reduce_speed,reduce_speed,False
174.1,13.52,clear,False,97.3,7,boulder,False,865,1.0773,CLEAR,True,20.92,axle_counter,4.66,6.062,13.478,True,reduce_speed,reduce_speed,False
116.6,7.48,clear,False,32.0,3,sensor_miscount,False,808,0.94,CLEAR,False,3.03,accelerometer,3.85,2.719,7.454,True,reduce_speed,reduce_speed,False
129.3,8.48,snow,True,80.8,4,cattle_crossing,True,479,1.0447,CLEAR,True,3.61,vibration,3.94,6.353,8.463,True,reduce_speed,reduce_speed,False
195.6,11.21,fog,False,48.3,8,track_buckling,True,594,1.0407,CLEAR,False,5.34,vibration,3.44,8.417,11.178,True,reroute,reroute,False
146.8,13.97,rain,False,53.9,4,signal_cable_theft,False,227,,CLEAR,True,19.21,axle_counter,5.71,5.603,13.961,True,reduce_speed,reduce_speed,False
136.2,18.91,clear,False,46.8,5,equipment_failure_ahead,False,1470,,CLEAR,False,10.52,track_circuit,8.33,3.71,18.854,True,reduce_speed,reduce_speed,False
47.6,5.53,heavy_rain,True,88.1,6,boulder,False,1201,0.9999,OCCUPIED,True,16.24,vibration,6.97,0.725,5.514,True,reduce_speed,reduce_speed,False
75.9,2.25,fog,True,92.6,6,water_logging,False,1869,1.1005,CLEAR,True,6.2,track_circuit,1.78,1.267,2.211,True,reduce_speed,reduce_speed,False
49.1,8.69,rain,False,32.8,2,cattle_crossing,False,1242,0.9778,CLEAR,True,19.54,axle_counter,10.62,0.627,8.673,True,reduce_speed,reduce_speed,False
96.7,11.02,snow,False,48.9,9,boulder,True,206,1.2174,OCCUPIED,True,20.14,accelerometer,6.84,3.553,11.014,True,emergency_stop,emergency_stop,False
98.4,4.71,clear,False,61.4,2,cattle_crossing,True,1260,1.0461,CLEAR,True,10.62,axle_counter,2.87,1.937,4.676,True,proceed_with_caution,proceed_with_caution,False
127.2,17.83,clear,False,66.5,9,broken_rail,False,391,1.0206,CLEAR,False,5.63,axle_counter,8.41,3.236,17.816,True,emergency_stop,emergency_stop,False
151.9,16.02,rain,True,36.1,7,boulder,True,122,1.0531,CLEAR,False,15.94,vibration,6.33,5.999,16.015,True,reduce_speed,reduce_speed,False
72.8,9.97,flood,True,88.1,8,boulder,True,1342,0.8969,CLEAR,True,6.78,vibration,8.22,1.802,9.943,True,reduce_speed,reduce_speed,False
138.3,9.11,clear,False,95.4,4,environmental_false_positive,False,103,1.0703,OCCUPIED,True,4.13,axle_counter,3.95,3.825,9.106,True,proceed_with_caution,proceed_with_caution,False
187.1,1.01,clear,False,58.2,5,fallen_tree,True,848,0.9206,OCCUPIED,True,15.59,axle_counter,0.32,7.001,0.966,False,reroute,reroute,False
73.7,10.83,clear,True,90.0,7,signal_cable_theft,False,1796,1.0522,CLEAR,False,13.07,track_circuit,8.82,1.086,10.793,True,reduce_speed,reduce_speed,False
147.2,12.0,heavy_rain,True,77.3,5,signal_cable_theft,False,549,0.9644,CLEAR,True,19.69,axle_counter,4.89,6.934,11.978,True,reduce_speed,reduce_speed,False
52.1,17.85,clear,False,71.4,1,environmental_false_positive,False,1406,0.952,CLEAR,True,7.66,track_circuit,20.56,0.543,17.83,True,proceed_with_caution,proceed_with_caution,False
127.3,10.12,rain,True,87.3,2,sensor_miscount,False,784,1.1064,CLEAR,True,6.02,axle_counter,4.77,4.213,10.092,True,reduce_speed,reduce_speed,False
159.9,3.32,flood,True,63.1,3,environmental_false_positive,False,271,,CLEAR,False,16.19,vibration,1.25,8.693,3.308,False,emergency_stop,emergency_stop,False
50.3,3.77,clear,False,68.3,7,signal_cable_theft,False,434,0.9081,OCCUPIED,True,17.68,track_circuit,4.5,0.506,3.764,True,reduce_speed,reduce_speed,False
96.7,3.37,rain,False,49.2,6,water_logging,False,195,,CLEAR,True,10.63,axle_counter,2.09,2.431,3.365,True,reduce_speed,reduce_speed,False
181.1,18.78,rain,True,79.9,6,water_logging,True,344,,CLEAR,True,11.34,track_circuit,6.22,8.527,18.763,True,reduce_speed,reduce_speed,False
79.9,15.91,heavy_rain,True,41.1,9,stranded_vehicle,True,365,1.0816,CLEAR,False,3.53,track_circuit,11.95,2.043,15.902,True,emergency_stop,emergency_stop,False
157.0,16.53,clear,False,47.0,5,water_logging,False,1773,0.999,CLEAR,True,12.0,track_circuit,6.32,4.93,16.453,True,reduce_speed,reduce_speed,False
139.9,16.84,clear,False,63.6,8,boulder,False,1624,,CLEAR,False,24.05,track_circuit,7.22,3.914,16.777,True,reduce_speed,reduce_speed,False
70.4,2.09,clear,False,57.0,6,water_logging,True,739,,CLEAR,False,3.29,accelerometer,1.78,0.991,2.076,True,reduce_speed,reduce_speed,False
160.0,14.1,fog,False,46.8,7,water_logging,True,1460,1.0313,CLEAR,True,14.42,accelerometer,5.29,5.632,14.035,True,reroute,reroute,False
127.5,14.15,heavy_rain,True,43.4,7,landslide_debris,True,448,0.8726,CLEAR,True,0.95,vibration,6.66,5.202,14.134,True,reroute,reroute,False
62.4,4.65,clear,False,90.3,6,fallen_tree,True,1296,0.9962,CLEAR,False,8.47,axle_counter,4.47,0.779,4.628,True,reduce_speed,reduce_speed,False
192.2,9.92,clear,False,71.4,2,sensor_miscount,True,444,1.0179,OCCUPIED,True,19.15,vibration,3.1,7.388,9.896,True,proceed_with_caution,proceed_with_caution,False
121.3,13.32,snow,False,56.4,4,cattle_crossing,False,1300,1.0144,CLEAR,True,14.4,accelerometer,6.59,5.591,13.276,True,reduce_speed,reduce_speed,False
160.5,17.97,clear,False,89.2,4,environmental_false_positive,False,747,0.9889,CLEAR,True,2.49,axle_counter,6.72,5.152,17.937,True,proceed_with_caution,proceed_with_caution,False
78.7,2.39,clear,False,87.8,1,cattle_crossing,False,1725,,OCCUPIED,False,11.57,track_circuit,1.82,1.239,2.352,True,proceed_with_caution,proceed_with_caution,False
66.3,17.87,rain,False,37.8,2,environmental_false_positive,False,1679,1.0341,OCCUPIED,True,2.44,vibration,16.17,1.143,17.839,True,reduce_speed,emergency_stop,True
159.9,18.46,clear,True,69.7,1,environmental_false_positive,True,700,1.0019,CLEAR,True,9.65,accelerometer,6.93,5.114,18.429,True,reduce_speed,reduce_speed,False
149.4,18.49,clear,False,51.4,7,landslide_debris,False,130,0.9858,CLEAR,True,19.34,track_circuit,7.43,4.464,18.485,True,reduce_speed,reduce_speed,False
87.5,0.3,rain,False,67.9,7,equipment_failure_ahead,False,678,1.0089,CLEAR,True,6.83,axle_counter,0.21,1.991,0.284,False,emergency_stop,emergency_stop,False
160.7,4.58,clear,False,80.3,9,landslide_debris,False,600,,CLEAR,True,11.61,track_circuit,1.71,5.165,4.553,False,emergency_stop,emergency_stop,False
123.3,13.89,rain,True,30.6,8,broken_rail,True,880,0.9386,CLEAR,True,12.76,track_circuit,6.76,3.953,13.86,True,reroute,reroute,False
99.0,6.57,fog,False,65.9,1,environmental_false_positive,False,1170,0.9326,CLEAR,False,21.41,vibration,3.98,2.156,6.538,True,proceed_with_caution,proceed_with_caution,False
167.0,1.41,rain,False,50.4,6,stranded_vehicle,False,1980,0.994,CLEAR,False,3.48,track_circuit,0.51,7.251,1.318,False,emergency_stop,emergency_stop,False
140.6,15.31,clear,False,67.4,10,broken_rail,True,172,0.9485,OCCUPIED,True,13.99,accelerometer,6.53,3.954,15.303,True,emergency_stop,emergency_stop,False
123.6,0.77,heavy_rain,False,37.7,6,stranded_vehicle,False,1132,0.9905,CLEAR,True,1.25,vibration,0.37,4.889,0.731,False,emergency_stop,emergency_stop,False
164.8,9.03,clear,False,87.2,9,landslide_debris,True,384,1.0798,CLEAR,True,2.79,track_circuit,3.29,5.432,9.012,True,emergency_stop,emergency_stop,False
129.4,18.96,fog,False,68.1,7,landslide_debris,False,1117,,OCCUPIED,True,5.91,vibration,8.79,3.684,18.92,True,reduce_speed,reduce_speed,False
190.5,8.92,clear,False,44.8,7,landslide_debris,False,1292,1.0083,OCCUPIED,True,18.13,vibration,2.81,7.258,8.852,True,reduce_speed,reduce_speed,False
171.8,18.26,heavy_rain,True,83.9,10,landslide_debris,True,1629,0.9863,CLEAR,True,1.51,axle_counter,6.38,9.445,18.182,True,emergency_stop,emergency_stop,False
100.5,8.3,clear,False,32.6,10,broken_rail,True,1142,,OCCUPIED,True,23.65,axle_counter,4.96,2.02,8.268,True,emergency_stop,emergency_stop,False
117.1,7.06,clear,False,71.5,4,cattle_crossing,False,397,1.0995,CLEAR,True,10.98,vibration,3.62,2.742,7.047,True,proceed_with_caution,proceed_with_caution,False
193.4,2.33,rain,False,65.1,6,water_logging,False,1832,,CLEAR,True,21.05,axle_counter,0.72,9.725,2.232,False,emergency_stop,emergency_stop,False
183.8,7.29,clear,False,32.8,4,sensor_miscount,False,840,1.0437,CLEAR,True,5.94,track_circuit,2.38,6.756,7.247,True,reduce_speed,reduce_speed,False
74.6,6.87,clear,False,47.5,9,landslide_debris,True,985,1.1255,CLEAR,True,8.78,track_circuit,5.53,1.113,6.85,True,emergency_stop,emergency_stop,False
87.5,16.96,fog,False,35.4,6,fallen_tree,False,1301,0.9304,CLEAR,True,18.31,track_circuit,11.63,1.684,16.928,True,reduce_speed,emergency_stop,True
101.5,18.41,heavy_rain,False,81.3,3,environmental_false_positive,False,566,,CLEAR,True,9.79,vibration,10.88,3.297,18.394,True,proceed_with_caution,proceed_with_caution,False
181.4,0.63,clear,False,79.4,6,unknown_obstruction,True,1977,,CLEAR,True,12.93,track_circuit,0.21,6.581,0.53,False,reroute,reroute,False
188.7,2.15,snow,False,36.3,7,water_logging,True,136,,CLEAR,True,20.33,axle_counter,0.68,13.531,2.143,False,reroute,reroute,False
169.4,12.94,heavy_rain,True,37.6,9,landslide_debris,False,351,0.9916,CLEAR,True,16.45,axle_counter,4.58,9.183,12.923,True,emergency_stop,emergency_stop,False
87.7,9.8,heavy_rain,True,91.6,3,environmental_false_positive,False,1981,0.8976,OCCUPIED,True,20.98,vibration,6.7,2.461,9.752,True,reduce_speed,reduce_speed,False
182.5,6.08,fog,False,44.1,7,unknown_obstruction,True,931,,CLEAR,True,2.62,axle_counter,2.0,7.327,6.033,False,reroute,reroute,False
50.1,5.35,fog,False,51.3,5,water_logging,False,1792,,CLEAR,True,15.4,accelerometer,6.41,0.552,5.325,True,reduce_speed,reduce_speed,False
110.5,4.65,rain,False,77.9,5,fallen_tree,False,1816,,CLEAR,True,15.23,accelerometer,2.52,3.175,4.594,True,reduce_speed,reduce_speed,False
103.5,10.6,fog,False,34.3,7,landslide_debris,True,1982,1.0197,CLEAR,True,15.37,track_circuit,6.14,2.357,10.543,True,reroute,reroute,False
128.0,0.55,snow,True,96.3,8,broken_rail,True,1465,1.0542,CLEAR,True,14.93,vibration,0.26,6.226,0.498,False,reroute,reroute,False
131.9,14.83,clear,False,31.6,6,unknown_obstruction,True,1383,0.8939,OCCUPIED,True,18.23,track_circuit,6.75,3.48,14.779,True,reduce_speed,reduce_speed,False
79.9,6.15,clear,False,89.4,3,sensor_miscount,True,1247,,CLEAR,True,21.18,vibration,4.62,1.277,6.122,True,proceed_with_caution,proceed_with_caution,False
76.7,8.65,clear,False,55.3,5,fallen_tree,True,1383,0.9975,CLEAR,True,6.13,axle_counter,6.77,1.177,8.621,True,reduce_speed,reduce_speed,False
169.6,10.64,snow,False,40.5,4,signal_cable_theft,False,551,0.9539,CLEAR,True,3.06,track_circuit,3.76,10.93,10.614,False,emergency_stop,emergency_stop,False
56.8,4.38,clear,False,56.4,2,environmental_false_positive,True,1640,,CLEAR,True,2.31,track_circuit,4.63,0.645,4.354,True,reduce_speed,reduce_speed,False
121.5,17.7,fog,False,98.1,3,cattle_crossing,False,415,,CLEAR,False,4.38,axle_counter,8.74,3.248,17.686,True,proceed_with_caution,proceed_with_caution,False
74.7,13.71,heavy_rain,True,67.0,3,environmental_false_positive,False,985,,CLEAR,True,16.57,vibration,11.01,1.786,13.69,True,reduce_speed,reduce_speed,False
94.5,17.43,flood,True,34.1,6,water_logging,True,780,0.9888,OCCUPIED,True,10.7,vibration,11.07,3.036,17.41,True,reduce_speed,reduce_speed,False
88.0,9.61,clear,False,95.9,5,stranded_vehicle,True,1535,0.9072,OCCUPIED,True,9.06,track_circuit,6.55,1.549,9.572,True,reduce_speed,reduce_speed,False
154.8,8.76,heavy_rain,True,40.0,10,broken_rail,True,547,1.0018,OCCUPIED,True,22.79,track_circuit,3.4,7.668,8.736,True,emergency_stop,emergency_stop,False
115.7,4.9,snow,True,33.8,1,cattle_crossing,False,452,0.9204,CLEAR,False,22.55,axle_counter,2.54,5.087,4.885,False,emergency_stop,emergency_stop,False
91.4,10.99,clear,False,33.2,5,equipment_failure_ahead,False,1627,,CLEAR,True,13.7,axle_counter,7.21,1.671,10.949,True,reduce_speed,reduce_speed,False
173.9,11.94,fog,False,87.8,2,cattle_crossing,False,999,0.9341,OCCUPIED,True,11.73,track_circuit,4.12,6.653,11.892,True,proceed_with_caution,proceed_with_caution,False
58.3,8.51,clear,True,40.7,3,water_logging,False,1456,0.9289,OCCUPIED,True,7.13,track_circuit,8.76,0.68,8.486,True,reduce_speed,reduce_speed,False
163.8,3.08,rain,False,42.5,6,water_logging,False,1764,,OCCUPIED,False,11.77,accelerometer,1.13,6.976,3.0,False,emergency_stop,emergency_stop,False
83.5,5.61,rain,False,96.1,1,cattle_crossing,False,1679,0.9765,CLEAR,False,10.57,axle_counter,4.03,1.813,5.571,True,proceed_with_caution,proceed_with_caution,False
187.3,0.48,clear,False,72.8,6,stranded_vehicle,False,830,1.017,CLEAR,True,0.67,vibration,0.15,7.016,0.437,False,emergency_stop,emergency_stop,False
45.9,6.52,clear,False,50.0,4,sensor_miscount,False,383,0.9055,CLEAR,True,19.09,axle_counter,8.52,0.421,6.515,True,reduce_speed,reduce_speed,False
131.3,11.7,clear,True,71.1,7,water_logging,False,1922,0.9849,CLEAR,True,11.25,axle_counter,5.35,3.448,11.63,True,reduce_speed,reduce_speed,False
141.5,19.12,clear,False,47.0,3,water_logging,True,654,0.9711,CLEAR,False,5.96,axle_counter,8.11,4.004,19.094,True,reduce_speed,reduce_speed,False
134.5,3.72,rain,False,64.6,10,broken_rail,False,1550,,OCCUPIED,True,16.82,track_circuit,1.66,4.703,3.662,False,emergency_stop,emergency_stop,False
171.3,1.3,clear,False,53.4,9,landslide_debris,False,1549,,CLEAR,True,11.47,track_circuit,0.46,5.869,1.226,False,emergency_stop,emergency_stop,False
62.4,6.07,clear,False,73.6,6,signal_cable_theft,False,913,1.0094,CLEAR,False,8.19,accelerometer,5.84,0.779,6.054,True,reduce_speed,reduce_speed,False
109.4,3.3,fog,True,83.1,3,cattle_crossing,False,369,0.9406,CLEAR,True,6.15,accelerometer,1.81,2.633,3.289,True,reduce_speed,reduce_speed,False
178.9,13.97,fog,False,54.4,4,water_logging,True,971,1.0015,CLEAR,False,1.95,vibration,4.69,7.041,13.922,True,reduce_speed,reduce_speed,False
182.8,0.31,rain,False,40.1,5,sensor_miscount,False,334,,OCCUPIED,False,12.82,track_circuit,0.1,8.688,0.293,False,emergency_stop,emergency_stop,False
122.2,19.62,snow,True,54.9,4,sensor_miscount,False,737,1.0789,CLEAR,False,9.7,track_circuit,9.63,5.674,19.595,True,reduce_speed,reduce_speed,False
131.5,17.14,clear,False,83.1,1,environmental_false_positive,False,797,1.0066,CLEAR,True,1.49,track_circuit,7.82,3.458,17.111,True,proceed_with_caution,proceed_with_caution,False
163.4,9.92,heavy_rain,False,85.1,6,stranded_vehicle,True,1061,,CLEAR,True,20.4,accelerometer,3.64,8.544,9.872,True,reduce_speed,reduce_speed,False
165.8,18.43,clear,False,85.0,5,fallen_tree,True,413,,CLEAR,True,20.3,vibration,6.67,5.498,18.411,True,reduce_speed,reduce_speed,False
182.7,12.64,fog,False,98.2,2,sensor_miscount,True,1700,0.9646,CLEAR,False,12.51,axle_counter,4.15,7.343,12.554,True,proceed_with_caution,proceed_with_caution,False
175.8,19.88,flood,True,87.7,9,broken_rail,True,203,,CLEAR,True,21.05,accelerometer,6.78,10.508,19.87,True,emergency_stop,emergency_stop,False
109.2,5.71,heavy_rain,True,97.8,5,signal_cable_theft,False,1972,,CLEAR,False,12.28,track_circuit,3.14,3.816,5.65,True,reduce_speed,reduce_speed,False
145.7,19.94,rain,False,73.9,2,cattle_crossing,True,660,,OCCUPIED,False,4.64,axle_counter,8.21,5.519,19.913,True,proceed_with_caution,proceed_with_caution,False
119.9,3.77,rain,True,46.1,2,environmental_false_positive,False,1005,0.8948,CLEAR,True,13.18,track_circuit,1.89,3.738,3.737,False,emergency_stop,emergency_stop,False
63.3,7.2,clear,False,72.6,8,track_buckling,False,1758,0.9512,CLEAR,False,8.16,track_circuit,6.82,0.801,7.169,True,reduce_speed,reduce_speed,False
172.4,18.72,fog,False,43.8,4,cattle_crossing,False,1326,,CLEAR,True,11.58,accelerometer,6.52,6.539,18.656,True,reduce_speed,proceed_with_caution,True
138.3,7.54,heavy_rain,False,36.0,7,boulder,False,160,1.0721,OCCUPIED,False,24.28,accelerometer,3.27,6.121,7.534,True,reduce_speed,reduce_speed,False
54.0,4.35,flood,True,51.1,4,water_logging,False,1228,,CLEAR,False,9.21,track_circuit,4.83,0.991,4.332,True,reduce_speed,reduce_speed,False
149.9,1.38,rain,False,55.4,7,signal_cable_theft,True,1154,0.9374,OCCUPIED,True,5.79,track_circuit,0.55,5.842,1.332,False,reroute,reroute,False
88.9,3.15,clear,False,79.6,1,cattle_crossing,True,1869,,CLEAR,True,3.65,axle_counter,2.13,1.581,3.104,True,proceed_with_caution,proceed_with_caution,False
55.7,7.23,rain,False,55.4,8,stranded_vehicle,False,1148,1.0195,CLEAR,True,22.16,track_circuit,7.79,0.807,7.212,True,reduce_speed,reduce_speed,False
139.0,8.54,clear,False,30.2,9,unknown_obstruction,True,1985,1.0712,CLEAR,False,0.87,axle_counter,3.69,3.864,8.463,True,emergency_stop,emergency_stop,False
158.5,10.94,clear,False,94.2,2,environmental_false_positive,True,1085,1.0216,OCCUPIED,True,22.73,axle_counter,4.14,5.024,10.892,True,proceed_with_caution,proceed_with_caution,False
125.2,16.31,clear,False,71.3,1,cattle_crossing,False,425,,CLEAR,True,2.01,track_circuit,7.82,3.135,16.295,True,proceed_with_caution,proceed_with_caution,False
45.9,0.47,fog,False,44.8,7,equipment_failure_ahead,False,1036,0.9381,CLEAR,True,18.94,track_circuit,0.61,0.463,0.457,False,emergency_stop,emergency_stop,False
134.4,16.85,clear,False,47.7,6,water_logging,True,1839,1.0222,CLEAR,True,7.69,track_circuit,7.52,3.613,16.781,True,reduce_speed,reduce_speed,False
46.0,11.63,clear,False,38.7,4,environmental_false_positive,False,83,0.9537,CLEAR,False,6.62,accelerometer,15.17,0.423,11.629,True,reduce_speed,reduce_speed,False
188.6,15.18,clear,True,93.5,8,boulder,True,828,1.0036,OCCUPIED,True,4.91,track_circuit,4.83,7.114,15.137,True,reduce_speed,reduce_speed,False
86.4,15.19,snow,False,46.1,7,fallen_tree,True,142,1.0301,CLEAR,True,3.8,axle_counter,10.55,2.837,15.187,True,reduce_speed,reduce_speed,False
180.0,18.08,fog,False,95.8,5,stranded_vehicle,True,1692,0.9825,OCCUPIED,False,2.12,track_circuit,6.03,7.128,17.995,True,reduce_speed,reduce_speed,False
46.9,2.05,clear,False,48.5,9,boulder,True,1047,,CLEAR,True,4.3,vibration,2.62,0.44,2.036,True,emergency_stop,emergency_stop,False
60.1,11.52,clear,False,85.9,4,cattle_crossing,True,1447,,CLEAR,True,14.92,track_circuit,11.5,0.722,11.496,True,proceed_with_caution,proceed_with_caution,False
115.0,18.2,rain,False,30.7,10,track_buckling,False,1939,1.0164,OCCUPIED,True,14.46,track_circuit,9.5,3.438,18.138,True,emergency_stop,emergency_stop,False
162.6,14.44,clear,True,63.8,4,signal_cable_theft,True,1673,1.1135,OCCUPIED,False,7.39,vibration,5.33,5.288,14.364,True,reduce_speed,reduce_speed,False
191.1,2.11,rain,True,55.8,9,track_buckling,True,845,1.0298,CLEAR,False,17.16,vibration,0.66,9.495,2.065,False,reroute,reroute,False
125.8,12.36,clear,False,53.4,8,boulder,True,1873,0.955,CLEAR,True,19.36,track_circuit,5.9,3.165,12.295,True,reduce_speed,reduce_speed,False
100.1,16.04,snow,True,99.5,7,equipment_failure_ahead,True,971,0.9712,OCCUPIED,True,24.51,track_circuit,9.61,3.808,16.013,True,reduce_speed,reduce_speed,False
51.9,5.64,clear,False,80.5,5,signal_cable_theft,False,1959,1.0524,CLEAR,True,11.27,accelerometer,6.52,0.539,5.612,True,reduce_speed,reduce_speed,False
135.5,12.72,fog,False,47.9,8,unknown_obstruction,True,1966,1.0626,CLEAR,True,9.68,track_circuit,5.63,4.039,12.646,True,reduce_speed,reduce_speed,False
103.9,16.84,clear,False,82.7,1,cattle_crossing,False,482,,OCCUPIED,True,24.34,track_circuit,9.72,2.159,16.826,True,proceed_with_caution,proceed_with_caution,False
185.9,10.57,flood,True,39.1,10,landslide_debris,False,1570,,OCCUPIED,True,23.58,axle_counter,3.41,11.75,10.489,False,emergency_stop,emergency_stop,False
119.4,4.04,flood,True,94.8,1,cattle_crossing,True,1411,0.943,CLEAR,True,23.21,track_circuit,2.03,4.847,3.993,False,reroute,reroute,False
163.6,11.08,fog,False,59.8,1,cattle_crossing,False,1552,1.0108,CLEAR,False,15.42,axle_counter,4.06,5.888,11.009,True,reduce_speed,reduce_speed,False
176.5,11.84,rain,False,43.3,8,landslide_debris,False,377,,OCCUPIED,True,15.63,vibration,4.02,8.1,11.822,True,reduce_speed,reduce_speed,False
60.2,8.18,clear,False,49.1,4,environmental_false_positive,False,1034,1.0603,CLEAR,True,23.24,axle_counter,8.15,0.725,8.163,True,reduce_speed,reduce_speed,False
113.3,13.66,heavy_rain,True,40.9,8,broken_rail,True,345,0.8781,CLEAR,False,12.26,axle_counter,7.23,4.108,13.649,True,reduce_speed,reduce_speed,False
183.5,8.78,fog,False,95.1,3,sensor_miscount,True,1801,1.0523,CLEAR,True,5.73,axle_counter,2.87,7.408,8.688,True,proceed_with_caution,proceed_with_caution,False
110.8,17.57,clear,False,51.4,4,cattle_crossing,False,1753,1.0856,CLEAR,True,24.64,vibration,9.51,2.455,17.516,True,reduce_speed,reduce_speed,False
132.6,15.87,rain,False,40.0,10,broken_rail,False,1183,,OCCUPIED,True,21.13,track_circuit,7.18,4.572,15.826,True,emergency_stop,emergency_stop,False
180.3,16.13,rain,False,86.9,6,fallen_tree,True,303,0.9997,CLEAR,False,1.87,track_circuit,5.37,8.452,16.115,True,reduce_speed,reduce_speed,False
81.1,10.62,heavy_rain,True,44.9,6,equipment_failure_ahead,False,1331,1.0455,CLEAR,True,3.26,vibration,7.86,2.105,10.59,True,reduce_speed,reduce_speed,False
183.7,4.09,fog,False,36.6,4,water_logging,True,907,0.9153,OCCUPIED,False,22.11,track_circuit,1.34,7.424,4.044,False,reroute,reroute,False
106.5,14.54,rain,False,76.8,9,boulder,False,1586,0.97,CLEAR,True,7.88,track_circuit,8.19,2.949,14.493,True,emergency_stop,emergency_stop,False
136.9,1.56,rain,False,30.5,9,landslide_debris,True,243,,OCCUPIED,True,17.56,track_circuit,0.68,4.873,1.551,False,reroute,reroute,False
95.8,10.45,clear,False,88.3,5,signal_cable_theft,False,843,0.9686,CLEAR,True,3.39,vibration,6.54,1.836,10.428,True,reduce_speed,reduce_speed,False
126.7,1.25,clear,False,69.4,9,equipment_failure_ahead,False,755,0.9782,CLEAR,False,4.68,track_circuit,0.59,3.211,1.223,False,emergency_stop,emergency_stop,False
52.6,10.66,clear,False,47.3,8,unknown_obstruction,False,1909,,CLEAR,True,18.81,vibration,12.16,0.553,10.632,True,reduce_speed,reduce_speed,False
55.1,13.78,heavy_rain,False,63.2,5,sensor_miscount,False,631,,CLEAR,True,24.49,vibration,15.01,0.972,13.77,True,reduce_speed,reduce_speed,False
109.3,8.5,clear,False,48.4,7,equipment_failure_ahead,False,1977,0.936,CLEAR,True,12.8,axle_counter,4.67,2.389,8.44,True,reduce_speed,reduce_speed,False
96.9,8.45,clear,False,67.3,3,sensor_miscount,False,1848,1.0281,OCCUPIED,True,1.55,track_circuit,5.23,1.878,8.4,True,proceed_with_caution,proceed_with_caution,False
140.4,2.63,clear,False,70.0,9,stranded_vehicle,False,1195,,CLEAR,True,6.24,vibration,1.12,3.942,2.583,False,emergency_stop,emergency_stop,False
50.9,6.18,clear,False,84.0,9,broken_rail,True,390,1.0239,OCCUPIED,True,5.71,track_circuit,7.28,0.518,6.174,True,emergency_stop,emergency_stop,False
71.0,9.0,rain,True,62.6,8,landslide_debris,False,483,1.0817,OCCUPIED,True,23.41,accelerometer,7.61,1.311,8.99,True,reduce_speed,reduce_speed,False
77.5,17.3,clear,True,85.1,7,track_buckling,True,83,,CLEAR,True,10.77,vibration,13.39,1.201,17.298,True,reroute,reroute,False
113.3,17.98,clear,False,34.8,4,water_logging,True,1561,1.1108,CLEAR,True,23.72,track_circuit,9.52,2.567,17.931,True,reduce_speed,reduce_speed,False
83.3,19.08,fog,True,94.5,8,track_buckling,True,1465,1.0039,OCCUPIED,False,21.56,vibration,13.74,1.527,19.046,True,reroute,reroute,False
66.3,2.19,clear,False,43.0,5,equipment_failure_ahead,False,678,,CLEAR,True,11.54,axle_counter,1.98,0.879,2.178,True,reduce_speed,reduce_speed,False
137.6,6.06,clear,False,88.6,9,equipment_failure_ahead,True,1476,1.0242,CLEAR,True,1.11,axle_counter,2.64,3.787,6.004,True,emergency_stop,emergency_stop,False
160.3,9.37,clear,False,64.6,7,stranded_vehicle,False,1175,0.9623,CLEAR,True,24.34,axle_counter,3.51,5.139,9.318,True,reduce_speed,reduce_speed,False
151.2,12.91,heavy_rain,True,37.3,3,sensor_miscount,False,1643,0.9534,CLEAR,False,0.75,axle_counter,5.12,7.316,12.841,True,reduce_speed,reduce_speed,False
87.8,14.12,clear,False,55.2,7,water_logging,True,219,0.946,CLEAR,True,21.48,vibration,9.65,1.542,14.115,True,reroute,reroute,False
177.4,15.76,fog,False,94.3,6,boulder,True,438,0.9667,CLEAR,True,10.62,accelerometer,5.33,6.924,15.738,True,reduce_speed,reduce_speed,False
139.8,10.02,snow,True,88.4,7,stranded_vehicle,False,1625,1.1242,CLEAR,True,7.88,track_circuit,4.3,7.427,9.957,True,reduce_speed,reduce_speed,False
140.3,11.22,fog,False,80.6,9,track_buckling,False,771,,OCCUPIED,True,10.5,axle_counter,4.8,4.33,11.19,True,emergency_stop,emergency_stop,False
78.0,19.22,clear,False,56.6,8,fallen_tree,False,1921,,OCCUPIED,False,9.24,vibration,14.78,1.217,19.178,True,reduce_speed,reduce_speed,False
82.5,4.95,fog,False,71.2,7,track_buckling,True,1768,,CLEAR,True,17.38,vibration,3.6,1.497,4.909,True,reroute,reroute,False
118.6,16.11,rain,True,46.2,7,boulder,False,233,0.8712,CLEAR,False,14.53,axle_counter,8.15,3.657,16.102,True,reduce_speed,reduce_speed,False
81.9,14.29,clear,False,75.3,10,track_buckling,False,837,0.9403,CLEAR,True,6.79,track_circuit,10.47,1.342,14.271,True,emergency_stop,emergency_stop,False
151.7,2.97,rain,False,48.3,7,unknown_obstruction,False,1477,0.9514,CLEAR,True,13.42,vibration,1.17,5.983,2.908,False,emergency_stop,emergency_stop,False
92.8,18.54,clear,False,88.0,7,landslide_debris,False,316,0.9736,CLEAR,True,10.42,track_circuit,11.99,1.722,18.532,True,reduce_speed,reduce_speed,False
68.5,17.14,clear,False,79.3,5,fallen_tree,True,1729,0.9658,CLEAR,True,23.06,track_circuit,15.01,0.938,17.107,True,reduce_speed,reduce_speed,False
68.5,15.63,clear,False,57.0,1,cattle_crossing,False,241,1.0129,CLEAR,False,22.36,axle_counter,13.69,0.938,15.625,True,reduce_speed,reduce_speed,False
64.7,2.71,clear,False,76.2,6,stranded_vehicle,False,263,1.0465,OCCUPIED,True,15.62,track_circuit,2.51,0.837,2.705,True,reduce_speed,reduce_speed,False
113.2,2.97,clear,False,52.8,3,cattle_crossing,False,1110,0.9563,CLEAR,True,24.15,track_circuit,1.57,2.563,2.935,True,reduce_speed,reduce_speed,False
45.5,13.73,rain,False,40.9,10,landslide_debris,True,531,,CLEAR,True,9.69,track_circuit,18.11,0.538,13.723,True,emergency_stop,emergency_stop,False
129.1,2.32,snow,True,46.5,5,signal_cable_theft,True,1296,,CLEAR,False,2.66,vibration,1.08,6.333,2.274,False,reroute,reroute,False
91.2,2.44,clear,False,49.0,2,cattle_crossing,False,814,,CLEAR,False,1.67,accelerometer,1.61,1.663,2.419,True,reduce_speed,reduce_speed,False
130.6,8.13,rain,False,45.9,5,sensor_miscount,False,578,0.9736,CLEAR,True,20.92,axle_counter,3.74,4.435,8.109,True,reduce_speed,reduce_speed,False
190.0,0.31,rain,False,77.5,2,cattle_crossing,False,1682,1.0328,CLEAR,True,9.9,track_circuit,0.1,9.386,0.221,False,emergency_stop,emergency_stop,False
179.7,14.49,clear,False,81.8,5,water_logging,False,361,1.0272,CLEAR,True,21.58,vibration,4.84,6.458,14.472,True,reduce_speed,reduce_speed,False
134.3,10.9,clear,False,62.0,9,stranded_vehicle,True,1012,1.0881,CLEAR,True,11.74,track_circuit,4.87,3.607,10.862,True,emergency_stop,emergency_stop,False
109.8,1.75,clear,False,99.1,9,track_buckling,True,378,1.0392,CLEAR,True,0.77,accelerometer,0.96,2.411,1.738,False,reroute,reroute,False
153.2,10.96,clear,False,92.4,2,cattle_crossing,True,317,1.0512,CLEAR,True,13.45,axle_counter,4.29,4.694,10.947,True,proceed_with_caution,proceed_with_caution,False
188.1,1.27,clear,False,36.1,10,landslide_debris,False,450,,CLEAR,True,15.07,track_circuit,0.41,7.076,1.246,False,emergency_stop,emergency_stop,False
120.9,1.6,clear,False,62.2,6,fallen_tree,False,550,,CLEAR,True,11.56,axle_counter,0.79,2.923,1.582,False,emergency_stop,emergency_stop,False
60.4,9.81,rain,False,93.6,2,sensor_miscount,False,853,,CLEAR,True,21.03,track_circuit,9.75,0.949,9.796,True,proceed_with_caution,proceed_with_caution,False
163.7,10.1,clear,False,45.4,9,boulder,False,961,0.9656,OCCUPIED,True,16.28,vibration,3.7,5.36,10.056,True,emergency_stop,emergency_stop,False
46.6,6.91,clear,False,56.5,8,landslide_debris,True,320,1.0169,CLEAR,True,9.44,track_circuit,8.9,0.434,6.906,True,reroute,reroute,False
163.5,12.51,clear,False,96.3,7,signal_cable_theft,True,126,0.9308,CLEAR,False,18.12,accelerometer,4.59,5.346,12.504,True,reduce_speed,reduce_speed,False
58.2,7.87,rain,True,84.3,5,water_logging,False,234,0.9446,OCCUPIED,True,8.33,vibration,8.11,0.881,7.866,True,reduce_speed,reduce_speed,False
61.5,11.82,clear,False,88.3,2,environmental_false_positive,True,1281,0.9446,CLEAR,True,21.04,accelerometer,11.53,0.756,11.798,True,proceed_with_caution,proceed_with_caution,False
166.2,7.13,rain,False,91.6,7,unknown_obstruction,False,1950,1.0227,CLEAR,False,7.36,accelerometer,2.57,7.182,7.04,False,emergency_stop,emergency_stop,False
151.9,14.36,clear,False,42.0,8,equipment_failure_ahead,True,99,0.9905,CLEAR,False,16.83,track_circuit,5.67,4.615,14.356,True,reduce_speed,reduce_speed,False
132.1,11.67,clear,False,78.9,6,water_logging,True,117,,CLEAR,False,10.67,axle_counter,5.3,3.49,11.666,True,reduce_speed,reduce_speed,False
172.2,3.37,snow,True,86.2,5,fallen_tree,False,1573,,CLEAR,True,2.98,vibration,1.17,11.268,3.295,False,emergency_stop,emergency_stop,False
177.0,13.79,clear,False,45.9,8,broken_rail,True,1464,1.0162,CLEAR,True,15.93,track_circuit,4.67,6.266,13.718,True,reroute,reroute,False
115.9,15.72,clear,False,33.0,4,signal_cable_theft,False,1481,,CLEAR,True,9.88,track_circuit,8.14,2.687,15.672,True,reduce_speed,reduce_speed,False
199.4,1.5,clear,False,42.5,6,signal_cable_theft,True,387,1.0221,CLEAR,False,16.04,track_circuit,0.45,7.952,1.479,False,reroute,emergency_stop,True
100.4,12.28,flood,True,81.9,8,fallen_tree,False,1738,0.9463,CLEAR,True,13.73,track_circuit,7.34,3.427,12.232,True,reduce_speed,reduce_speed,False
71.6,15.85,rain,False,78.6,9,landslide_debris,True,1266,0.9962,OCCUPIED,True,1.52,accelerometer,13.28,1.333,15.825,True,emergency_stop,emergency_stop,False
176.1,2.47,rain,True,92.4,8,track_buckling,False,357,,CLEAR,True,5.52,axle_counter,0.84,8.063,2.453,False,emergency_stop,emergency_stop,False
109.4,18.05,flood,False,52.2,8,boulder,False,275,,CLEAR,True,17.66,vibration,9.9,4.069,18.042,True,reduce_speed,reduce_speed,False
180.5,8.41,clear,False,73.5,6,boulder,True,1225,1.0182,OCCUPIED,True,11.96,accelerometer,2.8,6.516,8.349,True,reduce_speed,reduce_speed,False
54.5,14.81,flood,True,31.9,9,unknown_obstruction,True,1569,0.9903,CLEAR,True,11.93,track_circuit,16.3,1.01,14.786,True,emergency_stop,emergency_stop,False
62.2,18.0,clear,False,95.5,10,landslide_debris,True,1573,,OCCUPIED,True,0.56,vibration,17.36,0.774,17.973,True,emergency_stop,emergency_stop,False
51.2,19.79,rain,True,68.8,10,broken_rail,False,1196,1.0289,OCCUPIED,False,7.92,track_circuit,23.19,0.682,19.773,True,emergency_stop,emergency_stop,False
138.3,11.76,clear,False,82.4,9,equipment_failure_ahead,True,1056,0.9237,OCCUPIED,False,16.9,track_circuit,5.1,3.825,11.719,True,emergency_stop,emergency_stop,False
173.9,14.14,clear,True,49.9,6,stranded_vehicle,True,1406,,CLEAR,True,22.23,track_circuit,4.88,6.048,14.072,True,reduce_speed,reduce_speed,False
107.4,5.18,snow,True,35.7,4,cattle_crossing,False,305,0.9186,OCCUPIED,True,14.56,track_circuit,2.89,4.383,5.171,True,reduce_speed,reduce_speed,False
59.1,5.94,clear,False,34.4,2,sensor_miscount,False,761,1.0927,CLEAR,False,13.75,axle_counter,6.03,0.699,5.928,True,reduce_speed,reduce_speed,False
102.9,17.05,flood,True,87.0,5,fallen_tree,True,243,1.0592,CLEAR,True,12.02,axle_counter,9.94,3.6,17.043,True,reduce_speed,reduce_speed,False
98.9,8.09,clear,False,40.6,1,cattle_crossing,True,1686,0.9539,CLEAR,True,17.12,track_circuit,4.91,1.956,8.044,True,reduce_speed,reduce_speed,False
144.7,16.48,rain,False,87.7,1,environmental_false_positive,False,1232,0.8887,CLEAR,True,20.05,track_circuit,6.83,5.444,16.43,True,proceed_with_caution,proceed_with_caution,False
146.1,1.2,flood,True,48.6,3,sensor_miscount,True,1566,1.0294,CLEAR,True,5.91,vibration,0.49,7.257,1.136,False,reroute,reroute,False
61.0,4.52,clear,False,67.9,1,environmental_false_positive,False,1020,,CLEAR,True,17.99,track_circuit,4.45,0.744,4.503,True,proceed_with_caution,proceed_with_caution,False
110.1,3.57,snow,True,48.3,5,equipment_failure_ahead,True,1864,1.1346,CLEAR,True,6.47,vibration,1.95,4.606,3.513,False,reroute,reroute,False
144.6,10.64,rain,False,33.5,8,stranded_vehicle,False,1863,1.0841,CLEAR,True,1.28,accelerometer,4.41,5.436,10.565,True,reduce_speed,reduce_speed,False
85.1,1.79,fog,False,68.0,3,sensor_miscount,False,1252,,OCCUPIED,True,2.33,vibration,1.26,1.593,1.76,False,emergency_stop,emergency_stop,False
108.1,7.01,clear,False,55.7,9,broken_rail,False,1676,,OCCUPIED,True,1.64,axle_counter,3.89,2.337,6.96,True,emergency_stop,emergency_stop,False
140.1,19.73,rain,False,60.5,7,signal_cable_theft,False,1336,0.9843,CLEAR,True,7.36,vibration,8.45,5.103,19.678,True,reduce_speed,reduce_speed,False
107.4,15.93,fog,False,72.1,3,sensor_miscount,False,1462,1.0181,OCCUPIED,True,3.62,vibration,8.9,2.538,15.886,True,proceed_with_caution,proceed_with_caution,False
49.8,15.26,rain,True,52.0,5,sensor_miscount,False,532,,CLEAR,False,2.59,accelerometer,18.39,0.645,15.253,True,reduce_speed,reduce_speed,False
79.5,2.88,clear,False,69.5,9,unknown_obstruction,False,1966,,OCCUPIED,True,4.12,accelerometer,2.17,1.264,2.837,True,emergency_stop,emergency_stop,False
165.3,7.42,clear,False,76.0,7,stranded_vehicle,False,409,0.9182,OCCUPIED,True,1.44,axle_counter,2.69,5.465,7.401,True,reduce_speed,reduce_speed,False
83.5,13.68,heavy_rain,True,36.3,7,signal_cable_theft,True,1405,,CLEAR,True,8.92,axle_counter,9.83,2.231,13.647,True,reduce_speed,reduce_speed,False
171.7,0.63,clear,False,54.5,7,fallen_tree,False,1233,,OCCUPIED,True,20.66,vibration,0.22,5.896,0.571,False,emergency_stop,emergency_stop,False
117.4,8.79,fog,False,36.3,9,broken_rail,False,230,1.0255,CLEAR,False,14.07,track_circuit,4.49,3.032,8.782,True,emergency_stop,emergency_stop,False
118.3,18.59,flood,False,30.5,2,sensor_miscount,False,1561,0.9486,OCCUPIED,True,2.09,axle_counter,9.43,4.758,18.539,True,reduce_speed,reduce_speed,False
164.4,1.83,clear,False,33.6,4,environmental_false_positive,False,201,1.082,CLEAR,False,9.69,vibration,0.67,5.405,1.821,False,emergency_stop,emergency_stop,False
104.4,18.14,clear,False,71.5,6,water_logging,False,1044,1.0624,CLEAR,True,11.03,vibration,10.43,2.18,18.11,True,reduce_speed,reduce_speed,False
82.0,4.05,fog,False,35.9,1,cattle_crossing,False,1641,1.0036,CLEAR,False,4.72,track_circuit,2.96,1.479,4.013,True,reduce_speed,reduce_speed,False
61.3,3.94,clear,False,90.8,7,stranded_vehicle,False,294,,CLEAR,True,9.64,track_circuit,3.86,0.752,3.935,True,reduce_speed,reduce_speed,False
149.1,4.07,rain,False,83.2,6,boulder,False,753,1.0171,CLEAR,True,8.75,track_circuit,1.64,5.78,4.039,False,emergency_stop,emergency_stop,False
117.8,18.64,fog,False,30.6,8,fallen_tree,True,1041,1.0059,OCCUPIED,True,12.6,axle_counter,9.49,3.053,18.606,True,reduce_speed,reduce_speed,False
170.5,12.15,rain,True,70.1,6,unknown_obstruction,True,1853,1.0335,CLEAR,True,17.58,accelerometer,4.28,7.558,12.062,True,reduce_speed,reduce_speed,False
115.9,15.07,clear,False,30.7,8,fallen_tree,False,795,1.0226,CLEAR,True,12.23,accelerometer,7.8,2.687,15.044,True,reduce_speed,reduce_speed,False
109.3,7.45,fog,True,37.6,9,equipment_failure_ahead,True,280,0.9894,CLEAR,False,2.31,track_circuit,4.09,2.628,7.441,True,emergency_stop,emergency_stop,False
91.3,17.49,rain,True,99.2,8,fallen_tree,False,306,,OCCUPIED,False,1.85,track_circuit,11.49,2.167,17.482,True,reduce_speed,reduce_speed,False
75.9,11.72,clear,True,62.0,5,sensor_miscount,False,437,0.9985,CLEAR,True,22.26,vibration,9.26,1.152,11.711,True,reduce_speed,reduce_speed,False
173.7,12.08,rain,True,31.9,2,cattle_crossing,True,1740,1.045,CLEAR,False,17.52,vibration,4.17,7.845,11.996,True,reduce_speed,reduce_speed,False
59.8,15.1,snow,False,89.5,3,sensor_miscount,False,1558,1.0403,CLEAR,False,16.6,axle_counter,15.15,1.359,15.074,True,proceed_with_caution,proceed_with_caution,False
184.8,15.52,fog,False,94.2,6,signal_cable_theft,False,865,1.0787,CLEAR,False,22.87,track_circuit,5.04,7.513,15.476,True,reduce_speed,reduce_speed,False
49.2,13.7,rain,False,68.4,5,sensor_miscount,False,1703,,CLEAR,True,13.77,track_circuit,16.71,0.629,13.677,True,reduce_speed,reduce_speed,False
125.9,2.55,clear,False,79.4,8,unknown_obstruction,True,1841,1.0421,OCCUPIED,True,2.31,vibration,1.22,3.17,2.486,False,reroute,reroute,False
54.0,17.36,clear,False,84.6,2,cattle_crossing,False,1741,1.0112,CLEAR,False,18.0,axle_counter,19.29,0.583,17.334,True,proceed_with_caution,proceed_with_caution,False
165.8,5.37,clear,False,81.4,10,landslide_debris,False,58,1.0206,CLEAR,True,4.48,track_circuit,1.94,5.498,5.367,False,emergency_stop,emergency_stop,False
77.8,19.92,clear,False,64.6,8,fallen_tree,False,243,0.9655,CLEAR,True,16.82,accelerometer,15.36,1.211,19.915,True,reduce_speed,reduce_speed,False
132.7,7.83,flood,True,88.3,2,sensor_miscount,False,1465,1.048,CLEAR,True,10.32,vibration,3.54,5.987,7.776,True,reduce_speed,reduce_speed,False
187.0,2.58,clear,False,66.9,3,cattle_crossing,False,794,,CLEAR,True,1.19,accelerometer,0.83,6.994,2.539,False,emergency_stop,reroute,True
145.6,6.46,heavy_rain,True,48.2,1,cattle_crossing,True,359,1.0625,OCCUPIED,True,1.86,axle_counter,2.66,6.784,6.445,False,reroute,reroute,False
72.6,11.56,clear,False,30.3,10,broken_rail,True,1311,,CLEAR,True,10.12,axle_counter,9.55,1.054,11.534,True,emergency_stop,emergency_stop,False
168.5,7.95,clear,False,55.1,6,water_logging,False,743,,CLEAR,True,15.07,accelerometer,2.83,5.678,7.915,True,reduce_speed,reduce_speed,False
113.4,16.61,clear,False,35.8,4,environmental_false_positive,True,1842,,CLEAR,True,4.69,accelerometer,8.79,2.572,16.552,True,reduce_speed,reduce_speed,False
47.0,13.71,clear,False,34.4,2,sensor_miscount,False,1175,0.9904,OCCUPIED,True,3.12,accelerometer,17.5,0.442,13.695,True,reduce_speed,reduce_speed,False
120.4,4.43,heavy_rain,False,62.8,4,sensor_miscount,False,516,0.9562,CLEAR,True,9.72,vibration,2.21,4.639,4.413,False,emergency_stop,emergency_stop,False
170.9,10.87,flood,False,96.1,4,sensor_miscount,False,1873,1.0165,OCCUPIED,True,20.2,axle_counter,3.82,9.93,10.781,True,proceed_with_caution,proceed_with_caution,False
111.6,15.79,snow,False,37.4,7,unknown_obstruction,False,1221,0.8322,CLEAR,True,19.71,track_circuit,8.49,4.733,15.752,True,reduce_speed,reduce_speed,False
162.6,17.85,clear,False,49.2,10,broken_rail,True,628,,OCCUPIED,True,17.26,track_circuit,6.59,5.288,17.822,True,emergency_stop,emergency_stop,False
154.4,8.02,heavy_rain,True,88.1,7,equipment_failure_ahead,True,330,1.0041,CLEAR,False,10.92,accelerometer,3.12,7.629,8.006,True,reduce_speed,reduce_speed,False
115.8,18.5,clear,False,58.1,9,boulder,False,1132,,CLEAR,True,11.33,track_circuit,9.59,2.682,18.464,True,emergency_stop,emergency_stop,False
95.1,0.91,snow,True,83.1,4,signal_cable_theft,False,1507,1.0003,CLEAR,True,6.04,vibration,0.57,3.437,0.87,False,emergency_stop,emergency_stop,False
157.6,13.6,rain,False,68.0,2,sensor_miscount,False,1680,1.0025,CLEAR,True,3.86,accelerometer,5.18,6.458,13.526,True,proceed_with_caution,proceed_with_caution,False
102.2,15.68,clear,False,72.3,4,cattle_crossing,True,298,,OCCUPIED,True,0.89,accelerometer,9.21,2.089,15.672,True,proceed_with_caution,proceed_with_caution,False
71.4,8.62,clear,True,41.3,5,fallen_tree,False,893,1.1032,OCCUPIED,True,21.57,accelerometer,7.24,1.02,8.602,True,reduce_speed,reduce_speed,False
94.7,0.42,clear,False,54.7,3,cattle_crossing,True,2000,0.9512,CLEAR,True,12.66,axle_counter,0.27,1.794,0.367,False,reroute,reroute,False
180.9,13.8,clear,False,73.5,7,stranded_vehicle,True,1339,,CLEAR,True,0.57,axle_counter,4.58,6.545,13.733,True,reroute,reroute,False
88.9,6.98,snow,False,31.9,7,unknown_obstruction,False,230,0.9556,CLEAR,True,13.46,accelerometer,4.71,3.003,6.974,True,reduce_speed,reduce_speed,False
81.4,3.21,heavy_rain,False,43.2,5,stranded_vehicle,True,1839,,OCCUPIED,True,6.83,track_circuit,2.37,2.12,3.168,True,reduce_speed,reduce_speed,False
65.7,3.31,flood,True,57.1,7,boulder,True,1387,0.9966,CLEAR,True,10.97,track_circuit,3.02,1.468,3.285,True,reduce_speed,reduce_speed,False
53.6,15.43,clear,False,77.2,4,cattle_crossing,True,947,,CLEAR,True,16.97,accelerometer,17.27,0.575,15.416,True,proceed_with_caution,proceed_with_caution,False
196.4,3.91,rain,False,65.7,7,water_logging,False,1566,1.0606,CLEAR,False,20.34,vibration,1.19,10.029,3.825,False,emergency_stop,emergency_stop,False
128.2,9.79,clear,False,80.3,9,landslide_debris,True,1315,,CLEAR,True,17.66,axle_counter,4.58,3.287,9.743,True,emergency_stop,emergency_stop,False
158.1,19.41,rain,False,80.9,1,cattle_crossing,True,553,0.9889,CLEAR,True,22.46,track_circuit,7.37,6.499,19.386,True,proceed_with_caution,proceed_with_caution,False
164.8,15.22,clear,False,32.2,1,cattle_crossing,True,1603,,CLEAR,True,6.25,axle_counter,5.54,5.432,15.147,True,reduce_speed,reduce_speed,False
99.6,11.03,clear,False,93.1,8,boulder,False,547,0.9752,OCCUPIED,True,16.7,accelerometer,6.64,1.984,11.015,True,reduce_speed,reduce_speed,False
168.8,10.66,rain,False,87.7,9,broken_rail,True,496,,CLEAR,True,22.3,axle_counter,3.79,7.408,10.637,True,emergency_stop,emergency_stop,False
194.0,3.51,clear,False,49.0,2,cattle_crossing,False,1213,,CLEAR,True,8.06,axle_counter,1.09,7.527,3.445,False,emergency_stop,emergency_stop,False
160.0,9.04,rain,False,63.9,1,environmental_false_positive,False,86,,CLEAR,True,20.09,axle_counter,3.39,6.656,9.036,True,proceed_with_caution,proceed_with_caution,False
155.3,3.07,fog,True,51.6,8,stranded_vehicle,False,1280,,CLEAR,True,23.54,accelerometer,1.19,5.306,3.015,False,emergency_stop,emergency_stop,False
112.0,1.85,clear,False,93.5,7,fallen_tree,True,1124,0.9867,CLEAR,True,16.27,accelerometer,0.99,2.509,1.815,False,reroute,reroute,False
175.4,2.36,snow,False,56.8,7,equipment_failure_ahead,False,1455,0.9358,CLEAR,False,4.52,axle_counter,0.81,11.691,2.289,False,emergency_stop,emergency_stop,False
58.8,12.21,rain,False,57.7,4,cattle_crossing,True,360,0.9929,CLEAR,True,6.89,axle_counter,12.46,0.899,12.204,True,reduce_speed,reduce_speed,False
161.2,4.03,heavy_rain,True,93.8,8,landslide_debris,True,1182,0.9693,CLEAR,True,17.16,track_circuit,1.5,8.315,3.977,False,reroute,proceed_with_caution,True
101.1,3.16,fog,True,72.0,4,environmental_false_positive,False,911,,OCCUPIED,True,21.72,axle_counter,1.88,2.249,3.134,True,reduce_speed,reduce_speed,False
132.7,17.37,fog,False,39.7,9,track_buckling,True,390,0.9611,CLEAR,True,1.08,track_circuit,7.85,3.874,17.356,True,emergency_stop,emergency_stop,False
183.4,2.62,fog,False,73.8,2,environmental_false_positive,True,931,1.058,CLEAR,True,8.5,axle_counter,0.86,7.4,2.573,False,reroute,reduce_speed,True
138.8,14.17,snow,False,85.6,4,sensor_miscount,True,1853,,CLEAR,True,6.22,axle_counter,6.13,7.321,14.099,True,proceed_with_caution,proceed_with_caution,False
49.0,8.46,rain,True,53.6,7,equipment_failure_ahead,True,1658,1.0939,OCCUPIED,True,10.84,track_circuit,10.36,0.624,8.437,True,reduce_speed,reduce_speed,False
157.0,11.67,clear,False,66.9,8,equipment_failure_ahead,True,375,,CLEAR,True,19.33,track_circuit,4.46,4.93,11.654,True,reduce_speed,reduce_speed,False
189.0,0.66,clear,False,73.9,8,fallen_tree,True,1701,0.8854,CLEAR,True,12.82,track_circuit,0.21,7.144,0.571,False,reroute,reroute,False
144.5,0.2,rain,False,65.7,3,sensor_miscount,False,1152,0.9374,CLEAR,True,13.2,track_circuit,0.08,5.429,0.154,False,emergency_stop,emergency_stop,False
178.5,16.38,clear,False,99.9,7,fallen_tree,True,142,1.0069,OCCUPIED,True,15.42,vibration,5.51,6.372,16.373,True,reduce_speed,reduce_speed,False
172.9,9.61,clear,False,65.5,7,signal_cable_theft,True,1844,1.0145,CLEAR,False,13.13,track_circuit,3.33,5.979,9.521,True,reduce_speed,reduce_speed,False
178.5,1.61,clear,False,75.0,9,broken_rail,False,1076,0.9648,CLEAR,True,17.36,track_circuit,0.54,6.372,1.557,False,emergency_stop,emergency_stop,False
98.3,7.0,rain,False,85.6,10,landslide_debris,False,1831,0.9523,CLEAR,False,3.12,accelerometer,4.27,2.512,6.95,True,emergency_stop,emergency_stop,False
118.5,10.23,clear,False,39.6,9,landslide_debris,False,241,0.9635,CLEAR,False,1.06,track_circuit,5.18,2.808,10.222,True,emergency_stop,proceed_with_caution,True
176.4,2.88,rain,True,33.1,10,landslide_debris,False,377,0.9913,CLEAR,False,20.76,accelerometer,0.98,8.09,2.862,False,emergency_stop,emergency_stop,False
186.1,11.02,heavy_rain,False,98.1,6,boulder,True,1809,0.9971,CLEAR,True,12.23,axle_counter,3.55,11.083,10.926,False,reroute,reroute,False
67.8,10.67,heavy_rain,True,81.3,4,fallen_tree,True,515,,CLEAR,False,7.81,vibration,9.44,1.471,10.66,True,reduce_speed,reduce_speed,False
73.1,12.14,clear,False,57.5,8,unknown_obstruction,False,1121,1.0148,CLEAR,True,11.63,axle_counter,9.96,1.069,12.117,True,reduce_speed,reduce_speed,False
98.8,16.24,rain,True,31.2,3,cattle_crossing,False,1224,1.0142,OCCUPIED,True,16.43,track_circuit,9.86,2.538,16.206,True,reduce_speed,reduce_speed,False
164.4,8.37,rain,False,41.6,1,environmental_false_positive,False,1900,0.9934,OCCUPIED,True,3.48,vibration,3.05,7.027,8.283,True,reduce_speed,reduce_speed,False
180.6,17.79,rain,False,30.7,3,environmental_false_positive,False,707,,CLEAR,True,13.33,vibration,5.91,8.48,17.755,True,reduce_speed,reduce_speed,False
134.9,9.6,fog,False,57.8,5,sensor_miscount,False,1520,1.0403,CLEAR,False,3.21,track_circuit,4.27,4.004,9.543,True,reduce_speed,reduce_speed,False
62.6,9.25,clear,False,68.8,6,water_logging,True,1475,1.0794,OCCUPIED,True,21.56,vibration,8.87,0.784,9.224,True,reduce_speed,reduce_speed,False
92.1,13.18,flood,True,41.2,2,environmental_false_positive,True,1417,,CLEAR,True,14.28,axle_counter,8.59,2.884,13.144,True,reduce_speed,reduce_speed,False
177.8,12.43,clear,False,74.8,5,sensor_miscount,False,1069,,CLEAR,True,20.37,accelerometer,4.19,6.323,12.377,True,reduce_speed,reduce_speed,False
98.9,0.43,heavy_rain,True,96.8,2,sensor_miscount,True,188,1.028,CLEAR,True,18.16,vibration,0.26,3.13,0.425,False,reroute,reroute,False
60.9,19.65,rain,False,99.3,7,unknown_obstruction,True,569,0.9298,CLEAR,False,20.47,track_circuit,19.36,0.964,19.64,True,reduce_speed,reduce_speed,False
91.8,18.87,clear,True,88.3,10,broken_rail,False,1144,,CLEAR,False,8.87,accelerometer,12.33,1.685,18.841,True,emergency_stop,emergency_stop,False
170.0,5.77,fog,False,61.1,4,cattle_crossing,True,851,,OCCUPIED,True,3.92,accelerometer,2.04,6.358,5.73,False,reroute,reroute,False
121.5,11.26,clear,False,68.3,9,unknown_obstruction,False,410,,OCCUPIED,True,22.34,vibration,5.56,2.952,11.246,True,emergency_stop,emergency_stop,False
71.6,15.46,heavy_rain,False,65.2,7,water_logging,True,1398,0.9472,OCCUPIED,True,22.17,track_circuit,12.96,1.64,15.432,True,reroute,reroute,False
93.5,18.43,rain,False,40.9,4,environmental_false_positive,False,949,0.9989,CLEAR,True,22.14,vibration,11.83,2.273,18.405,True,reduce_speed,reduce_speed,False
192.8,11.8,clear,False,89.8,8,landslide_debris,True,1581,,CLEAR,True,24.74,axle_counter,3.67,7.434,11.715,True,reroute,reroute,False
112.0,0.58,clear,False,77.3,9,landslide_debris,True,1119,1.037,OCCUPIED,True,15.11,track_circuit,0.31,2.509,0.545,False,reroute,reroute,False
113.4,13.68,fog,False,74.7,4,cattle_crossing,False,771,,CLEAR,True,13.06,accelerometer,7.24,2.829,13.656,True,proceed_with_caution,proceed_with_caution,False
68.7,2.04,clear,False,45.4,8,landslide_debris,False,262,0.9454,CLEAR,True,20.03,axle_counter,1.78,0.944,2.035,True,reduce_speed,reduce_speed,False
92.2,13.49,snow,True,40.7,5,equipment_failure_ahead,True,254,1.0266,OCCUPIED,True,3.2,accelerometer,8.78,3.23,13.483,True,reduce_speed,reduce_speed,False
171.3,11.83,fog,False,91.1,8,landslide_debris,True,1039,,CLEAR,True,19.68,vibration,4.14,6.456,11.781,True,reroute,reroute,False
166.9,12.89,fog,False,42.6,5,sensor_miscount,True,739,1.0064,CLEAR,True,20.4,track_circuit,4.63,6.128,12.856,True,reduce_speed,reduce_speed,False
112.5,3.95,clear,False,35.2,8,fallen_tree,True,1451,0.9852,CLEAR,True,14.64,accelerometer,2.11,2.531,3.905,True,reduce_speed,reduce_speed,False
183.5,9.97,fog,False,73.8,5,equipment_failure_ahead,False,1280,0.9818,CLEAR,False,10.0,axle_counter,3.26,7.408,9.905,True,reduce_speed,reduce_speed,False
103.9,12.44,snow,False,79.3,5,water_logging,False,604,,CLEAR,True,16.58,axle_counter,7.18,4.102,12.423,True,reduce_speed,reduce_speed,False
179.0,6.15,clear,False,38.4,7,landslide_debris,False,1532,0.9344,OCCUPIED,False,22.92,axle_counter,2.06,6.408,6.074,False,emergency_stop,emergency_stop,False
49.9,3.8,clear,False,44.5,8,landslide_debris,True,1153,1.066,CLEAR,True,4.37,track_circuit,4.57,0.498,3.784,True,reroute,emergency_stop,True
98.8,4.61,clear,False,85.2,4,cattle_crossing,False,1766,,OCCUPIED,True,8.12,vibration,2.8,1.952,4.562,True,proceed_with_caution,proceed_with_caution,False
177.5,17.19,clear,False,95.1,5,equipment_failure_ahead,False,1909,0.9989,OCCUPIED,True,16.95,axle_counter,5.81,6.301,17.096,True,reduce_speed,reduce_speed,False
184.7,9.4,fog,False,63.4,6,equipment_failure_ahead,True,1926,0.9962,CLEAR,True,20.91,accelerometer,3.05,7.505,9.301,True,reduce_speed,reduce_speed,False
162.2,13.29,rain,False,85.4,6,stranded_vehicle,True,297,,OCCUPIED,True,16.48,accelerometer,4.92,6.84,13.277,True,reduce_speed,reduce_speed,False
148.8,10.39,rain,False,52.4,4,cattle_crossing,False,1082,1.0399,CLEAR,True,14.98,vibration,4.19,5.757,10.345,True,reduce_speed,reduce_speed,False
171.4,16.72,clear,False,79.2,7,boulder,False,106,0.9778,CLEAR,True,2.6,track_circuit,5.85,5.876,16.715,True,reduce_speed,reduce_speed,False
154.7,10.27,clear,False,69.0,1,cattle_crossing,True,1767,1.0392,OCCUPIED,False,11.13,vibration,3.98,4.786,10.194,True,proceed_with_caution,proceed_with_caution,False
84.4,2.05,clear,False,89.0,8,broken_rail,False,1420,1.1192,CLEAR,True,22.31,track_circuit,1.46,1.425,2.017,True,reduce_speed,reduce_speed,False
117.3,4.12,heavy_rain,True,84.3,8,fallen_tree,False,561,,CLEAR,False,9.36,vibration,2.11,4.403,4.102,False,emergency_stop,emergency_stop,False
147.4,0.46,rain,False,49.9,9,broken_rail,False,1234,0.8781,CLEAR,True,9.83,axle_counter,0.19,5.649,0.409,False,emergency_stop,emergency_stop,False
136.1,16.66,clear,False,40.5,8,unknown_obstruction,False,1141,0.9914,OCCUPIED,False,9.26,accelerometer,7.34,3.705,16.617,True,reduce_speed,reduce_speed,False
182.2,13.33,heavy_rain,False,86.5,10,landslide_debris,True,1109,0.9856,OCCUPIED,True,9.39,track_circuit,4.39,10.623,13.274,True,emergency_stop,emergency_stop,False
118.4,15.23,clear,False,32.3,9,track_buckling,True,1102,1.0241,CLEAR,False,10.42,track_circuit,7.72,2.804,15.194,True,emergency_stop,emergency_stop,False
72.6,14.36,clear,False,77.5,9,track_buckling,False,1970,0.8804,CLEAR,True,19.45,accelerometer,11.87,1.054,14.32,True,emergency_stop,emergency_stop,False
78.3,16.52,clear,False,63.3,8,boulder,False,1549,,CLEAR,True,11.65,axle_counter,12.66,1.226,16.486,True,reduce_speed,reduce_speed,False
176.1,19.74,flood,False,35.3,7,boulder,True,835,0.9747,CLEAR,True,15.37,accelerometer,6.73,10.544,19.699,True,reduce_speed,reduce_speed,False
46.4,13.14,fog,False,78.2,6,signal_cable_theft,False,1558,,CLEAR,True,11.34,accelerometer,16.99,0.474,13.12,True,reduce_speed,reduce_speed,False
179.7,5.19,rain,True,63.8,6,boulder,False,325,0.9689,OCCUPIED,True,21.91,axle_counter,1.73,8.396,5.174,False,emergency_stop,emergency_stop,False
53.6,2.21,clear,False,90.2,2,sensor_miscount,True,606,1.0521,CLEAR,True,4.88,axle_counter,2.47,0.575,2.201,True,proceed_with_caution,proceed_with_caution,False
105.7,11.88,clear,False,44.6,7,unknown_obstruction,True,278,0.9094,OCCUPIED,False,3.51,axle_counter,6.74,2.234,11.872,True,reduce_speed,reduce_speed,False
169.0,15.46,rain,True,30.2,7,unknown_obstruction,True,1778,,OCCUPIED,False,10.49,vibration,5.49,7.426,15.377,True,reduce_speed,reduce_speed,False
108.2,11.32,clear,False,39.1,5,signal_cable_theft,True,96,0.9417,OCCUPIED,True,24.37,accelerometer,6.28,2.341,11.317,True,reduce_speed,reduce_speed,False
172.5,6.21,snow,True,48.9,10,track_buckling,False,1789,,CLEAR,True,17.65,track_circuit,2.16,11.307,6.124,False,emergency_stop,emergency_stop,False
60.5,14.45,fog,False,75.7,9,landslide_debris,True,1673,,CLEAR,True,15.6,vibration,14.33,0.805,14.422,True,emergency_stop,emergency_stop,False
124.3,9.07,clear,False,55.4,8,track_buckling,False,1900,0.943,CLEAR,True,10.06,track_circuit,4.38,3.09,9.004,True,reduce_speed,reduce_speed,False
135.3,5.87,fog,False,38.3,9,equipment_failure_ahead,True,1544,,OCCUPIED,True,7.73,axle_counter,2.6,4.027,5.812,True,emergency_stop,emergency_stop,False
183.1,16.85,flood,True,98.7,9,equipment_failure_ahead,False,942,0.9314,OCCUPIED,True,23.94,vibration,5.52,11.399,16.802,True,emergency_stop,emergency_stop,False
59.5,11.62,rain,False,37.6,3,water_logging,True,1633,0.9816,OCCUPIED,True,10.96,accelerometer,11.72,0.92,11.593,True,reduce_speed,reduce_speed,False
97.5,5.81,rain,False,54.9,8,fallen_tree,False,1976,,CLEAR,True,17.92,axle_counter,3.58,2.472,5.756,True,reduce_speed,reduce_speed,False
147.2,6.71,snow,True,91.4,4,cattle_crossing,True,1791,0.9559,CLEAR,True,20.36,track_circuit,2.74,8.234,6.637,False,reroute,reroute,False
196.9,11.52,clear,False,75.7,6,fallen_tree,False,1581,1.0946,OCCUPIED,True,16.61,track_circuit,3.51,7.754,11.434,True,reduce_speed,reduce_speed,False
176.5,8.57,snow,False,52.4,7,equipment_failure_ahead,True,1545,1.0693,CLEAR,True,6.2,track_circuit,2.91,11.838,8.494,False,reroute,reroute,False
176.2,3.38,clear,False,97.9,7,track_buckling,False,1324,0.9432,CLEAR,True,7.56,track_circuit,1.15,6.209,3.315,False,emergency_stop,emergency_stop,False
125.2,12.29,rain,False,65.1,5,stranded_vehicle,True,1789,1.049,CLEAR,True,1.06,accelerometer,5.89,4.076,12.228,True,reduce_speed,reduce_speed,False
132.5,13.84,heavy_rain,True,30.6,7,water_logging,True,893,0.9712,CLEAR,False,24.25,axle_counter,6.27,5.618,13.807,True,reroute,reroute,False
178.1,0.2,rain,False,30.4,7,boulder,False,1027,0.9262,CLEAR,True,20.95,track_circuit,0.07,8.247,0.149,False,emergency_stop,emergency_stop,False
179.8,10.83,rain,False,95.9,3,water_logging,True,1693,0.9569,OCCUPIED,True,10.4,vibration,3.61,8.405,10.745,True,reduce_speed,reduce_speed,False
169.4,11.63,rain,False,49.7,3,environmental_false_positive,False,562,0.9246,CLEAR,True,22.36,track_circuit,4.12,7.461,11.604,True,reduce_speed,reduce_speed,False
171.9,6.77,clear,False,86.8,6,boulder,False,1540,1.0565,OCCUPIED,False,4.27,track_circuit,2.36,5.91,6.696,True,reduce_speed,reroute,True
181.3,6.91,clear,False,33.0,9,broken_rail,True,265,0.9474,CLEAR,True,1.53,accelerometer,2.29,6.574,6.897,True,emergency_stop,emergency_stop,False
62.6,6.49,clear,False,40.3,6,water_logging,False,1192,,CLEAR,False,3.81,track_circuit,6.22,0.784,6.469,True,reduce_speed,reduce_speed,False
90.4,9.02,rain,False,90.0,7,boulder,True,118,,CLEAR,False,22.14,axle_counter,5.99,2.125,9.017,True,reduce_speed,reduce_speed,False
196.3,16.28,clear,False,99.6,10,landslide_debris,False,1995,,CLEAR,False,4.43,axle_counter,4.98,7.707,16.171,True,emergency_stop,emergency_stop,False
129.4,9.49,clear,False,33.6,5,fallen_tree,True,1692,0.9699,CLEAR,False,2.17,track_circuit,4.4,3.349,9.429,True,reduce_speed,reduce_speed,False
72.4,19.87,snow,True,41.7,10,landslide_debris,False,536,,OCCUPIED,True,5.05,track_circuit,16.47,1.992,19.859,True,emergency_stop,emergency_stop,False
123.0,7.65,clear,False,80.6,5,stranded_vehicle,False,343,1.0006,CLEAR,True,10.67,track_circuit,3.73,3.026,7.638,True,reduce_speed,reduce_speed,False
145.1,14.05,clear,False,67.1,3,environmental_false_positive,True,1302,0.9697,CLEAR,False,12.66,track_circuit,5.81,4.211,13.998,True,proceed_with_caution,proceed_with_caution,False
173.4,11.07,clear,False,58.4,4,sensor_miscount,False,1809,,OCCUPIED,True,6.28,accelerometer,3.83,6.014,10.983,True,reduce_speed,reduce_speed,False
170.9,15.29,clear,False,43.6,5,equipment_failure_ahead,True,676,1.0351,OCCUPIED,False,20.24,axle_counter,5.37,5.841,15.258,True,reduce_speed,reduce_speed,False
52.6,17.79,fog,False,96.2,7,water_logging,False,1925,,CLEAR,False,24.02,axle_counter,20.29,0.609,17.762,True,reduce_speed,reduce_speed,False
115.3,10.33,clear,False,42.1,5,sensor_miscount,True,943,1.0003,CLEAR,True,7.63,track_circuit,5.38,2.659,10.3,True,reduce_speed,reduce_speed,False
48.2,9.99,clear,False,48.6,7,signal_cable_theft,True,911,,CLEAR,True,23.31,accelerometer,12.44,0.465,9.978,True,reduce_speed,emergency_stop,True
182.7,18.87,flood,False,52.7,10,track_buckling,True,711,0.998,CLEAR,True,20.54,track_circuit,6.2,11.349,18.834,True,emergency_stop,emergency_stop,False
72.0,18.69,heavy_rain,False,39.7,4,fallen_tree,False,578,,CLEAR,True,22.21,accelerometer,15.57,1.659,18.678,True,reduce_speed,reduce_speed,False
141.9,19.94,fog,False,67.5,1,cattle_crossing,False,702,1.0269,CLEAR,True,1.96,track_circuit,8.43,4.43,19.912,True,proceed_with_caution,proceed_with_caution,False
133.4,3.3,heavy_rain,True,53.9,4,environmental_false_positive,False,387,,CLEAR,True,20.93,accelerometer,1.48,5.695,3.286,False,emergency_stop,emergency_stop,False
142.0,0.27,snow,False,72.5,3,cattle_crossing,False,785,0.9557,CLEAR,False,14.86,track_circuit,0.11,7.662,0.239,False,emergency_stop,emergency_stop,False
132.3,8.86,clear,False,55.8,9,track_buckling,False,615,,OCCUPIED,False,1.44,track_circuit,4.02,3.501,8.837,True,emergency_stop,emergency_stop,False
155.9,14.72,rain,False,38.1,6,equipment_failure_ahead,False,160,,CLEAR,True,18.96,axle_counter,5.67,6.319,14.713,True,reduce_speed,reduce_speed,False
142.0,1.64,rain,False,91.1,9,boulder,False,757,1.0055,CLEAR,False,6.42,track_circuit,0.69,5.243,1.61,False,emergency_stop,emergency_stop,False
59.0,7.6,clear,False,65.7,9,equipment_failure_ahead,True,127,,CLEAR,True,20.03,vibration,7.73,0.696,7.598,True,emergency_stop,emergency_stop,False
101.8,11.71,clear,False,52.5,2,environmental_false_positive,False,403,1.0582,CLEAR,True,15.84,vibration,6.9,2.073,11.699,True,reduce_speed,reduce_speed,False
129.7,4.41,clear,False,31.1,1,environmental_false_positive,True,1464,1.0077,CLEAR,False,12.56,vibration,2.04,3.364,4.357,True,reduce_speed,reduce_speed,False
95.4,14.68,fog,False,71.8,1,environmental_false_positive,False,99,1.0107,OCCUPIED,False,1.07,track_circuit,9.23,2.002,14.677,True,proceed_with_caution,proceed_with_caution,False
162.9,4.74,heavy_rain,False,84.8,9,track_buckling,True,656,,OCCUPIED,True,22.3,vibration,1.75,8.492,4.71,False,reroute,reroute,False
94.3,16.85,fog,False,75.5,6,signal_cable_theft,True,1384,0.9942,CLEAR,True,4.12,track_circuit,10.72,1.956,16.814,True,reduce_speed,reduce_speed,False
173.4,7.1,clear,False,85.1,3,sensor_miscount,False,91,0.944,CLEAR,True,20.83,accelerometer,2.46,6.014,7.096,True,proceed_with_caution,proceed_with_caution,False
67.7,12.05,clear,False,40.8,3,sensor_miscount,True,1488,0.9907,OCCUPIED,True,17.36,vibration,10.68,0.917,12.022,True,reduce_speed,proceed_with_caution,True
164.3,10.97,rain,False,98.0,8,fallen_tree,False,208,1.0667,CLEAR,True,2.2,axle_counter,4.01,7.019,10.961,True,reduce_speed,reduce_speed,False
73.4,6.07,rain,False,44.8,7,track_buckling,False,157,1.1136,CLEAR,True,13.78,accelerometer,4.96,1.401,6.067,True,reduce_speed,reduce_speed,False
126.8,8.89,snow,True,48.7,4,fallen_tree,False,432,0.9269,CLEAR,False,24.06,axle_counter,4.21,6.11,8.875,True,reduce_speed,reduce_speed,False
94.7,16.95,snow,False,65.9,2,cattle_crossing,False,1728,,CLEAR,True,23.11,axle_counter,10.74,3.408,16.905,True,proceed_with_caution,proceed_with_caution,False
143.8,11.06,snow,False,30.4,4,cattle_crossing,True,144,0.978,CLEAR,True,4.08,track_circuit,4.61,7.858,11.054,True,reduce_speed,reduce_speed,False
78.0,1.3,heavy_rain,False,61.0,4,environmental_false_positive,True,242,1.0012,CLEAR,True,4.74,vibration,1.0,1.947,1.295,False,reroute,reroute,False
168.3,14.32,flood,True,43.7,4,sensor_miscount,False,1895,1.102,OCCUPIED,True,4.26,track_circuit,5.11,9.63,14.231,True,reduce_speed,reduce_speed,False
133.9,3.81,rain,False,82.4,3,sensor_miscount,True,1240,0.9754,CLEAR,True,19.03,track_circuit,1.71,4.662,3.764,False,reroute,reroute,False
193.4,9.82,clear,False,83.0,5,fallen_tree,True,1158,,CLEAR,True,4.44,vibration,3.05,7.481,9.758,True,reduce_speed,reduce_speed,False
155.3,9.48,clear,False,73.1,1,cattle_crossing,True,128,,CLEAR,True,2.08,track_circuit,3.66,4.824,9.474,True,proceed_with_caution,proceed_with_caution,False
139.1,9.83,clear,False,59.5,5,stranded_vehicle,False,818,,CLEAR,True,10.06,vibration,4.24,3.87,9.798,True,reduce_speed,proceed_with_caution,True
173.5,0.81,clear,False,51.7,10,track_buckling,False,1174,1.0187,OCCUPIED,True,24.19,track_circuit,0.28,6.02,0.753,False,emergency_stop,emergency_stop,False
79.1,5.59,clear,False,87.9,7,landslide_debris,True,1089,0.9588,CLEAR,True,8.05,axle_counter,4.24,1.251,5.566,True,reroute,reroute,False
143.1,1.2,flood,True,65.5,7,stranded_vehicle,True,1067,,OCCUPIED,False,18.24,accelerometer,0.5,6.962,1.158,False,reroute,reroute,False
105.5,8.42,clear,False,64.8,8,fallen_tree,False,270,0.9552,CLEAR,False,4.03,track_circuit,4.79,2.226,8.412,True,reduce_speed,reduce_speed,False
160.3,12.5,flood,True,37.9,4,cattle_crossing,True,1979,,CLEAR,True,15.72,vibration,4.68,8.737,12.412,True,reduce_speed,reduce_speed,False
48.8,13.15,fog,True,45.3,8,landslide_debris,True,1419,1.0016,CLEAR,True,14.74,axle_counter,16.17,0.524,13.131,True,reroute,reroute,False
111.3,1.48,rain,False,55.2,5,fallen_tree,True,521,,CLEAR,True,22.65,accelerometer,0.8,3.221,1.464,False,reroute,reroute,False
146.0,2.55,fog,False,78.9,7,landslide_debris,False,1941,,OCCUPIED,True,18.06,track_circuit,1.05,4.69,2.471,False,emergency_stop,emergency_stop,False
116.4,13.3,clear,False,89.2,7,signal_cable_theft,True,638,1.0344,CLEAR,True,3.46,vibration,6.86,2.71,13.279,True,reduce_speed,reduce_speed,False
81.9,10.72,rain,True,99.5,2,cattle_crossing,True,304,,OCCUPIED,True,10.42,axle_counter,7.85,1.744,10.713,True,reduce_speed,reduce_speed,False
117.0,16.7,clear,False,59.9,8,stranded_vehicle,False,1792,0.9135,CLEAR,True,0.51,axle_counter,8.56,2.738,16.642,True,reduce_speed,reduce_speed,False
176.7,4.26,snow,False,61.7,8,boulder,True,347,0.946,OCCUPIED,True,6.4,track_circuit,1.45,11.865,4.243,False,reroute,proceed_with_caution,True
77.1,2.58,clear,False,83.6,6,equipment_failure_ahead,False,168,1.125,CLEAR,False,24.3,track_circuit,2.01,1.189,2.576,True,reduce_speed,proceed_with_caution,True
101.9,7.37,clear,False,52.5,8,broken_rail,False,1276,,OCCUPIED,True,11.67,axle_counter,4.34,2.077,7.334,True,reduce_speed,reduce_speed,False
198.5,12.81,fog,False,67.8,2,sensor_miscount,False,565,,OCCUPIED,True,21.76,track_circuit,3.87,8.668,12.779,True,proceed_with_caution,proceed_with_caution,False
186.5,9.82,fog,False,77.4,2,cattle_crossing,True,346,0.9801,CLEAR,True,1.08,axle_counter,3.16,7.652,9.802,True,proceed_with_caution,proceed_with_caution,False
50.3,2.15,rain,False,46.5,2,environmental_false_positive,True,249,,CLEAR,False,22.06,vibration,2.56,0.658,2.147,True,reduce_speed,reduce_speed,False
127.2,1.61,rain,False,49.6,7,unknown_obstruction,False,295,0.9032,OCCUPIED,True,22.29,axle_counter,0.76,4.207,1.6,False,emergency_stop,emergency_stop,False
55.1,13.62,clear,True,54.9,6,water_logging,True,1924,1.0742,CLEAR,True,16.51,track_circuit,14.83,0.607,13.591,True,reduce_speed,reduce_speed,False
188.2,6.08,fog,False,70.4,3,sensor_miscount,False,1358,,CLEAR,True,3.35,track_circuit,1.94,7.792,6.009,False,emergency_stop,emergency_stop,False
113.4,13.46,clear,True,48.9,10,track_buckling,True,1694,0.906,CLEAR,True,21.96,axle_counter,7.12,2.572,13.407,True,reduce_speed,reduce_speed,False
109.9,6.04,clear,False,44.6,6,signal_cable_theft,False,1257,0.9348,CLEAR,False,22.55,vibration,3.3,2.416,6.002,True,reduce_speed,reduce_speed,False
87.3,6.43,clear,False,40.5,5,water_logging,True,1110,0.9923,OCCUPIED,False,5.43,accelerometer,4.42,1.524,6.403,True,reduce_speed,reduce_speed,False
133.2,4.35,clear,True,86.7,8,landslide_debris,False,474,0.9571,OCCUPIED,True,23.53,axle_counter,1.96,3.548,4.332,True,reduce_speed,reduce_speed,False
67.5,19.68,clear,False,92.0,9,equipment_failure_ahead,True,1937,0.9536,OCCUPIED,True,22.09,vibration,17.49,0.911,19.644,True,emergency_stop,emergency_stop,False
168.8,0.52,rain,False,93.3,4,environmental_false_positive,True,1656,,CLEAR,True,5.52,track_circuit,0.18,7.408,0.442,False,reroute,reroute,False
121.1,2.72,clear,False,87.5,6,fallen_tree,False,1080,0.9454,OCCUPIED,True,10.15,accelerometer,1.35,2.933,2.684,False,emergency_stop,emergency_stop,False
132.8,16.76,clear,False,39.6,9,equipment_failure_ahead,False,255,0.944,OCCUPIED,False,8.75,track_circuit,7.57,3.527,16.751,True,emergency_stop,emergency_stop,False
175.3,2.94,rain,False,36.8,4,fallen_tree,False,1533,1.0141,OCCUPIED,True,12.71,track_circuit,1.01,7.99,2.865,False,emergency_stop,emergency_stop,False
73.7,5.76,clear,False,64.9,3,water_logging,True,698,0.9618,CLEAR,False,22.28,track_circuit,4.69,1.086,5.746,True,reduce_speed,reduce_speed,False
72.2,5.4,fog,False,66.5,1,environmental_false_positive,True,458,0.8401,CLEAR,False,21.92,track_circuit,4.49,1.147,5.391,True,proceed_with_caution,proceed_with_caution,False
110.2,14.0,snow,False,81.3,6,fallen_tree,False,1491,0.9978,CLEAR,True,4.8,vibration,7.62,4.615,13.954,True,reduce_speed,reduce_speed,False
166.8,8.34,clear,False,45.6,6,water_logging,True,1683,1.045,CLEAR,True,14.0,track_circuit,3.0,5.564,8.262,True,reduce_speed,reduce_speed,False
54.1,16.84,snow,True,95.2,6,signal_cable_theft,False,1247,,CLEAR,True,13.58,track_circuit,18.68,1.112,16.821,True,reduce_speed,reduce_speed,False
168.3,15.0,clear,False,51.7,6,boulder,True,194,0.9244,CLEAR,True,11.53,track_circuit,5.35,5.665,14.991,True,reduce_speed,reduce_speed,False
122.6,10.72,clear,False,70.4,5,water_logging,False,1220,,CLEAR,True,18.01,accelerometer,5.25,3.006,10.678,True,reduce_speed,reduce_speed,False
132.1,5.13,fog,False,90.5,7,fallen_tree,False,1842,0.9176,CLEAR,True,16.33,vibration,2.33,3.839,5.062,True,reduce_speed,reduce_speed,False
132.5,15.89,fog,False,66.6,3,sensor_miscount,True,1388,,CLEAR,True,7.24,accelerometer,7.2,3.862,15.839,True,proceed_with_caution,proceed_with_caution,False
53.7,17.35,heavy_rain,True,82.7,7,boulder,True,567,0.9987,OCCUPIED,True,9.03,accelerometer,19.39,0.923,17.342,True,reduce_speed,reduce_speed,False
83.7,16.76,clear,False,82.4,7,track_buckling,False,1311,,CLEAR,False,22.27,accelerometer,12.01,1.401,16.73,True,reduce_speed,reduce_speed,False
162.1,1.22,heavy_rain,True,85.3,4,sensor_miscount,False,535,1.0347,CLEAR,True,8.48,axle_counter,0.45,8.408,1.196,False,emergency_stop,emergency_stop,False
108.9,14.02,clear,False,86.8,6,boulder,True,1755,1.0143,CLEAR,True,11.38,track_circuit,7.72,2.372,13.967,True,reduce_speed,reduce_speed,False
131.9,14.14,clear,False,57.5,7,water_logging,False,1700,1.0558,CLEAR,True,24.34,track_circuit,6.43,3.48,14.078,True,reduce_speed,reduce_speed,False
191.5,18.87,clear,False,55.4,5,sensor_miscount,False,1159,0.9305,CLEAR,True,21.5,track_circuit,5.91,7.334,18.808,True,reduce_speed,reduce_speed,False
52.2,5.42,flood,True,86.2,4,sensor_miscount,False,313,1.0948,OCCUPIED,False,17.62,vibration,6.23,0.926,5.415,True,reduce_speed,reduce_speed,False
114.7,15.77,clear,False,70.6,9,landslide_debris,False,832,,CLEAR,True,7.95,track_circuit,8.25,2.631,15.743,True,emergency_stop,emergency_stop,False
101.0,13.84,heavy_rain,True,72.5,2,environmental_false_positive,False,285,1.0857,OCCUPIED,True,15.9,track_circuit,8.22,3.264,13.832,True,reduce_speed,emergency_stop,True
61.5,17.6,rain,False,58.8,5,sensor_miscount,False,1544,0.9495,CLEAR,True,16.23,vibration,17.17,0.983,17.574,True,reduce_speed,reduce_speed,False
192.4,13.93,fog,False,44.1,6,stranded_vehicle,True,1377,1.0228,OCCUPIED,False,10.58,track_circuit,4.34,8.144,13.856,True,reduce_speed,reduce_speed,False
194.0,17.08,fog,False,62.0,5,sensor_miscount,True,555,1.0869,CLEAR,True,1.38,track_circuit,5.28,8.28,17.05,True,reduce_speed,reduce_speed,False
93.3,7.32,heavy_rain,True,97.9,5,sensor_miscount,True,1720,1.0337,CLEAR,False,9.48,track_circuit,4.71,2.786,7.275,True,reduce_speed,reduce_speed,False
191.7,3.32,clear,False,50.4,10,broken_rail,True,1531,,OCCUPIED,True,12.95,vibration,1.04,7.35,3.238,False,reroute,reroute,False
50.5,7.39,clear,False,49.0,4,cattle_crossing,True,1876,1.052,CLEAR,False,23.78,track_circuit,8.78,0.51,7.364,True,reduce_speed,reduce_speed,False
197.0,16.34,rain,True,39.2,5,sensor_miscount,False,596,0.9112,CLEAR,True,18.32,track_circuit,4.98,10.09,16.307,True,reduce_speed,reduce_speed,False
174.6,2.81,clear,False,63.7,6,equipment_failure_ahead,True,390,,OCCUPIED,False,3.14,track_circuit,0.97,6.097,2.791,False,reroute,reroute,False
78.2,12.83,clear,False,50.2,1,cattle_crossing,False,987,1.0163,CLEAR,True,7.88,vibration,9.84,1.223,12.809,True,reduce_speed,reduce_speed,False
137.9,19.75,clear,False,78.1,1,environmental_false_positive,True,567,0.9881,OCCUPIED,True,13.28,track_circuit,8.59,3.803,19.728,True,proceed_with_caution,proceed_with_caution,False
168.7,17.92,clear,False,39.5,3,sensor_miscount,True,1492,0.9812,OCCUPIED,True,11.55,track_circuit,6.37,5.692,17.85,True,reduce_speed,reduce_speed,False
94.5,13.49,clear,False,47.3,3,environmental_false_positive,True,880,,CLEAR,True,0.63,accelerometer,8.57,1.786,13.467,True,reduce_speed,reduce_speed,False
99.8,15.89,clear,False,34.3,6,equipment_failure_ahead,False,1274,1.0691,OCCUPIED,True,23.41,accelerometer,9.55,1.992,15.855,True,reduce_speed,reduce_speed,False
142.5,2.51,snow,False,32.9,7,track_buckling,True,385,0.9448,CLEAR,True,22.65,track_circuit,1.06,7.716,2.495,False,reroute,reroute,False
67.8,10.08,clear,False,87.0,7,boulder,True,217,,OCCUPIED,False,23.13,track_circuit,8.92,0.919,10.076,True,reduce_speed,reduce_speed,False
63.3,10.73,flood,True,93.4,8,broken_rail,False,1879,0.9061,OCCUPIED,True,11.0,track_circuit,10.17,1.362,10.697,True,reduce_speed,reduce_speed,False
83.7,15.7,flood,True,83.5,4,water_logging,True,921,0.9047,CLEAR,True,20.92,vibration,11.25,2.382,15.679,True,reduce_speed,reduce_speed,False
159.9,5.8,clear,False,90.6,3,cattle_crossing,True,321,0.9464,CLEAR,True,17.86,track_circuit,2.18,5.114,5.786,True,proceed_with_caution,proceed_with_caution,False
101.8,2.31,fog,False,36.1,1,environmental_false_positive,True,1633,0.9968,CLEAR,True,13.04,accelerometer,1.36,2.28,2.264,False,reroute,reroute,False
123.6,14.02,rain,False,92.9,7,unknown_obstruction,True,308,,OCCUPIED,True,2.39,vibration,6.81,3.972,14.009,True,reduce_speed,reduce_speed,False
75.3,9.95,fog,False,62.6,4,water_logging,True,1994,1.0271,CLEAR,True,4.61,axle_counter,7.93,1.247,9.908,True,reduce_speed,reduce_speed,False
75.1,16.88,clear,False,83.8,5,sensor_miscount,True,803,,CLEAR,True,6.34,track_circuit,13.49,1.128,16.863,True,reduce_speed,reduce_speed,False
145.8,9.73,clear,False,73.1,10,track_buckling,False,960,,CLEAR,False,22.45,accelerometer,4.0,4.252,9.691,True,emergency_stop,emergency_stop,False
61.8,16.96,clear,False,54.5,3,cattle_crossing,False,555,,CLEAR,True,16.8,vibration,16.47,0.764,16.95,True,reduce_speed,reduce_speed,False
148.5,10.26,rain,False,48.5,9,landslide_debris,False,217,0.9377,OCCUPIED,True,24.58,vibration,4.15,5.734,10.251,True,emergency_stop,emergency_stop,False
107.1,15.7,flood,True,38.3,3,cattle_crossing,False,847,1.054,CLEAR,True,14.38,track_circuit,8.8,3.9,15.675,True,reduce_speed,reduce_speed,False
149.0,14.47,fog,False,58.9,2,cattle_crossing,True,764,0.9483,CLEAR,True,2.58,vibration,5.83,4.884,14.438,True,reduce_speed,reduce_speed,False
104.2,5.47,fog,False,64.6,5,sensor_miscount,True,924,1.0247,CLEAR,False,12.21,vibration,3.15,2.389,5.443,True,reduce_speed,reduce_speed,False
176.1,6.33,flood,True,98.8,5,signal_cable_theft,False,1005,,OCCUPIED,False,3.24,accelerometer,2.16,10.544,6.281,False,emergency_stop,emergency_stop,False
53.6,18.0,fog,False,32.6,6,stranded_vehicle,True,1280,,OCCUPIED,False,22.58,axle_counter,20.15,0.632,17.981,True,reduce_speed,reduce_speed,False
183.5,4.77,clear,False,71.3,8,landslide_debris,False,193,1.0439,CLEAR,True,7.32,axle_counter,1.56,6.734,4.76,False,emergency_stop,emergency_stop,False
86.6,14.01,heavy_rain,True,66.7,8,boulder,False,757,0.9584,CLEAR,True,5.33,axle_counter,9.71,2.4,13.992,True,reduce_speed,reduce_speed,False
51.6,3.07,clear,False,31.6,5,equipment_failure_ahead,False,1736,0.9768,OCCUPIED,True,13.03,vibration,3.57,0.533,3.045,True,reduce_speed,reduce_speed,False
132.2,15.15,clear,False,53.1,9,unknown_obstruction,True,1906,,OCCUPIED,True,20.27,accelerometer,6.88,3.495,15.08,True,emergency_stop,emergency_stop,False
79.8,4.62,rain,True,59.6,6,fallen_tree,True,1101,0.9243,OCCUPIED,True,13.0,axle_counter,3.47,1.656,4.596,True,reduce_speed,reduce_speed,False
116.2,11.96,snow,False,64.6,7,fallen_tree,True,764,0.9568,OCCUPIED,True,1.44,track_circuit,6.18,5.131,11.935,True,reduce_speed,reduce_speed,False
169.4,11.37,clear,False,46.3,3,water_logging,True,861,0.9597,OCCUPIED,True,18.7,track_circuit,4.03,5.739,11.329,True,reduce_speed,reduce_speed,False
167.7,4.23,rain,False,32.4,4,sensor_miscount,True,1576,,CLEAR,True,1.33,axle_counter,1.51,7.312,4.157,False,reroute,reroute,False
138.1,9.93,clear,False,50.6,6,stranded_vehicle,False,824,,CLEAR,True,15.31,accelerometer,4.31,3.814,9.898,True,reduce_speed,reduce_speed,False
196.6,17.61,clear,False,88.5,8,landslide_debris,True,1893,0.9935,CLEAR,True,15.61,track_circuit,5.37,7.73,17.507,True,reroute,reduce_speed,True
116.9,13.67,clear,False,86.6,3,water_logging,True,105,,OCCUPIED,True,5.61,track_circuit,7.02,2.733,13.667,True,reduce_speed,reduce_speed,False
51.1,19.85,fog,False,42.7,4,fallen_tree,True,1232,0.9044,CLEAR,True,11.44,accelerometer,23.31,0.574,19.833,True,reduce_speed,reduce_speed,False
172.0,15.73,heavy_rain,True,75.2,7,fallen_tree,False,1062,0.9699,CLEAR,True,0.65,axle_counter,5.49,9.467,15.679,True,reduce_speed,reduce_speed,False
79.3,12.94,clear,False,94.7,9,boulder,True,931,0.9518,CLEAR,True,7.45,track_circuit,9.79,1.258,12.919,True,emergency_stop,emergency_stop,False
72.3,11.35,clear,False,42.0,5,signal_cable_theft,True,977,,OCCUPIED,True,15.67,track_circuit,9.42,1.045,11.33,True,reduce_speed,reduce_speed,False
55.9,18.76,clear,False,39.0,1,cattle_crossing,False,359,1.0597,OCCUPIED,False,7.46,axle_counter,20.14,0.625,18.754,True,reduce_speed,reduce_speed,False
95.8,10.63,clear,False,31.6,4,fallen_tree,True,724,,CLEAR,False,1.67,track_circuit,6.66,1.836,10.611,True,reduce_speed,reduce_speed,False
95.6,8.17,rain,False,42.1,3,cattle_crossing,True,739,0.9178,CLEAR,True,17.02,vibration,5.13,2.376,8.15,True,reduce_speed,reduce_speed,False
91.9,16.72,fog,False,87.0,1,cattle_crossing,True,1335,,OCCUPIED,True,18.69,axle_counter,10.92,1.858,16.686,True,proceed_with_caution,proceed_with_caution,False
136.9,18.82,rain,False,87.0,4,environmental_false_positive,False,1217,,CLEAR,False,21.64,axle_counter,8.25,4.873,18.774,True,proceed_with_caution,proceed_with_caution,False
161.5,9.68,clear,False,67.8,9,equipment_failure_ahead,False,851,1.0143,OCCUPIED,False,21.95,axle_counter,3.6,5.216,9.642,True,emergency_stop,emergency_stop,False
190.4,2.92,rain,True,53.3,6,boulder,False,1059,,OCCUPIED,True,12.66,track_circuit,0.92,9.426,2.864,False,emergency_stop,emergency_stop,False
59.6,12.25,clear,False,86.5,8,unknown_obstruction,False,1165,0.9833,CLEAR,False,10.48,track_circuit,12.33,0.71,12.231,True,reduce_speed,reduce_speed,False
68.3,14.87,clear,False,43.7,4,sensor_miscount,False,142,0.9607,CLEAR,False,14.85,track_circuit,13.06,0.933,14.867,True,reduce_speed,reduce_speed,False
136.4,7.6,snow,False,39.8,3,sensor_miscount,True,1776,0.997,OCCUPIED,False,19.92,track_circuit,3.34,7.07,7.533,True,reduce_speed,reduce_speed,False
60.2,15.01,fog,False,36.2,9,stranded_vehicle,False,1791,1.043,CLEAR,True,12.15,vibration,14.96,0.797,14.98,True,emergency_stop,emergency_stop,False
102.5,10.71,snow,True,89.6,5,stranded_vehicle,False,759,,OCCUPIED,True,24.88,track_circuit,6.27,3.992,10.688,True,reduce_speed,reduce_speed,False
141.8,6.17,snow,False,80.0,10,landslide_debris,True,1534,0.9998,CLEAR,True,16.12,vibration,2.61,7.641,6.11,False,reroute,reroute,False
166.0,12.66,rain,True,73.7,9,equipment_failure_ahead,False,826,,OCCUPIED,True,8.05,track_circuit,4.58,7.165,12.622,True,emergency_stop,emergency_stop,False
78.7,7.9,snow,True,80.9,8,broken_rail,True,181,1.0399,OCCUPIED,True,19.95,track_circuit,6.02,2.354,7.896,True,reroute,reroute,False
148.5,15.78,clear,False,40.0,7,water_logging,True,1739,1.0221,OCCUPIED,True,4.19,track_circuit,6.38,4.41,15.708,True,reroute,reroute,False
145.1,0.26,clear,False,56.9,1,cattle_crossing,True,572,0.8897,CLEAR,False,23.43,axle_counter,0.11,4.211,0.237,False,reroute,reroute,False
178.2,16.4,clear,False,87.0,10,landslide_debris,True,748,,CLEAR,True,8.84,axle_counter,5.52,6.351,16.363,True,emergency_stop,emergency_stop,False
93.6,6.27,clear,False,94.2,6,boulder,False,1173,0.9801,OCCUPIED,True,17.28,vibration,4.02,1.752,6.24,True,reduce_speed,reduce_speed,False
161.3,19.2,clear,False,65.9,4,signal_cable_theft,False,907,1.0582,OCCUPIED,True,15.82,track_circuit,7.14,5.204,19.159,True,reduce_speed,reduce_speed,False
161.6,15.23,clear,False,38.5,3,cattle_crossing,True,568,1.07,CLEAR,False,2.85,axle_counter,5.65,5.223,15.205,True,reduce_speed,reduce_speed,False
82.1,4.97,fog,False,98.5,1,environmental_false_positive,False,1612,1.0458,CLEAR,False,18.18,vibration,3.63,1.483,4.933,True,proceed_with_caution,proceed_with_caution,False
141.3,19.58,heavy_rain,False,57.7,7,signal_cable_theft,False,744,,CLEAR,True,8.14,track_circuit,8.31,6.389,19.551,True,reduce_speed,reduce_speed,False
149.7,10.09,rain,False,52.3,10,broken_rail,True,1204,1.0879,OCCUPIED,True,9.84,track_circuit,4.04,5.827,10.04,True,emergency_stop,emergency_stop,False
87.5,10.55,clear,False,38.4,3,environmental_false_positive,False,1348,0.9567,CLEAR,True,2.86,track_circuit,7.23,1.531,10.517,True,reduce_speed,reduce_speed,False
115.0,18.21,fog,True,30.9,8,landslide_debris,False,1872,,CLEAR,True,20.35,track_circuit,9.5,2.909,18.15,True,reduce_speed,reduce_speed,False
112.5,18.38,clear,False,72.3,5,sensor_miscount,True,984,0.9147,CLEAR,False,21.58,accelerometer,9.8,2.531,18.349,True,reduce_speed,reduce_speed,False
164.9,14.0,clear,False,72.9,2,sensor_miscount,False,968,0.9793,CLEAR,False,3.79,track_circuit,5.09,5.438,13.956,True,proceed_with_caution,proceed_with_caution,False
45.1,19.57,clear,True,46.4,6,fallen_tree,False,1831,0.9483,OCCUPIED,True,20.41,axle_counter,26.04,0.407,19.547,True,reduce_speed,reduce_speed,False
122.7,6.71,clear,False,41.3,8,track_buckling,False,984,,OCCUPIED,True,22.5,vibration,3.28,3.011,6.676,True,reduce_speed,reduce_speed,False
73.6,4.8,clear,False,67.0,9,track_buckling,False,631,,CLEAR,True,2.88,track_circuit,3.91,1.083,4.787,True,emergency_stop,emergency_stop,False
145.3,0.78,heavy_rain,True,60.5,8,track_buckling,False,133,,CLEAR,True,24.94,axle_counter,0.32,6.756,0.775,False,emergency_stop,emergency_stop,False
150.5,7.06,fog,False,51.3,3,cattle_crossing,True,683,1.028,CLEAR,True,0.61,track_circuit,2.81,4.983,7.031,True,reduce_speed,reduce_speed,False
122.7,12.13,fog,False,45.3,9,boulder,False,434,0.9637,OCCUPIED,True,21.14,axle_counter,5.93,3.312,12.115,True,emergency_stop,emergency_stop,False
129.0,6.25,clear,False,90.2,7,signal_cable_theft,False,644,0.8478,OCCUPIED,False,14.18,track_circuit,2.91,3.328,6.227,True,reduce_speed,reduce_speed,False
93.8,11.68,heavy_rain,False,98.9,9,boulder,True,1103,0.9543,CLEAR,True,23.95,track_circuit,7.47,2.816,11.651,True,emergency_stop,emergency_stop,False
93.6,1.16,fog,False,54.9,8,landslide_debris,False,1073,,OCCUPIED,True,8.78,track_circuit,0.74,1.927,1.132,False,emergency_stop,emergency_stop,False
160.5,7.21,clear,False,78.9,8,fallen_tree,False,415,1.0263,CLEAR,True,9.34,vibration,2.7,5.152,7.191,True,reduce_speed,reduce_speed,False
65.4,15.01,rain,False,90.6,7,track_buckling,False,955,,CLEAR,False,21.09,vibration,13.77,1.112,14.993,True,reduce_speed,reduce_speed,False
164.6,2.27,rain,True,31.9,6,equipment_failure_ahead,True,934,,OCCUPIED,False,17.91,vibration,0.83,7.044,2.227,False,reroute,reroute,False
146.5,14.35,clear,False,93.6,6,fallen_tree,True,133,0.9718,CLEAR,False,15.21,track_circuit,5.88,4.292,14.345,True,reduce_speed,reduce_speed,False
182.1,15.31,clear,False,64.9,8,track_buckling,False,602,0.9315,OCCUPIED,True,16.29,accelerometer,5.04,6.632,15.28,True,reduce_speed,reduce_speed,False
85.3,11.46,rain,True,69.0,7,track_buckling,False,1460,1.0444,CLEAR,True,17.22,track_circuit,8.06,1.892,11.425,True,reduce_speed,reduce_speed,False
123.5,17.74,clear,False,67.8,5,stranded_vehicle,True,90,,CLEAR,True,1.67,vibration,8.62,3.05,17.737,True,reduce_speed,reduce_speed,False
51.0,19.1,clear,False,47.0,10,broken_rail,True,637,1.0616,CLEAR,False,3.39,vibration,22.47,0.52,19.091,True,emergency_stop,emergency_stop,False
186.4,0.89,clear,False,84.8,3,environmental_false_positive,False,976,0.8801,CLEAR,True,4.94,axle_counter,0.29,6.949,0.839,False,emergency_stop,emergency_stop,False
149.7,13.65,flood,True,81.3,5,stranded_vehicle,True,374,0.9658,OCCUPIED,True,4.83,axle_counter,5.47,7.619,13.634,True,reduce_speed,reduce_speed,False
141.5,4.9,clear,False,36.7,6,signal_cable_theft,False,1310,1.0358,OCCUPIED,True,21.15,vibration,2.08,4.004,4.849,True,reduce_speed,reduce_speed,False
158.6,8.28,clear,False,69.4,4,cattle_crossing,False,1446,1.0296,OCCUPIED,True,10.17,vibration,3.13,5.031,8.216,True,proceed_with_caution,proceed_with_caution,False
89.1,12.54,clear,False,97.0,3,environmental_false_positive,True,709,,CLEAR,True,12.49,track_circuit,8.44,1.588,12.522,True,proceed_with_caution,proceed_with_caution,False
138.6,14.3,snow,True,91.0,4,cattle_crossing,False,499,1.0172,OCCUPIED,True,2.69,vibration,6.19,7.3,14.281,True,reduce_speed,reduce_speed,False
169.1,16.84,rain,False,73.8,7,fallen_tree,False,1565,,CLEAR,True,21.83,track_circuit,5.98,7.435,16.766,True,reduce_speed,reduce_speed,False
59.0,14.17,snow,False,43.9,2,sensor_miscount,True,469,0.9107,CLEAR,True,0.75,axle_counter,14.41,1.323,14.162,True,reduce_speed,reduce_speed,False
193.6,15.59,clear,False,54.3,2,environmental_false_positive,True,334,0.9782,CLEAR,True,2.54,axle_counter,4.83,7.496,15.572,True,reduce_speed,reduce_speed,False
183.2,12.06,clear,False,40.5,4,cattle_crossing,False,114,1.0136,OCCUPIED,True,20.4,vibration,3.95,6.712,12.054,True,reduce_speed,reduce_speed,False
194.3,2.52,rain,False,87.5,8,equipment_failure_ahead,False,228,1.0304,CLEAR,True,3.7,axle_counter,0.78,9.816,2.508,False,emergency_stop,emergency_stop,False
170.3,0.62,clear,False,84.5,8,unknown_obstruction,False,1750,0.9961,CLEAR,True,19.94,track_circuit,0.22,5.8,0.537,False,emergency_stop,emergency_stop,False
90.6,10.69,heavy_rain,True,93.7,10,track_buckling,False,1873,0.9669,CLEAR,True,9.09,axle_counter,7.08,2.627,10.643,True,emergency_stop,emergency_stop,False
135.1,14.37,snow,False,34.4,2,environmental_false_positive,True,1115,,CLEAR,True,19.51,track_circuit,6.38,6.936,14.328,True,reduce_speed,reduce_speed,False
63.6,2.36,rain,False,97.5,10,broken_rail,False,1848,,CLEAR,True,1.73,axle_counter,2.23,1.052,2.327,True,emergency_stop,emergency_stop,False
161.9,8.7,flood,True,97.6,3,cattle_crossing,False,1429,,CLEAR,True,8.86,axle_counter,3.22,8.912,8.636,False,emergency_stop,emergency_stop,False
68.8,5.27,rain,False,77.2,2,cattle_crossing,True,843,,CLEAR,True,12.29,vibration,4.6,1.231,5.254,True,proceed_with_caution,proceed_with_caution,False
179.4,11.43,clear,False,91.7,4,environmental_false_positive,True,1441,0.9353,OCCUPIED,True,15.83,track_circuit,3.82,6.437,11.358,True,proceed_with_caution,proceed_with_caution,False
82.3,7.93,rain,False,60.7,9,broken_rail,True,869,1.0073,OCCUPIED,True,20.99,track_circuit,5.78,1.761,7.91,True,emergency_stop,emergency_stop,False
69.9,4.19,clear,False,51.9,4,cattle_crossing,True,1926,0.9585,CLEAR,False,6.49,axle_counter,3.6,0.977,4.153,True,reduce_speed,reduce_speed,False
56.0,0.29,heavy_rain,False,40.8,8,landslide_debris,False,1710,,CLEAR,True,16.64,track_circuit,0.31,1.004,0.263,False,emergency_stop,emergency_stop,False
155.3,6.57,clear,False,32.2,4,water_logging,False,1698,,CLEAR,True,4.22,track_circuit,2.54,4.824,6.497,True,reduce_speed,reduce_speed,False
73.9,10.42,clear,False,32.9,8,unknown_obstruction,True,1085,1.0542,CLEAR,True,19.98,track_circuit,8.46,1.092,10.398,True,reduce_speed,reduce_speed,False
75.6,18.6,rain,False,78.4,4,sensor_miscount,True,1061,,CLEAR,False,23.36,axle_counter,14.76,1.486,18.578,True,proceed_with_caution,proceed_with_caution,False
71.3,4.7,clear,False,53.6,7,landslide_debris,False,278,0.9848,CLEAR,True,1.66,track_circuit,3.96,1.017,4.694,True,reduce_speed,reduce_speed,False
92.4,10.34,clear,False,33.8,6,unknown_obstruction,False,1323,0.9783,OCCUPIED,True,2.46,axle_counter,6.71,1.708,10.306,True,reduce_speed,reduce_speed,False
190.9,11.42,fog,False,37.9,4,environmental_false_positive,False,274,1.0074,CLEAR,True,19.79,accelerometer,3.59,8.017,11.405,True,reduce_speed,reduce_speed,False
120.4,13.05,clear,False,76.6,1,cattle_crossing,True,1104,,CLEAR,True,22.07,axle_counter,6.5,2.899,13.013,True,proceed_with_caution,proceed_with_caution,False
85.4,6.71,rain,True,95.7,7,landslide_debris,True,305,,OCCUPIED,True,16.38,track_circuit,4.71,1.896,6.703,True,reroute,emergency_stop,True
71.4,2.17,clear,False,58.6,4,cattle_crossing,True,978,0.8729,CLEAR,True,11.8,track_circuit,1.82,1.02,2.151,True,reduce_speed,reduce_speed,False
47.9,18.44,clear,True,84.4,9,landslide_debris,False,1573,0.8996,CLEAR,True,19.34,track_circuit,23.1,0.459,18.419,True,emergency_stop,emergency_stop,False
101.6,19.06,clear,False,98.2,6,fallen_tree,True,651,1.1201,CLEAR,True,7.84,axle_counter,11.26,2.065,19.042,True,reduce_speed,reduce_speed,False
62.1,8.88,fog,True,79.6,7,signal_cable_theft,True,1224,,CLEAR,True,24.8,vibration,8.58,0.848,8.859,True,reduce_speed,reduce_speed,False
49.2,11.7,flood,True,80.6,9,unknown_obstruction,False,557,1.0856,OCCUPIED,False,21.28,track_circuit,14.27,0.823,11.692,True,emergency_stop,emergency_stop,False
61.0,0.77,clear,False,73.1,5,stranded_vehicle,True,634,0.9514,CLEAR,True,22.23,track_circuit,0.76,0.744,0.759,False,reroute,reroute,False
94.4,1.13,flood,True,98.4,1,environmental_false_positive,False,406,,CLEAR,True,21.44,track_circuit,0.72,3.03,1.119,False,emergency_stop,emergency_stop,False
161.4,1.72,rain,False,51.0,7,unknown_obstruction,False,366,0.937,CLEAR,True,23.36,track_circuit,0.64,6.773,1.704,False,emergency_stop,proceed_with_caution,True
55.4,14.83,rain,False,84.8,8,landslide_debris,True,775,1.1613,OCCUPIED,True,2.08,accelerometer,16.06,0.798,14.818,True,reroute,reroute,False
150.2,4.7,fog,False,59.1,9,track_buckling,True,290,,CLEAR,False,22.76,track_circuit,1.88,4.963,4.688,False,reroute,reroute,False
141.2,3.85,fog,True,40.9,4,sensor_miscount,False,1789,,OCCUPIED,True,6.59,track_circuit,1.64,4.386,3.78,False,emergency_stop,emergency_stop,False
181.7,0.37,heavy_rain,False,81.8,2,sensor_miscount,False,1496,1.0207,CLEAR,True,9.3,track_circuit,0.12,10.565,0.294,False,emergency_stop,emergency_stop,False
73.5,0.65,rain,False,88.1,7,water_logging,False,482,1.0072,CLEAR,False,9.58,track_circuit,0.53,1.405,0.64,False,emergency_stop,emergency_stop,False
168.1,8.23,rain,False,90.5,6,signal_cable_theft,False,1778,0.9551,CLEAR,False,6.19,track_circuit,2.94,7.347,8.147,True,reduce_speed,proceed_with_caution,True
179.1,10.93,clear,False,94.5,8,broken_rail,False,762,0.9459,CLEAR,True,11.24,axle_counter,3.66,6.415,10.892,True,reduce_speed,reduce_speed,False
196.4,11.67,clear,False,82.1,4,sensor_miscount,False,1086,1.0338,OCCUPIED,True,12.89,track_circuit,3.57,7.715,11.611,True,proceed_with_caution,proceed_with_caution,False
170.3,9.27,fog,False,66.9,2,sensor_miscount,True,1413,,CLEAR,True,4.14,track_circuit,3.27,6.38,9.203,True,proceed_with_caution,proceed_with_caution,False
64.2,9.3,clear,False,95.7,7,landslide_debris,True,1557,,CLEAR,False,9.31,axle_counter,8.69,0.824,9.272,True,reroute,reroute,False
191.8,15.11,clear,False,44.7,6,boulder,False,65,1.0444,OCCUPIED,True,9.03,axle_counter,4.73,7.357,15.107,True,reduce_speed,reduce_speed,False
171.3,5.93,clear,False,35.4,6,boulder,True,602,0.9745,CLEAR,False,17.03,track_circuit,2.08,5.869,5.901,False,reroute,reroute,False
77.9,4.91,clear,True,60.2,9,unknown_obstruction,False,706,1.1304,CLEAR,True,14.73,accelerometer,3.78,1.214,4.895,True,emergency_stop,emergency_stop,False
70.6,17.12,rain,True,70.8,6,unknown_obstruction,True,1192,,OCCUPIED,False,18.04,track_circuit,14.55,1.296,17.097,True,reduce_speed,reduce_speed,False
190.1,13.85,rain,True,77.6,4,environmental_false_positive,True,1752,1.122,CLEAR,True,19.71,accelerometer,4.37,9.396,13.757,True,reduce_speed,reduce_speed,False
69.1,9.64,clear,False,87.1,8,boulder,False,904,,OCCUPIED,False,16.84,accelerometer,8.37,0.955,9.623,True,reduce_speed,reduce_speed,False
165.5,5.65,clear,False,31.9,2,cattle_crossing,False,954,0.9973,CLEAR,False,6.41,axle_counter,2.05,5.478,5.606,False,emergency_stop,emergency_stop,False
107.8,2.9,clear,False,86.1,7,track_buckling,True,221,,OCCUPIED,False,12.8,track_circuit,1.61,2.324,2.893,True,reroute,reroute,False
157.2,0.94,clear,False,72.0,6,stranded_vehicle,False,1076,1.0085,CLEAR,False,11.93,vibration,0.36,4.942,0.893,False,emergency_stop,emergency_stop,False
59.2,17.08,fog,False,96.7,7,fallen_tree,False,1000,1.0311,CLEAR,False,2.31,track_circuit,17.31,0.771,17.064,True,reduce_speed,reduce_speed,False
157.4,11.95,rain,False,54.4,2,environmental_false_positive,True,1292,0.9413,OCCUPIED,True,22.41,track_circuit,4.56,6.441,11.894,True,reduce_speed,reduce_speed,False
124.3,1.11,rain,False,73.2,9,boulder,True,1702,,CLEAR,True,2.74,axle_counter,0.54,4.017,1.051,False,reroute,reroute,False
184.6,3.34,rain,True,83.7,5,signal_cable_theft,False,1156,,OCCUPIED,False,24.42,axle_counter,1.09,8.86,3.281,False,emergency_stop,emergency_stop,False
74.2,5.74,flood,True,66.1,7,equipment_failure_ahead,False,151,0.9949,OCCUPIED,True,1.28,accelerometer,4.64,1.872,5.737,True,reduce_speed,reduce_speed,False
62.0,5.41,fog,False,40.9,2,sensor_miscount,True,1644,0.9887,CLEAR,True,18.38,vibration,5.24,0.846,5.382,True,reduce_speed,reduce_speed,False
75.4,11.06,rain,False,33.5,9,landslide_debris,True,980,,CLEAR,True,7.55,accelerometer,8.8,1.478,11.039,True,emergency_stop,emergency_stop,False
57.2,8.11,rain,False,37.8,9,unknown_obstruction,False,999,,CLEAR,False,22.67,vibration,8.51,0.851,8.094,True,emergency_stop,emergency_stop,False
196.9,17.67,clear,True,64.6,7,signal_cable_theft,True,1753,0.9361,CLEAR,True,20.69,axle_counter,5.38,7.754,17.574,True,reduce_speed,reduce_speed,False
64.0,14.44,snow,True,74.8,6,water_logging,False,1200,0.871,OCCUPIED,True,1.11,axle_counter,13.54,1.556,14.419,True,reduce_speed,reduce_speed,False
76.1,18.23,clear,False,69.9,6,signal_cable_theft,True,1591,,CLEAR,True,1.04,accelerometer,14.37,1.158,18.196,True,reduce_speed,reduce_speed,False
170.5,17.28,clear,False,79.9,7,unknown_obstruction,False,1767,,CLEAR,False,15.28,accelerometer,6.08,5.814,17.196,True,reduce_speed,reduce_speed,False
83.2,18.44,flood,True,32.7,2,cattle_crossing,False,1012,1.0306,CLEAR,True,4.16,vibration,13.3,2.354,18.417,True,reduce_speed,reduce_speed,False
79.5,19.6,fog,True,39.5,3,cattle_crossing,True,1966,0.9492,CLEAR,True,0.85,vibration,14.79,1.39,19.557,True,reduce_speed,reduce_speed,False
149.2,6.37,clear,False,83.3,6,water_logging,False,384,1.0267,CLEAR,True,24.21,axle_counter,2.56,4.452,6.354,True,reduce_speed,reduce_speed,False
106.8,4.35,clear,False,84.7,9,landslide_debris,True,1749,0.992,CLEAR,True,16.01,track_circuit,2.44,2.281,4.298,True,emergency_stop,emergency_stop,False
174.5,3.47,clear,False,79.2,4,environmental_false_positive,False,1705,1.0233,OCCUPIED,False,0.77,accelerometer,1.19,6.09,3.387,False,emergency_stop,emergency_stop,False
143.9,12.64,rain,False,82.2,8,boulder,False,244,1.0528,CLEAR,True,12.52,track_circuit,5.27,5.384,12.63,True,reduce_speed,reduce_speed,False
89.7,13.68,clear,False,97.4,3,water_logging,False,348,1.0116,OCCUPIED,True,4.36,track_circuit,9.15,1.609,13.671,True,reduce_speed,reduce_speed,False
137.7,1.94,snow,False,96.1,7,water_logging,True,122,,CLEAR,True,20.23,axle_counter,0.85,7.205,1.935,False,reroute,reroute,False
179.3,16.46,snow,True,75.1,4,fallen_tree,False,590,1.0892,OCCUPIED,True,1.2,axle_counter,5.51,12.216,16.431,True,reduce_speed,reduce_speed,False
101.5,15.7,rain,False,52.4,4,water_logging,False,1984,,CLEAR,False,9.59,axle_counter,9.28,2.679,15.644,True,reduce_speed,reduce_speed,False
159.2,12.64,rain,False,31.0,9,broken_rail,True,292,1.0117,CLEAR,True,6.33,track_circuit,4.76,6.59,12.627,True,emergency_stop,emergency_stop,False
109.5,8.83,clear,False,74.2,6,fallen_tree,False,115,1.0025,CLEAR,True,24.53,track_circuit,4.84,2.398,8.827,True,reduce_speed,reduce_speed,False
129.2,3.24,clear,False,60.2,6,boulder,True,945,0.966,CLEAR,True,2.41,track_circuit,1.5,3.339,3.206,False,reroute,reroute,False
158.7,10.21,fog,True,40.3,2,environmental_false_positive,False,739,0.9253,CLEAR,True,18.14,track_circuit,3.86,5.541,10.177,True,reduce_speed,reduce_speed,False
54.4,3.35,clear,False,45.1,5,equipment_failure_ahead,False,1277,1.0402,OCCUPIED,True,12.21,track_circuit,3.69,0.592,3.331,True,reduce_speed,reduce_speed,False
115.5,12.18,clear,False,95.6,3,water_logging,False,1233,1.0766,CLEAR,True,20.5,vibration,6.33,2.668,12.14,True,reduce_speed,reduce_speed,False
59.8,6.34,clear,False,34.6,7,fallen_tree,True,1663,1.0257,OCCUPIED,False,5.75,track_circuit,6.36,0.715,6.312,True,reduce_speed,reduce_speed,False
157.4,5.1,clear,False,85.1,9,landslide_debris,False,859,1.034,OCCUPIED,False,21.45,track_circuit,1.94,4.955,5.062,False,emergency_stop,emergency_stop,False
139.2,8.93,clear,False,93.1,10,landslide_debris,True,950,,CLEAR,True,23.78,track_circuit,3.85,3.875,8.893,True,emergency_stop,emergency_stop,False
95.7,11.7,fog,False,78.2,3,water_logging,False,94,0.9642,OCCUPIED,True,5.72,axle_counter,7.34,2.015,11.698,True,reduce_speed,reduce_speed,False
56.8,7.48,heavy_rain,True,34.3,7,unknown_obstruction,False,1943,,CLEAR,True,6.45,accelerometer,7.9,1.032,7.449,True,reduce_speed,reduce_speed,False
188.5,19.28,rain,False,89.2,4,sensor_miscount,True,466,0.985,CLEAR,False,24.11,track_circuit,6.14,9.238,19.256,True,proceed_with_caution,proceed_with_caution,False
93.8,0.32,heavy_rain,False,75.7,5,stranded_vehicle,True,1212,1.059,OCCUPIED,True,11.14,track_circuit,0.2,2.816,0.288,False,reroute,reroute,False
87.7,18.27,clear,False,49.4,5,equipment_failure_ahead,True,1768,,CLEAR,True,20.96,vibration,12.5,1.538,18.227,True,reduce_speed,reduce_speed,False
60.7,0.21,heavy_rain,True,74.1,3,water_logging,False,1229,0.9955,OCCUPIED,True,21.14,track_circuit,0.21,1.179,0.189,False,emergency_stop,emergency_stop,False
134.5,4.49,rain,True,39.6,6,fallen_tree,False,1270,1.0421,CLEAR,True,8.12,vibration,2.0,4.703,4.443,False,emergency_stop,emergency_stop,False
86.2,19.93,clear,False,79.5,6,water_logging,False,391,1.0725,OCCUPIED,True,4.88,accelerometer,13.87,1.486,19.921,True,reduce_speed,reduce_speed,False
175.6,14.62,snow,True,93.2,9,track_buckling,False,1433,,CLEAR,False,9.48,axle_counter,5.0,11.717,14.55,True,emergency_stop,emergency_stop,False
150.8,12.96,clear,True,66.5,7,unknown_obstruction,False,420,0.9714,OCCUPIED,True,15.0,accelerometer,5.16,4.548,12.942,True,reduce_speed,reduce_speed,False
45.6,14.58,clear,False,96.6,5,stranded_vehicle,False,1399,,OCCUPIED,True,12.68,axle_counter,19.18,0.416,14.562,True,reduce_speed,reduce_speed,False
132.7,8.28,clear,True,60.7,5,signal_cable_theft,False,1174,0.9474,CLEAR,True,18.55,axle_counter,3.74,3.522,8.237,True,reduce_speed,reduce_speed,False
80.9,15.73,clear,False,90.0,5,water_logging,False,1005,0.977,CLEAR,True,13.95,track_circuit,11.67,1.309,15.707,True,reduce_speed,reduce_speed,False
47.4,3.27,clear,False,84.2,8,unknown_obstruction,True,1456,,CLEAR,True,20.24,track_circuit,4.14,0.449,3.251,True,reduce_speed,reduce_speed,False
141.0,15.92,rain,False,36.2,5,signal_cable_theft,False,1454,,CLEAR,True,3.05,track_circuit,6.77,5.169,15.863,True,reduce_speed,reduce_speed,False
76.8,18.8,snow,False,93.9,1,cattle_crossing,False,449,,OCCUPIED,True,11.26,axle_counter,14.69,2.241,18.79,True,proceed_with_caution,proceed_with_caution,False
184.4,17.18,clear,False,93.7,6,boulder,True,782,0.9374,CLEAR,True,0.89,axle_counter,5.59,6.801,17.14,True,reduce_speed,reduce_speed,False
133.9,14.85,rain,True,54.6,7,unknown_obstruction,False,994,,CLEAR,True,3.46,track_circuit,6.65,4.662,14.813,True,reduce_speed,reduce_speed,False
77.4,13.1,clear,False,85.5,4,cattle_crossing,False,346,1.0012,OCCUPIED,True,8.62,axle_counter,10.16,1.198,13.093,True,proceed_with_caution,proceed_with_caution,False
196.8,10.52,heavy_rain,False,45.7,4,fallen_tree,True,744,1.0072,CLEAR,False,22.59,track_circuit,3.21,12.394,10.479,False,reroute,reroute,False
129.7,8.03,clear,False,32.1,6,unknown_obstruction,True,130,0.9019,CLEAR,False,9.81,track_circuit,3.71,3.364,8.025,True,reduce_speed,reduce_speed,False
70.6,17.34,clear,False,44.6,9,landslide_debris,False,906,1.042,CLEAR,True,7.2,track_circuit,14.74,0.997,17.322,True,emergency_stop,emergency_stop,False
125.2,13.02,rain,True,63.9,7,fallen_tree,False,451,1.0435,OCCUPIED,True,16.93,vibration,6.24,4.076,13.004,True,reduce_speed,reduce_speed,False
193.7,8.81,fog,False,34.0,4,cattle_crossing,True,483,,OCCUPIED,True,17.74,axle_counter,2.73,8.254,8.784,True,reduce_speed,reduce_speed,False
110.8,15.74,heavy_rain,True,41.2,9,stranded_vehicle,False,1646,1.1007,CLEAR,True,12.29,vibration,8.52,3.929,15.689,True,emergency_stop,emergency_stop,False
110.9,1.27,rain,False,96.5,4,cattle_crossing,False,324,1.0273,CLEAR,False,7.57,track_circuit,0.69,3.198,1.26,False,emergency_stop,emergency_stop,False
116.5,16.3,heavy_rain,True,64.6,8,fallen_tree,True,285,,OCCUPIED,True,7.89,axle_counter,8.39,4.343,16.291,True,reduce_speed,reroute,True
88.4,16.25,clear,False,87.6,6,boulder,True,675,,CLEAR,True,5.05,accelerometer,11.03,1.563,16.233,True,reduce_speed,reduce_speed,False
70.1,4.72,clear,False,44.5,10,landslide_debris,True,95,0.938,CLEAR,True,9.38,track_circuit,4.04,0.983,4.718,True,emergency_stop,proceed_with_caution,True
134.7,0.95,clear,False,36.2,6,boulder,False,1745,,CLEAR,False,4.62,axle_counter,0.42,3.629,0.885,False,emergency_stop,emergency_stop,False
183.6,14.33,clear,False,84.6,7,equipment_failure_ahead,True,1975,,CLEAR,True,16.25,track_circuit,4.68,6.742,14.229,True,reduce_speed,reduce_speed,False
159.0,4.16,clear,False,54.4,3,cattle_crossing,False,1620,0.9521,CLEAR,True,22.42,track_circuit,1.57,5.056,4.088,False,emergency_stop,emergency_stop,False
59.9,19.92,rain,False,62.2,4,cattle_crossing,False,1609,0.9789,CLEAR,True,6.73,axle_counter,19.95,0.933,19.893,True,proceed_with_caution,proceed_with_caution,False
107.1,0.38,clear,False,99.4,3,water_logging,False,248,1.0361,CLEAR,True,6.43,track_circuit,0.21,2.294,0.373,False,emergency_stop,emergency_stop,False
45.8,4.75,rain,False,52.2,5,sensor_miscount,False,1131,1.0186,CLEAR,True,22.5,axle_counter,6.22,0.545,4.736,True,reduce_speed,reduce_speed,False
92.7,1.03,rain,False,63.1,8,boulder,False,221,,OCCUPIED,True,14.42,accelerometer,0.67,2.234,1.024,False,emergency_stop,emergency_stop,False
148.8,15.7,fog,True,74.4,8,fallen_tree,False,636,1.0038,CLEAR,True,18.38,track_circuit,6.33,4.871,15.674,True,reduce_speed,reduce_speed,False
90.0,11.66,fog,True,36.2,5,signal_cable_theft,True,1011,0.9895,CLEAR,True,22.28,track_circuit,7.77,1.782,11.635,True,reduce_speed,reduce_speed,False
175.3,17.0,clear,False,80.2,4,cattle_crossing,True,1379,1.0512,CLEAR,True,16.79,vibration,5.82,6.146,16.933,True,proceed_with_caution,proceed_with_caution,False
119.0,19.26,clear,False,61.6,1,environmental_false_positive,False,591,1.1254,CLEAR,False,18.69,axle_counter,9.71,2.832,19.24,True,proceed_with_caution,proceed_with_caution,False
148.7,12.28,rain,False,42.3,8,unknown_obstruction,True,549,1.0176,CLEAR,True,9.98,accelerometer,4.95,5.749,12.257,True,reduce_speed,reduce_speed,False
182.0,4.79,rain,False,60.1,4,environmental_false_positive,True,1656,1.0769,CLEAR,True,23.49,track_circuit,1.58,8.612,4.706,False,reroute,reroute,False
150.8,2.03,clear,False,62.2,10,track_buckling,True,487,0.9738,CLEAR,False,17.75,axle_counter,0.81,4.548,2.01,False,reroute,reroute,False
184.1,17.35,clear,False,74.9,9,landslide_debris,True,998,,CLEAR,True,2.26,accelerometer,5.65,6.779,17.299,True,emergency_stop,emergency_stop,False
170.3,5.05,fog,True,95.6,6,boulder,False,609,,CLEAR,True,15.08,track_circuit,1.78,6.38,5.021,False,emergency_stop,emergency_stop,False
132.9,17.89,rain,False,83.6,4,environmental_false_positive,False,1713,0.9449,OCCUPIED,True,2.82,vibration,8.08,4.592,17.827,True,proceed_with_caution,proceed_with_caution,False
91.1,17.59,clear,False,56.8,7,unknown_obstruction,True,1093,,CLEAR,True,13.29,axle_counter,11.59,1.66,17.562,True,reduce_speed,reduce_speed,False
91.2,12.63,clear,False,97.9,6,unknown_obstruction,True,261,,CLEAR,True,2.67,vibration,8.31,1.663,12.623,True,reduce_speed,reduce_speed,False
180.7,12.16,snow,False,85.4,5,fallen_tree,False,338,,CLEAR,True,15.87,track_circuit,4.04,12.408,12.143,False,emergency_stop,emergency_stop,False
53.4,19.03,clear,False,32.0,3,environmental_false_positive,True,1942,0.9694,CLEAR,True,11.68,axle_counter,21.38,0.57,19.001,True,reduce_speed,reduce_speed,False
190.9,15.17,heavy_rain,True,38.2,2,cattle_crossing,False,1884,0.9806,CLEAR,True,14.05,track_circuit,4.77,11.662,15.07,True,reduce_speed,reduce_speed,False
95.7,13.73,clear,False,45.3,4,environmental_false_positive,True,1546,,CLEAR,False,16.4,accelerometer,8.61,1.832,13.689,True,reduce_speed,reduce_speed,False
159.5,8.83,rain,False,35.8,2,cattle_crossing,True,201,1.014,CLEAR,False,6.63,track_circuit,3.32,6.614,8.821,True,reduce_speed,reduce_speed,False
96.2,9.78,clear,False,64.0,9,boulder,False,1477,1.0352,OCCUPIED,True,8.33,track_circuit,6.1,1.851,9.741,True,emergency_stop,emergency_stop,False
192.8,7.9,clear,False,53.9,10,landslide_debris,False,1339,0.9761,OCCUPIED,True,12.31,accelerometer,2.46,7.434,7.828,True,emergency_stop,emergency_stop,False
50.7,18.94,snow,False,98.1,5,equipment_failure_ahead,False,1884,,OCCUPIED,True,14.37,track_circuit,22.41,0.977,18.913,True,reduce_speed,reduce_speed,False
99.8,12.83,rain,True,63.1,3,water_logging,True,998,1.0813,OCCUPIED,False,23.13,axle_counter,7.71,2.59,12.802,True,reduce_speed,reduce_speed,False
179.5,15.65,flood,True,44.9,7,stranded_vehicle,True,967,0.9833,CLEAR,True,9.12,track_circuit,5.23,10.955,15.602,True,reroute,reroute,False
87.5,0.94,clear,False,98.0,9,stranded_vehicle,True,1284,0.9655,CLEAR,False,15.0,axle_counter,0.64,1.531,0.909,False,reroute,reroute,False
87.7,17.08,heavy_rain,True,66.0,6,stranded_vehicle,False,340,0.9949,OCCUPIED,False,23.1,track_circuit,11.69,2.461,17.072,True,reduce_speed,reduce_speed,False
184.3,8.47,snow,False,35.1,5,equipment_failure_ahead,True,1504,,CLEAR,True,18.09,axle_counter,2.76,12.907,8.393,False,reroute,reroute,False
173.7,14.8,rain,False,35.7,7,landslide_debris,True,1019,0.9075,CLEAR,False,8.54,axle_counter,5.11,7.845,14.751,True,reduce_speed,reduce_speed,False
61.4,0.99,clear,True,77.3,8,boulder,False,416,,CLEAR,True,10.66,track_circuit,0.97,0.754,0.983,False,emergency_stop,emergency_stop,False
134.9,17.9,fog,False,64.6,3,environmental_false_positive,False,1640,1.0252,CLEAR,True,22.03,track_circuit,7.96,4.004,17.839,True,proceed_with_caution,proceed_with_caution,False
79.6,13.26,rain,False,73.7,3,cattle_crossing,True,565,1.1203,CLEAR,False,11.22,track_circuit,9.99,1.647,13.248,True,proceed_with_caution,proceed_with_caution,False
78.3,9.26,snow,True,89.5,9,boulder,False,1726,,OCCUPIED,True,6.68,vibration,7.1,2.33,9.222,True,emergency_stop,emergency_stop,False
140.4,6.21,clear,False,77.7,9,landslide_debris,False,582,1.0459,CLEAR,True,13.32,track_circuit,2.65,3.942,6.187,True,emergency_stop,emergency_stop,False
64.2,6.36,clear,False,90.3,9,track_buckling,False,1003,1.0108,CLEAR,True,5.06,track_circuit,5.94,0.824,6.342,True,emergency_stop,emergency_stop,False
117.8,6.21,clear,False,82.0,6,fallen_tree,True,902,1.0696,OCCUPIED,True,14.76,track_circuit,3.16,2.775,6.18,True,reduce_speed,reduce_speed,False
84.7,2.79,fog,False,77.2,10,landslide_debris,False,1478,0.9629,CLEAR,True,24.79,axle_counter,1.98,1.578,2.755,True,emergency_stop,emergency_stop,False
177.4,9.38,flood,True,39.4,7,track_buckling,True,413,1.0662,CLEAR,True,24.25,vibration,3.17,10.7,9.36,False,reroute,reroute,False
130.9,9.18,clear,False,63.8,5,sensor_miscount,True,531,1.0841,CLEAR,True,15.54,axle_counter,4.21,3.427,9.161,True,reduce_speed,reduce_speed,False
78.3,8.36,fog,False,60.3,2,environmental_false_positive,True,425,,OCCUPIED,True,22.21,accelerometer,6.41,1.349,8.351,True,proceed_with_caution,proceed_with_caution,False
188.6,14.12,snow,True,67.8,6,unknown_obstruction,True,499,1.0856,CLEAR,True,20.47,vibration,4.49,13.517,14.094,True,reduce_speed,reduce_speed,False
172.5,8.51,clear,False,57.4,7,water_logging,False,933,1.0115,OCCUPIED,True,23.79,vibration,2.96,5.951,8.465,True,reduce_speed,reduce_speed,False
86.1,1.96,clear,False,73.4,8,fallen_tree,False,1193,,CLEAR,True,21.89,vibration,1.37,1.483,1.931,True,reduce_speed,reduce_speed,False
194.0,17.07,fog,False,57.5,7,equipment_failure_ahead,True,1735,0.9748,CLEAR,False,22.55,track_circuit,5.28,8.28,16.977,True,reduce_speed,reduce_speed,False
86.5,8.62,rain,False,69.0,5,sensor_miscount,True,872,0.8666,CLEAR,True,6.12,accelerometer,5.98,1.945,8.599,True,reduce_speed,reduce_speed,False
90.4,13.17,clear,True,57.6,4,cattle_crossing,True,849,1.0154,CLEAR,True,4.37,vibration,8.74,1.634,13.149,True,reduce_speed,reduce_speed,False
104.8,18.61,heavy_rain,True,93.1,5,fallen_tree,False,364,0.9903,OCCUPIED,False,1.58,axle_counter,10.65,3.515,18.599,True,reduce_speed,reduce_speed,False
70.5,15.39,rain,True,56.1,6,fallen_tree,True,242,1.0578,CLEAR,True,16.65,track_circuit,13.1,1.292,15.385,True,reduce_speed,reduce_speed,False
151.5,10.87,snow,False,81.2,3,cattle_crossing,False,1535,1.0517,OCCUPIED,True,23.37,track_circuit,4.3,8.722,10.805,True,proceed_with_caution,proceed_with_caution,False
131.4,10.99,snow,True,73.0,3,cattle_crossing,True,1284,0.9363,CLEAR,True,24.85,axle_counter,5.02,6.561,10.943,True,reduce_speed,reroute,True
183.6,17.02,heavy_rain,True,57.0,10,landslide_debris,False,1088,1.1403,OCCUPIED,True,21.38,axle_counter,5.56,10.787,16.965,True,reduce_speed,reduce_speed,False
82.3,16.51,rain,True,86.5,5,equipment_failure_ahead,False,916,1.0233,OCCUPIED,True,20.86,vibration,12.04,1.761,16.489,True,reduce_speed,reduce_speed,False
71.4,3.74,clear,True,94.9,3,cattle_crossing,True,1065,0.9229,OCCUPIED,False,13.21,track_circuit,3.14,1.02,3.719,True,reduce_speed,reduce_speed,False
100.6,12.6,rain,False,83.2,8,broken_rail,False,1699,0.9314,CLEAR,True,11.57,axle_counter,7.51,2.631,12.553,True,reduce_speed,reduce_speed,False
67.6,17.34,clear,False,96.4,7,track_buckling,False,419,0.8693,CLEAR,False,16.19,track_circuit,15.39,0.914,17.332,True,reduce_speed,reduce_speed,False
191.7,16.11,fog,False,60.5,3,sensor_miscount,False,1023,,CLEAR,False,1.06,track_circuit,5.04,8.085,16.056,True,proceed_with_caution,proceed_with_caution,False
156.2,2.67,clear,False,94.0,3,sensor_miscount,True,520,0.9684,OCCUPIED,True,19.96,track_circuit,1.03,4.88,2.647,False,reroute,reroute,False
168.4,8.83,rain,False,91.3,7,landslide_debris,False,254,,CLEAR,False,16.61,vibration,3.15,7.373,8.818,True,reduce_speed,reduce_speed,False
160.9,10.46,clear,True,83.4,10,broken_rail,True,1401,0.9614,CLEAR,True,4.67,axle_counter,3.9,5.178,10.397,True,emergency_stop,emergency_stop,False
82.6,5.3,clear,False,88.5,5,signal_cable_theft,False,1425,0.982,CLEAR,False,16.07,accelerometer,3.85,1.365,5.267,True,reduce_speed,reduce_speed,False
66.8,13.65,clear,False,81.1,1,environmental_false_positive,False,1712,1.0345,CLEAR,True,15.19,vibration,12.26,0.892,13.618,True,proceed_with_caution,proceed_with_caution,False
111.6,9.63,rain,True,65.9,9,track_buckling,False,91,0.9013,CLEAR,True,19.81,vibration,5.18,3.238,9.627,True,emergency_stop,emergency_stop,False
173.5,6.09,heavy_rain,False,68.7,8,unknown_obstruction,False,395,,CLEAR,True,21.02,axle_counter,2.11,9.633,6.071,False,emergency_stop,emergency_stop,False
96.2,6.87,clear,False,59.2,1,cattle_crossing,True,1170,,CLEAR,True,6.71,vibration,4.28,1.851,6.839,True,reduce_speed,reduce_speed,False
46.5,17.16,heavy_rain,True,76.5,8,landslide_debris,False,1634,0.9644,OCCUPIED,True,20.45,accelerometer,22.14,0.692,17.139,True,reduce_speed,reduce_speed,False
147.3,17.35,heavy_rain,True,52.7,6,boulder,False,1883,1.0349,CLEAR,True,4.96,vibration,7.07,6.943,17.273,True,reduce_speed,reduce_speed,False
76.0,16.29,clear,False,81.8,7,track_buckling,True,1587,0.9702,CLEAR,False,10.16,track_circuit,12.86,1.155,16.256,True,reroute,reroute,False
129.1,18.29,fog,False,65.4,7,fallen_tree,True,1815,1.0945,CLEAR,True,12.57,vibration,8.5,3.667,18.225,True,reduce_speed,reduce_speed,False
47.3,19.06,clear,False,54.7,3,cattle_crossing,False,1639,1.0125,CLEAR,False,20.22,track_circuit,24.18,0.447,19.038,True,reduce_speed,reduce_speed,False
123.9,9.94,clear,True,40.3,3,sensor_miscount,True,665,,CLEAR,True,22.58,track_circuit,4.81,3.07,9.917,True,reduce_speed,reduce_speed,False
106.0,2.11,rain,False,47.9,8,track_buckling,False,1184,1.0311,CLEAR,True,0.92,vibration,1.19,2.921,2.075,False,emergency_stop,emergency_stop,False
181.5,16.04,clear,False,74.8,9,equipment_failure_ahead,True,1289,,CLEAR,True,18.56,vibration,5.3,6.588,15.975,True,emergency_stop,emergency_stop,False
156.9,12.74,snow,True,55.9,6,boulder,False,736,,CLEAR,False,22.0,track_circuit,4.87,9.355,12.708,True,reduce_speed,reduce_speed,False
50.6,7.73,snow,True,32.3,9,broken_rail,False,1777,,CLEAR,False,23.88,track_circuit,9.17,0.973,7.705,True,emergency_stop,emergency_stop,False
167.4,19.52,heavy_rain,True,53.1,9,unknown_obstruction,True,1554,1.0129,CLEAR,True,7.06,accelerometer,7.0,8.967,19.448,True,emergency_stop,emergency_stop,False
167.6,6.91,rain,False,55.6,1,environmental_false_positive,True,1058,,CLEAR,False,4.74,track_circuit,2.47,7.303,6.861,False,reroute,reroute,False
147.8,18.17,rain,False,46.4,5,signal_cable_theft,True,986,0.8734,CLEAR,True,12.72,track_circuit,7.38,5.68,18.13,True,reduce_speed,reduce_speed,False
189.0,11.93,flood,True,50.0,2,sensor_miscount,False,1596,1.0084,CLEAR,True,22.57,vibration,3.79,12.145,11.846,False,emergency_stop,emergency_stop,False
169.5,0.93,clear,False,79.3,6,boulder,True,482,1.0905,CLEAR,True,8.23,vibration,0.33,5.746,0.907,False,reroute,reroute,False
78.9,17.23,clear,True,82.2,10,landslide_debris,True,476,0.9456,CLEAR,True,12.87,axle_counter,13.1,1.245,17.22,True,emergency_stop,emergency_stop,False
104.1,15.29,rain,True,97.1,4,water_logging,False,835,,CLEAR,True,24.89,axle_counter,8.81,2.818,15.266,True,reduce_speed,reduce_speed,False
99.2,12.92,clear,False,38.3,8,landslide_debris,False,298,0.981,CLEAR,True,11.67,track_circuit,7.81,1.968,12.912,True,reduce_speed,reduce_speed,False
123.3,12.37,clear,False,51.8,6,stranded_vehicle,True,943,,CLEAR,True,15.89,track_circuit,6.02,3.041,12.338,True,reduce_speed,reduce_speed,False
192.8,4.53,clear,False,35.4,9,track_buckling,False,893,0.8898,OCCUPIED,True,24.89,vibration,1.41,7.434,4.482,False,emergency_stop,emergency_stop,False
140.4,4.45,rain,False,72.9,7,unknown_obstruction,False,1035,,CLEAR,True,9.5,vibration,1.9,5.125,4.41,False,emergency_stop,emergency_stop,False
93.5,0.78,clear,False,31.1,6,unknown_obstruction,False,950,0.9397,OCCUPIED,True,7.19,track_circuit,0.5,1.748,0.755,False,emergency_stop,emergency_stop,False
190.9,3.25,clear,False,44.4,4,environmental_false_positive,False,1801,1.0337,CLEAR,True,7.43,track_circuit,1.02,7.289,3.154,False,emergency_stop,emergency_stop,False
153.5,6.86,clear,False,71.1,2,sensor_miscount,False,585,0.9914,CLEAR,True,15.62,track_circuit,2.68,4.712,6.835,True,proceed_with_caution,proceed_with_caution,False
86.2,10.91,clear,False,55.1,9,boulder,False,852,0.9792,CLEAR,True,4.49,track_circuit,7.59,1.486,10.89,True,emergency_stop,emergency_stop,False
185.5,2.79,snow,True,68.1,10,landslide_debris,False,1490,,CLEAR,True,4.53,track_circuit,0.9,13.076,2.713,False,emergency_stop,emergency_stop,False
98.4,11.24,clear,False,74.8,4,signal_cable_theft,True,605,,CLEAR,False,6.87,track_circuit,6.85,1.937,11.223,True,reduce_speed,reduce_speed,False
125.0,5.41,fog,False,88.7,4,signal_cable_theft,False,1330,1.0673,CLEAR,True,13.75,vibration,2.6,3.438,5.364,True,reduce_speed,reduce_speed,False
119.3,5.23,fog,False,57.5,6,stranded_vehicle,False,1927,1.0615,CLEAR,True,21.18,track_circuit,2.63,3.131,5.166,True,reduce_speed,reduce_speed,False
188.2,18.97,clear,False,49.5,4,cattle_crossing,True,782,,CLEAR,False,13.47,vibration,6.05,7.084,18.929,True,reduce_speed,reduce_speed,False
86.2,19.85,heavy_rain,False,67.7,4,cattle_crossing,False,522,1.083,CLEAR,False,19.67,axle_counter,13.82,2.378,19.838,True,proceed_with_caution,proceed_with_caution,False
96.7,16.27,fog,False,34.9,10,track_buckling,False,420,,OCCUPIED,True,23.96,vibration,10.1,2.057,16.259,True,emergency_stop,emergency_stop,False
147.3,1.28,rain,False,32.9,7,fallen_tree,True,71,,CLEAR,False,18.63,accelerometer,0.52,5.641,1.277,False,reroute,reroute,False
182.4,14.63,clear,False,61.7,4,water_logging,True,604,1.1409,CLEAR,True,16.25,track_circuit,4.81,6.654,14.599,True,reduce_speed,reduce_speed,False
62.8,3.73,clear,False,45.3,9,broken_rail,True,1708,,CLEAR,True,0.7,track_circuit,3.56,0.789,3.7,True,emergency_stop,emergency_stop,False
77.5,11.47,flood,True,30.5,5,equipment_failure_ahead,True,547,0.9679,CLEAR,True,11.49,vibration,8.88,2.042,11.458,True,reduce_speed,reduce_speed,False
191.9,17.9,heavy_rain,True,77.6,1,cattle_crossing,False,1912,,CLEAR,True,7.07,track_circuit,5.6,11.784,17.798,True,reduce_speed,reduce_speed,False
165.5,7.73,snow,False,87.1,2,sensor_miscount,True,1909,1.0173,CLEAR,False,13.05,track_circuit,2.8,10.408,7.642,False,reroute,reroute,False
98.6,18.59,snow,False,40.4,1,environmental_false_positive,True,1380,,CLEAR,True,23.8,track_circuit,11.31,3.694,18.552,True,reduce_speed,reduce_speed,False
100.4,14.23,clear,False,69.5,8,boulder,True,1963,,CLEAR,True,8.35,accelerometer,8.5,2.016,14.175,True,reduce_speed,reduce_speed,False
117.8,6.16,heavy_rain,True,98.9,6,signal_cable_theft,False,845,0.987,CLEAR,True,4.44,track_circuit,3.14,4.441,6.132,True,reduce_speed,reduce_speed,False
149.4,2.08,rain,False,48.8,2,cattle_crossing,False,1915,1.0327,CLEAR,True,20.73,axle_counter,0.84,5.803,2.001,False,emergency_stop,emergency_stop,False
132.0,16.34,heavy_rain,True,81.2,4,cattle_crossing,True,1110,0.9826,CLEAR,True,24.77,axle_counter,7.43,5.576,16.299,True,reduce_speed,reduce_speed,False
165.3,9.27,clear,False,41.3,9,landslide_debris,True,207,1.0117,CLEAR,True,19.61,vibration,3.36,5.465,9.26,True,emergency_stop,proceed_with_caution,True
53.4,1.64,clear,False,95.2,8,unknown_obstruction,True,1673,1.0371,CLEAR,False,3.89,track_circuit,1.84,0.57,1.615,True,reduce_speed,reduce_speed,False
172.0,2.24,fog,False,30.0,5,equipment_failure_ahead,True,1904,,CLEAR,True,13.99,accelerometer,0.78,6.508,2.149,False,reroute,reroute,False
54.0,19.35,heavy_rain,True,50.6,7,landslide_debris,False,1777,1.027,OCCUPIED,True,10.43,vibration,21.5,0.933,19.323,True,reduce_speed,reduce_speed,False
181.6,5.01,rain,False,98.4,9,track_buckling,False,863,1.0131,CLEAR,True,16.02,axle_counter,1.66,8.574,4.966,False,emergency_stop,emergency_stop,False
51.7,19.34,clear,False,76.9,7,track_buckling,False,250,1.1221,CLEAR,True,16.88,track_circuit,22.44,0.535,19.336,True,reduce_speed,reduce_speed,False
64.8,13.69,clear,False,44.8,4,environmental_false_positive,False,1192,,OCCUPIED,True,20.27,vibration,12.68,0.84,13.669,True,reduce_speed,reduce_speed,False
72.9,6.15,flood,True,85.4,8,broken_rail,False,1743,0.9945,CLEAR,True,6.38,vibration,5.06,1.807,6.115,True,reduce_speed,reduce_speed,False
79.6,7.8,clear,False,92.9,6,boulder,True,1690,0.9555,OCCUPIED,True,24.13,track_circuit,5.88,1.267,7.763,True,reduce_speed,reduce_speed,False
107.3,15.59,clear,False,64.1,4,environmental_false_positive,False,1254,,CLEAR,True,5.76,track_circuit,8.72,2.303,15.553,True,proceed_with_caution,proceed_with_caution,False
146.6,8.82,rain,False,40.9,8,stranded_vehicle,True,1584,1.0362,CLEAR,False,3.54,track_circuit,3.61,5.588,8.755,True,reroute,reroute,False
183.4,1.68,clear,False,48.1,1,cattle_crossing,False,112,1.0588,CLEAR,True,20.81,track_circuit,0.55,6.727,1.674,False,emergency_stop,emergency_stop,False
126.3,4.75,rain,False,96.0,3,water_logging,True,1266,0.9688,OCCUPIED,True,11.85,track_circuit,2.26,4.147,4.706,True,reduce_speed,reduce_speed,False
127.5,17.23,clear,False,41.3,1,cattle_crossing,True,261,1.0401,CLEAR,True,12.51,track_circuit,8.11,3.251,17.221,True,reduce_speed,reduce_speed,False
94.5,13.98,heavy_rain,True,51.8,2,cattle_crossing,True,1512,0.9461,OCCUPIED,False,8.31,track_circuit,8.88,2.858,13.94,True,reduce_speed,reduce_speed,False
169.1,10.12,snow,False,40.2,5,fallen_tree,True,138,0.9232,OCCUPIED,False,1.64,accelerometer,3.59,10.866,10.114,False,reroute,reroute,False
62.1,5.06,snow,True,37.4,4,water_logging,True,1210,1.0043,CLEAR,True,5.24,vibration,4.89,1.465,5.039,True,reduce_speed,reroute,True
91.7,9.6,rain,False,66.5,8,unknown_obstruction,False,1900,,OCCUPIED,True,19.16,vibration,6.28,2.186,9.552,True,reduce_speed,reduce_speed,False
60.0,15.82,clear,False,57.8,2,cattle_crossing,True,268,1.0894,OCCUPIED,True,6.0,axle_counter,15.82,0.72,15.816,True,reduce_speed,reduce_speed,False
78.2,1.81,fog,False,33.2,9,unknown_obstruction,False,882,1.1277,OCCUPIED,True,24.82,axle_counter,1.39,1.345,1.791,True,reduce_speed,emergency_stop,True
135.9,19.9,heavy_rain,True,40.2,3,cattle_crossing,True,129,,CLEAR,True,19.76,track_circuit,8.79,5.91,19.895,True,reduce_speed,reduce_speed,False
64.5,17.22,rain,False,32.6,5,sensor_miscount,False,1446,,OCCUPIED,True,21.29,vibration,16.02,1.082,17.194,True,reduce_speed,reduce_speed,False
60.6,6.5,fog,False,31.7,7,fallen_tree,True,1855,,CLEAR,True,21.9,track_circuit,6.44,0.808,6.469,True,reduce_speed,reduce_speed,False
173.0,17.44,fog,False,42.5,1,environmental_false_positive,True,53,,CLEAR,True,18.11,axle_counter,6.05,6.584,17.437,True,reduce_speed,reduce_speed,False
63.3,13.7,fog,False,82.1,5,fallen_tree,True,1115,1.0124,OCCUPIED,True,11.92,accelerometer,12.99,0.882,13.68,True,reduce_speed,reduce_speed,False
139.2,13.39,fog,False,31.0,8,landslide_debris,True,1597,,OCCUPIED,False,22.97,accelerometer,5.77,4.263,13.328,True,reroute,reroute,False
99.6,2.97,clear,False,51.3,9,boulder,True,99,0.9245,CLEAR,False,10.95,track_circuit,1.79,1.984,2.967,True,emergency_stop,emergency_stop,False
183.9,18.14,rain,False,69.5,8,landslide_debris,False,990,1.1072,CLEAR,True,2.85,vibration,5.92,8.793,18.089,True,reduce_speed,reduce_speed,False
154.7,9.12,rain,False,82.1,9,equipment_failure_ahead,True,301,1.0398,OCCUPIED,True,15.11,track_circuit,3.54,6.222,9.107,True,emergency_stop,emergency_stop,False
54.2,16.1,clear,False,77.5,9,equipment_failure_ahead,True,1851,1.1055,CLEAR,True,3.09,track_circuit,17.82,0.588,16.072,True,emergency_stop,emergency_stop,False
183.8,6.13,heavy_rain,False,99.2,5,sensor_miscount,True,1044,0.8919,CLEAR,True,16.56,track_circuit,2.0,10.81,6.077,False,reroute,reroute,False
109.2,6.3,rain,False,49.3,7,boulder,False,1066,1.0764,OCCUPIED,True,24.94,track_circuit,3.46,3.1,6.268,True,reduce_speed,reduce_speed,False
91.2,19.3,clear,False,30.0,8,unknown_obstruction,True,1995,0.9911,CLEAR,True,17.04,vibration,12.7,1.663,19.249,True,reduce_speed,reduce_speed,False
149.3,10.03,heavy_rain,True,32.7,4,sensor_miscount,True,1588,,CLEAR,False,5.66,track_circuit,4.03,7.133,9.964,True,reduce_speed,reduce_speed,False
156.3,1.39,fog,False,36.8,9,stranded_vehicle,True,662,1.0015,CLEAR,True,3.88,track_circuit,0.53,5.375,1.361,False,reroute,reroute,False
92.0,16.75,fog,False,98.3,1,cattle_crossing,False,1278,0.958,OCCUPIED,True,9.23,accelerometer,10.92,1.862,16.717,True,proceed_with_caution,proceed_with_caution,False
99.5,4.7,clear,False,69.9,5,signal_cable_theft,False,629,0.9914,CLEAR,True,4.07,axle_counter,2.83,1.98,4.683,True,reduce_speed,reduce_speed,False
69.2,17.6,heavy_rain,False,86.0,9,landslide_debris,False,1065,,CLEAR,False,14.46,track_circuit,15.26,1.532,17.58,True,emergency_stop,emergency_stop,False
137.0,18.35,clear,False,99.0,4,cattle_crossing,False,1634,0.8822,CLEAR,True,19.69,axle_counter,8.04,3.754,18.288,True,proceed_with_caution,proceed_with_caution,False
193.3,1.64,rain,False,89.1,3,sensor_miscount,True,1900,1.0898,CLEAR,True,16.62,axle_counter,0.51,9.715,1.538,False,reroute,reroute,False
109.6,11.73,clear,False,58.5,8,track_buckling,False,1906,1.0235,CLEAR,True,15.62,axle_counter,6.42,2.402,11.672,True,reduce_speed,reduce_speed,False
199.4,19.63,rain,False,91.3,4,water_logging,False,1016,0.9934,CLEAR,True,11.17,axle_counter,5.91,10.338,19.574,True,reduce_speed,reduce_speed,False
72.3,18.63,fog,False,60.4,4,cattle_crossing,False,1796,1.0561,CLEAR,True,4.73,accelerometer,15.46,1.15,18.594,True,proceed_with_caution,proceed_with_caution,False
168.4,10.6,rain,False,38.0,2,sensor_miscount,True,1791,,CLEAR,False,16.13,track_circuit,3.78,7.373,10.516,True,reduce_speed,reduce_speed,False
188.9,13.67,rain,False,68.4,6,equipment_failure_ahead,False,1116,0.9712,CLEAR,True,10.77,axle_counter,4.34,9.278,13.611,True,reduce_speed,proceed_with_caution,True
151.6,12.16,heavy_rain,True,94.1,2,environmental_false_positive,False,120,,OCCUPIED,True,7.98,track_circuit,4.81,7.354,12.155,True,reduce_speed,reduce_speed,False
61.9,4.22,fog,True,84.9,4,signal_cable_theft,False,282,1.09,CLEAR,True,16.65,accelerometer,4.09,0.843,4.215,True,reduce_speed,reduce_speed,False
95.6,13.13,clear,False,58.1,9,broken_rail,False,1332,0.9113,OCCUPIED,True,9.77,track_circuit,8.24,1.828,13.095,True,emergency_stop,emergency_stop,False
58.3,6.8,flood,True,89.8,9,broken_rail,False,1670,,CLEAR,False,4.62,track_circuit,7.0,1.156,6.773,True,emergency_stop,emergency_stop,False
138.3,6.89,fog,True,62.5,2,cattle_crossing,True,1828,,CLEAR,True,12.35,accelerometer,2.99,4.208,6.82,True,reduce_speed,reduce_speed,False
199.7,8.52,flood,True,77.9,8,landslide_debris,True,524,1.0293,CLEAR,False,7.58,axle_counter,2.56,13.559,8.491,False,reroute,reroute,False
103.1,17.07,flood,True,53.3,3,sensor_miscount,True,1804,0.9942,CLEAR,True,18.47,track_circuit,9.93,3.614,17.018,True,reduce_speed,reduce_speed,False
70.3,4.92,snow,False,43.6,5,sensor_miscount,True,1662,0.925,CLEAR,False,1.65,track_circuit,4.2,1.878,4.888,True,reduce_speed,reduce_speed,False
86.6,5.17,fog,False,51.9,2,cattle_crossing,False,996,0.9479,CLEAR,True,21.39,track_circuit,3.58,1.65,5.146,True,reduce_speed,reduce_speed,False
133.5,0.35,rain,False,91.3,7,unknown_obstruction,False,779,1.0027,CLEAR,False,11.8,accelerometer,0.16,4.634,0.321,False,emergency_stop,emergency_stop,False
133.2,3.27,clear,False,99.3,2,sensor_miscount,False,971,,CLEAR,True,0.89,axle_counter,1.47,3.548,3.234,False,emergency_stop,reduce_speed,True
80.6,19.58,rain,False,48.5,6,stranded_vehicle,False,1367,,OCCUPIED,True,3.77,track_circuit,14.58,1.689,19.549,True,reduce_speed,reduce_speed,False
161.4,8.79,fog,False,41.6,8,landslide_debris,False,1631,,OCCUPIED,True,23.66,axle_counter,3.27,5.731,8.717,True,reduce_speed,reduce_speed,False
58.6,4.06,rain,True,35.0,7,landslide_debris,True,384,1.0096,CLEAR,True,13.66,axle_counter,4.16,0.893,4.054,True,reroute,reroute,False
141.6,19.32,heavy_rain,True,82.8,8,stranded_vehicle,True,703,1.0726,CLEAR,False,19.33,track_circuit,8.19,6.416,19.292,True,reroute,reroute,False
111.0,0.74,clear,False,67.0,2,cattle_crossing,True,284,,CLEAR,True,22.13,accelerometer,0.4,2.464,0.731,False,reroute,reroute,False
64.7,9.79,clear,False,68.9,7,boulder,False,1878,0.9727,OCCUPIED,False,8.35,track_circuit,9.08,0.837,9.756,True,reduce_speed,reduce_speed,False
143.3,16.13,rain,False,33.2,7,track_buckling,True,844,,OCCUPIED,True,13.9,accelerometer,6.75,5.339,16.096,True,reroute,reroute,False
149.3,15.5,clear,False,35.7,8,track_buckling,True,539,,OCCUPIED,True,16.43,vibration,6.23,4.458,15.478,True,reroute,reroute,False
113.2,3.95,clear,False,94.0,1,environmental_false_positive,True,446,,CLEAR,True,21.12,track_circuit,2.09,2.563,3.936,True,proceed_with_caution,proceed_with_caution,False
168.7,14.21,clear,False,70.4,1,environmental_false_positive,False,195,1.0865,CLEAR,True,10.79,vibration,5.05,5.692,14.201,True,proceed_with_caution,proceed_with_caution,False
123.9,12.52,heavy_rain,True,45.3,3,water_logging,False,969,,CLEAR,True,23.82,vibration,6.06,4.912,12.487,True,reduce_speed,reduce_speed,False
89.3,13.57,rain,True,44.5,7,boulder,False,1556,1.0113,CLEAR,False,15.37,axle_counter,9.12,2.073,13.531,True,reduce_speed,reduce_speed,False
192.8,5.47,clear,False,46.9,8,boulder,True,680,,CLEAR,True,21.91,axle_counter,1.7,7.434,5.434,False,reroute,reroute,False
191.3,16.25,clear,False,34.5,9,landslide_debris,False,839,1.0182,CLEAR,True,2.54,track_circuit,5.1,7.319,16.205,True,emergency_stop,reroute,True
59.8,11.27,rain,False,33.5,5,water_logging,True,1291,1.0004,OCCUPIED,True,11.85,track_circuit,11.31,0.93,11.249,True,reduce_speed,reduce_speed,False
191.6,14.56,clear,False,80.4,7,landslide_debris,False,744,,CLEAR,True,4.89,vibration,4.56,7.342,14.52,True,reduce_speed,reduce_speed,False
165.2,18.8,fog,False,48.5,5,stranded_vehicle,True,1492,0.9608,CLEAR,True,22.84,track_circuit,6.83,6.004,18.732,True,reduce_speed,reduce_speed,False
61.5,17.14,heavy_rain,False,56.9,8,equipment_failure_ahead,True,676,1.0046,OCCUPIED,False,6.26,track_circuit,16.72,1.21,17.128,True,reduce_speed,reduce_speed,False
125.5,15.69,clear,False,67.6,4,cattle_crossing,False,920,,OCCUPIED,True,17.97,axle_counter,7.5,3.15,15.658,True,proceed_with_caution,proceed_with_caution,False
50.4,5.94,rain,False,52.4,1,environmental_false_positive,True,1962,,CLEAR,True,2.04,track_circuit,7.07,0.66,5.913,True,reduce_speed,reduce_speed,False
136.3,1.27,clear,False,63.5,7,boulder,False,1681,1.0162,CLEAR,True,5.42,vibration,0.56,3.716,1.206,False,emergency_stop,emergency_stop,False
189.6,11.58,clear,True,90.6,4,fallen_tree,True,1165,,CLEAR,True,8.34,vibration,3.66,7.19,11.519,True,reduce_speed,reduce_speed,False
102.1,0.88,snow,False,47.1,6,equipment_failure_ahead,False,814,,OCCUPIED,True,19.66,vibration,0.52,3.961,0.857,False,emergency_stop,emergency_stop,False
123.8,14.34,rain,False,85.4,6,water_logging,True,1985,0.9627,CLEAR,False,6.65,track_circuit,6.95,3.985,14.272,True,reduce_speed,reduce_speed,False
80.3,14.79,snow,False,48.5,5,signal_cable_theft,True,952,,CLEAR,True,20.51,axle_counter,11.05,2.45,14.769,True,reduce_speed,reduce_speed,False
128.8,11.35,clear,False,43.1,6,equipment_failure_ahead,False,720,0.921,CLEAR,False,19.82,vibration,5.29,3.318,11.324,True,reduce_speed,reduce_speed,False
169.4,3.53,clear,False,35.1,2,cattle_crossing,False,1212,0.9233,OCCUPIED,True,24.81,track_circuit,1.25,5.739,3.473,False,emergency_stop,emergency_stop,False
78.4,17.54,rain,True,77.9,7,fallen_tree,False,857,1.0585,CLEAR,False,17.09,vibration,13.42,1.598,17.521,True,reduce_speed,reduce_speed,False
130.8,12.0,rain,True,58.8,3,cattle_crossing,False,1785,,CLEAR,False,16.12,axle_counter,5.5,4.448,11.935,True,reduce_speed,reduce_speed,False
100.0,10.39,flood,False,83.9,10,landslide_debris,False,463,1.0276,CLEAR,False,15.24,track_circuit,6.23,3.4,10.377,True,emergency_stop,emergency_stop,False
160.9,11.44,clear,False,39.3,9,boulder,True,147,0.9841,OCCUPIED,True,3.19,track_circuit,4.27,5.178,11.433,True,emergency_stop,emergency_stop,False
153.8,1.84,heavy_rain,True,72.2,8,landslide_debris,False,889,1.0363,OCCUPIED,True,13.07,vibration,0.72,7.569,1.802,False,emergency_stop,emergency_stop,False
153.3,14.86,heavy_rain,True,30.9,7,unknown_obstruction,False,1900,1.07,CLEAR,True,21.36,track_circuit,5.82,7.52,14.779,True,reduce_speed,reduce_speed,False
103.6,1.4,rain,False,46.4,5,sensor_miscount,False,170,0.9982,CLEAR,True,1.01,accelerometer,0.81,2.791,1.395,False,emergency_stop,emergency_stop,False
137.9,11.65,clear,False,72.7,4,fallen_tree,False,1626,1.068,CLEAR,True,3.6,axle_counter,5.07,3.803,11.588,True,reduce_speed,reduce_speed,False
145.9,3.55,rain,False,33.9,10,track_buckling,True,51,1.093,CLEAR,False,15.21,track_circuit,1.46,5.535,3.548,False,reroute,reroute,False
150.5,4.31,clear,False,56.4,4,sensor_miscount,False,1137,1.0808,CLEAR,True,21.25,vibration,1.72,4.53,4.262,False,emergency_stop,reduce_speed,True
134.2,4.82,heavy_rain,True,69.3,9,unknown_obstruction,False,933,,CLEAR,True,8.03,axle_counter,2.15,5.763,4.785,False,emergency_stop,emergency_stop,False
179.4,0.48,rain,False,80.9,4,fallen_tree,False,361,,CLEAR,True,21.85,track_circuit,0.16,8.368,0.462,False,emergency_stop,emergency_stop,False
83.6,17.86,snow,True,79.4,8,fallen_tree,False,1505,0.9925,OCCUPIED,True,8.77,accelerometer,12.82,2.656,17.825,True,reduce_speed,reduce_speed,False
53.7,16.12,rain,True,40.4,3,environmental_false_positive,False,392,1.0107,OCCUPIED,True,11.9,vibration,18.01,0.75,16.114,True,reduce_speed,reduce_speed,False
194.2,0.82,rain,True,35.3,9,unknown_obstruction,False,902,0.8828,CLEAR,True,23.85,axle_counter,0.25,9.806,0.771,False,emergency_stop,emergency_stop,False
54.4,1.33,fog,False,56.3,8,unknown_obstruction,False,1139,1.0037,CLEAR,True,10.73,vibration,1.47,0.651,1.313,True,reduce_speed,reduce_speed,False
185.0,15.7,rain,False,46.9,7,fallen_tree,True,1060,0.8456,OCCUPIED,False,15.19,axle_counter,5.09,8.899,15.646,True,reduce_speed,reduce_speed,False
139.9,0.33,snow,False,51.4,9,boulder,False,111,,CLEAR,True,23.42,axle_counter,0.14,7.437,0.326,False,emergency_stop,emergency_stop,False
187.4,9.49,clear,False,54.0,6,water_logging,False,919,1.0286,CLEAR,False,6.98,track_circuit,3.04,7.024,9.442,True,reduce_speed,reduce_speed,False
132.6,2.32,flood,True,57.8,6,fallen_tree,False,1327,,CLEAR,True,2.75,track_circuit,1.05,5.978,2.271,False,emergency_stop,emergency_stop,False
172.3,11.91,heavy_rain,False,66.3,7,unknown_obstruction,False,1077,1.0076,CLEAR,True,23.97,axle_counter,4.15,9.5,11.858,True,reduce_speed,reduce_speed,False
156.8,19.97,heavy_rain,True,30.7,9,landslide_debris,True,1474,1.015,OCCUPIED,False,14.22,axle_counter,7.64,7.868,19.906,True,emergency_stop,emergency_stop,False
126.4,3.61,rain,False,50.9,4,signal_cable_theft,True,1563,1.029,OCCUPIED,False,24.16,vibration,1.71,4.154,3.555,False,reroute,reroute,False
101.3,19.14,heavy_rain,True,48.5,9,unknown_obstruction,True,399,,CLEAR,True,21.74,axle_counter,11.34,3.284,19.129,True,emergency_stop,emergency_stop,False
45.4,17.34,clear,False,46.5,8,equipment_failure_ahead,False,1618,1.0567,CLEAR,True,15.07,axle_counter,22.92,0.412,17.32,True,reduce_speed,reduce_speed,False
83.9,19.72,fog,False,85.2,4,signal_cable_theft,False,1795,0.9239,CLEAR,True,12.05,vibration,14.1,1.549,19.678,True,reduce_speed,reduce_speed,False
192.5,15.37,clear,False,47.6,5,equipment_failure_ahead,False,1685,,CLEAR,True,12.27,accelerometer,4.79,7.411,15.28,True,reduce_speed,reduce_speed,False
87.7,17.17,clear,False,40.6,9,landslide_debris,False,1710,1.1072,CLEAR,True,4.57,track_circuit,11.75,1.538,17.128,True,emergency_stop,emergency_stop,False
161.5,11.97,clear,False,89.6,8,stranded_vehicle,False,464,,CLEAR,True,11.61,accelerometer,4.45,5.216,11.949,True,reduce_speed,reduce_speed,False
123.8,17.37,clear,False,56.8,7,landslide_debris,False,1322,,CLEAR,True,20.63,vibration,8.42,3.065,17.325,True,reduce_speed,reduce_speed,False
92.8,2.41,clear,False,42.9,7,equipment_failure_ahead,False,943,0.9403,OCCUPIED,False,24.73,track_circuit,1.56,1.722,2.386,True,reduce_speed,reduce_speed,False
198.6,14.88,heavy_rain,True,82.6,9,unknown_obstruction,True,1969,1.1294,OCCUPIED,False,24.03,track_circuit,4.5,12.621,14.771,True,emergency_stop,emergency_stop,False
52.3,12.65,clear,False,76.0,10,landslide_debris,True,1671,1.0171,CLEAR,True,24.07,track_circuit,14.51,0.547,12.626,True,emergency_stop,emergency_stop,False
135.2,1.38,fog,False,96.2,10,landslide_debris,True,365,0.9245,OCCUPIED,True,0.97,vibration,0.61,4.021,1.366,False,reroute,proceed_with_caution,True
116.5,5.97,clear,False,91.4,7,stranded_vehicle,True,1887,,OCCUPIED,True,13.14,axle_counter,3.07,2.714,5.909,True,reroute,reroute,False
56.9,4.48,fog,False,78.6,6,fallen_tree,False,1410,0.9356,CLEAR,True,5.4,axle_counter,4.72,0.712,4.458,True,reduce_speed,reduce_speed,False
78.2,8.22,heavy_rain,False,41.3,1,environmental_false_positive,True,1109,1.041,CLEAR,True,15.57,vibration,6.31,1.957,8.196,True,reduce_speed,reduce_speed,False
152.6,4.13,clear,False,63.8,9,boulder,False,920,1.0618,OCCUPIED,False,23.67,track_circuit,1.62,4.657,4.091,False,emergency_stop,emergency_stop,False
61.8,5.64,fog,True,38.3,4,environmental_false_positive,True,1011,1.1216,CLEAR,True,21.98,track_circuit,5.48,0.84,5.623,True,reduce_speed,reduce_speed,False
169.2,6.06,snow,False,68.5,2,cattle_crossing,True,1554,,CLEAR,True,21.73,accelerometer,2.15,10.879,5.987,False,reroute,reroute,False
141.9,12.08,heavy_rain,False,94.2,9,stranded_vehicle,True,1541,1.0029,CLEAR,False,9.46,accelerometer,5.11,6.443,12.019,True,emergency_stop,emergency_stop,False
60.6,2.87,clear,False,30.3,6,boulder,False,1127,,CLEAR,True,12.78,vibration,2.84,0.734,2.851,True,reduce_speed,reduce_speed,False
89.5,4.97,rain,False,91.3,7,equipment_failure_ahead,False,1984,,CLEAR,False,7.41,track_circuit,3.33,2.083,4.921,True,reduce_speed,reduce_speed,False
66.3,6.48,heavy_rain,False,67.8,9,broken_rail,False,503,0.9571,CLEAR,False,14.07,track_circuit,5.86,1.407,6.471,True,emergency_stop,emergency_stop,False
168.6,9.09,clear,False,40.6,6,water_logging,False,880,0.9892,CLEAR,True,7.93,track_circuit,3.23,5.685,9.049,True,reduce_speed,reduce_speed,False
127.6,0.95,heavy_rain,True,89.9,8,stranded_vehicle,True,1218,,CLEAR,True,20.31,axle_counter,0.45,5.21,0.907,False,reroute,reroute,False
45.4,19.98,clear,True,67.6,9,unknown_obstruction,False,372,,OCCUPIED,True,11.88,track_circuit,26.41,0.412,19.975,True,emergency_stop,emergency_stop,False
129.2,6.15,heavy_rain,False,61.4,1,environmental_false_positive,True,1023,0.9664,CLEAR,True,17.66,accelerometer,2.86,5.342,6.113,True,proceed_with_caution,reduce_speed,True
119.8,5.89,clear,False,65.0,1,environmental_false_positive,True,1677,1.0285,OCCUPIED,False,21.88,vibration,2.95,2.87,5.834,True,proceed_with_caution,reroute,True
144.7,11.19,clear,False,40.3,10,broken_rail,False,1367,0.9931,CLEAR,True,7.84,axle_counter,4.64,4.188,11.135,True,emergency_stop,reroute,True
50.4,17.11,flood,True,37.9,8,unknown_obstruction,False,1436,0.9626,CLEAR,False,15.74,track_circuit,20.37,0.864,17.09,True,reduce_speed,reduce_speed,False
50.5,9.24,heavy_rain,False,76.3,6,fallen_tree,False,365,,CLEAR,False,21.22,track_circuit,10.98,0.816,9.235,True,reduce_speed,reduce_speed,False
99.2,5.13,snow,True,91.6,3,sensor_miscount,True,333,1.014,OCCUPIED,True,23.79,axle_counter,3.1,3.739,5.121,True,reduce_speed,reduce_speed,False
151.7,11.4,flood,True,78.6,3,water_logging,False,912,1.0822,CLEAR,True,4.5,vibration,4.51,7.824,11.362,True,reduce_speed,reduce_speed,False
148.3,9.76,clear,False,88.9,10,broken_rail,False,681,0.9561,OCCUPIED,True,17.19,track_circuit,3.95,4.399,9.732,True,emergency_stop,emergency_stop,False
88.1,8.58,clear,False,89.1,7,equipment_failure_ahead,False,69,,CLEAR,True,11.16,vibration,5.84,1.552,8.578,True,reduce_speed,reduce_speed,False
78.5,19.68,clear,False,32.2,5,equipment_failure_ahead,False,1129,1.029,OCCUPIED,True,7.5,track_circuit,15.04,1.232,19.655,True,reduce_speed,reduce_speed,False
150.9,19.92,rain,False,84.0,3,cattle_crossing,False,1521,,CLEAR,True,4.36,track_circuit,7.92,5.92,19.856,True,proceed_with_caution,proceed_with_caution,False
49.2,11.33,clear,True,84.0,1,cattle_crossing,True,1477,,CLEAR,True,14.84,accelerometer,13.82,0.484,11.31,True,reduce_speed,reduce_speed,False
131.3,1.55,snow,True,54.5,7,unknown_obstruction,False,251,1.0287,CLEAR,True,8.69,track_circuit,0.71,6.551,1.541,False,emergency_stop,emergency_stop,False
110.7,11.42,clear,False,58.7,9,equipment_failure_ahead,False,1573,,CLEAR,True,16.86,track_circuit,6.19,2.451,11.372,True,emergency_stop,emergency_stop,False
82.1,19.06,clear,False,82.2,1,environmental_false_positive,False,792,,OCCUPIED,True,7.38,axle_counter,13.93,1.348,19.042,True,proceed_with_caution,proceed_with_caution,False
125.6,18.53,clear,False,99.1,10,landslide_debris,False,353,,CLEAR,True,0.51,track_circuit,8.85,3.155,18.518,True,emergency_stop,emergency_stop,False
78.7,4.47,clear,False,99.1,5,fallen_tree,False,970,0.9903,OCCUPIED,True,19.3,track_circuit,3.41,1.239,4.449,True,reduce_speed,reduce_speed,False
132.5,3.96,clear,False,63.2,8,unknown_obstruction,True,472,0.9422,CLEAR,True,4.45,track_circuit,1.79,3.511,3.943,True,reduce_speed,reduce_speed,False
68.1,3.21,fog,False,85.3,3,sensor_miscount,False,1362,0.9139,CLEAR,True,6.69,track_circuit,2.83,1.02,3.184,True,proceed_with_caution,proceed_with_caution,False
107.9,16.43,clear,False,62.6,5,sensor_miscount,True,1501,1.0228,OCCUPIED,True,6.27,axle_counter,9.14,2.328,16.385,True,reduce_speed,reduce_speed,False
124.1,9.9,rain,True,90.6,5,signal_cable_theft,False,1465,,CLEAR,True,8.88,track_circuit,4.79,4.004,9.849,True,reduce_speed,reduce_speed,False
49.9,6.89,snow,False,75.5,7,water_logging,False,276,1.0455,CLEAR,True,12.39,vibration,8.28,0.946,6.886,True,reduce_speed,reduce_speed,False
139.7,6.63,rain,False,95.6,3,water_logging,False,730,0.9562,CLEAR,True,20.41,accelerometer,2.85,5.074,6.602,True,reduce_speed,reduce_speed,False
161.3,5.65,fog,False,99.8,1,environmental_false_positive,False,1021,,CLEAR,True,16.43,track_circuit,2.1,5.724,5.604,False,emergency_stop,emergency_stop,False
193.2,17.68,clear,False,53.1,7,fallen_tree,True,1971,1.048,CLEAR,True,4.08,track_circuit,5.49,7.465,17.574,True,reduce_speed,reduce_speed,False
76.5,8.31,clear,False,98.6,3,sensor_miscount,True,1115,0.9212,CLEAR,True,5.0,track_circuit,6.52,1.17,8.286,True,proceed_with_caution,proceed_with_caution,False
77.3,5.03,clear,False,78.5,4,sensor_miscount,False,1324,0.9603,CLEAR,True,21.25,track_circuit,3.9,1.195,5.002,True,proceed_with_caution,proceed_with_caution,False
92.2,14.27,flood,True,46.7,1,environmental_false_positive,True,712,1.0596,CLEAR,True,6.62,track_circuit,9.29,2.89,14.252,True,reduce_speed,reduce_speed,False
183.1,12.78,rain,False,30.2,4,fallen_tree,True,626,1.0012,OCCUPIED,False,5.86,vibration,4.19,8.717,12.748,True,reduce_speed,reduce_speed,False
108.1,14.36,clear,False,77.9,5,sensor_miscount,False,1603,0.991,CLEAR,False,0.59,track_circuit,7.97,2.337,14.312,True,reduce_speed,reduce_speed,False
91.8,16.47,rain,False,45.6,7,boulder,False,1678,0.9977,OCCUPIED,True,19.46,axle_counter,10.76,2.191,16.427,True,reduce_speed,reduce_speed,False
159.9,2.2,heavy_rain,True,46.2,7,boulder,True,158,,CLEAR,True,18.59,vibration,0.83,8.182,2.193,False,reroute,reroute,False
50.9,0.24,fog,False,68.7,6,water_logging,True,1101,,OCCUPIED,True,9.02,vibration,0.28,0.57,0.224,False,reroute,reroute,False
130.1,1.2,rain,False,32.2,8,landslide_debris,True,1566,,CLEAR,True,0.68,track_circuit,0.55,4.401,1.143,False,reroute,emergency_stop,True
114.8,14.19,snow,False,59.1,8,equipment_failure_ahead,False,358,0.999,CLEAR,True,19.75,track_circuit,7.42,5.008,14.179,True,reduce_speed,reduce_speed,False
141.9,18.7,fog,False,86.0,6,unknown_obstruction,False,1310,0.903,CLEAR,False,2.93,accelerometer,7.91,4.43,18.648,True,reduce_speed,reduce_speed,False
158.3,6.76,rain,False,31.9,8,landslide_debris,True,974,,CLEAR,False,11.78,track_circuit,2.56,6.515,6.717,False,reroute,reroute,False
95.4,15.67,clear,False,73.7,3,environmental_false_positive,True,1039,,OCCUPIED,True,21.08,vibration,9.86,1.82,15.642,True,proceed_with_caution,proceed_with_caution,False
143.6,14.64,clear,False,41.1,4,cattle_crossing,False,1208,0.9243,CLEAR,False,6.48,vibration,6.12,4.124,14.592,True,reduce_speed,reduce_speed,False
126.3,19.57,flood,True,90.4,5,sensor_miscount,True,1751,0.8952,CLEAR,False,9.8,axle_counter,9.3,5.424,19.509,True,reduce_speed,reduce_speed,False
65.8,9.52,rain,False,57.3,8,unknown_obstruction,False,219,0.9077,CLEAR,True,16.69,track_circuit,8.68,1.126,9.516,True,reduce_speed,reduce_speed,False
181.7,3.49,clear,False,86.8,2,cattle_crossing,True,444,,CLEAR,False,16.99,track_circuit,1.15,6.603,3.468,False,reroute,reroute,False
162.0,15.35,rain,False,80.7,6,boulder,False,723,0.9385,OCCUPIED,True,11.84,axle_counter,5.69,6.823,15.317,True,reduce_speed,reduce_speed,False
187.9,16.41,clear,False,91.4,7,landslide_debris,False,1612,0.9739,CLEAR,True,11.13,axle_counter,5.24,7.061,16.326,True,reduce_speed,reduce_speed,False
156.7,14.2,heavy_rain,False,66.2,2,cattle_crossing,True,1205,1.0637,OCCUPIED,False,10.78,vibration,5.44,7.858,14.148,True,proceed_with_caution,proceed_with_caution,False
82.9,17.29,clear,False,64.0,6,equipment_failure_ahead,True,416,1.0036,OCCUPIED,True,12.41,vibration,12.51,1.374,17.28,True,reduce_speed,reduce_speed,False
111.7,7.55,heavy_rain,True,32.6,2,cattle_crossing,True,96,1.0152,CLEAR,True,8.99,accelerometer,4.06,3.993,7.547,True,reduce_speed,reduce_speed,False
105.0,13.87,rain,False,67.4,8,stranded_vehicle,True,1982,1.0768,CLEAR,False,6.78,accelerometer,7.93,2.867,13.812,True,reroute,reroute,False
50.6,5.42,clear,False,66.5,10,landslide_debris,True,318,0.8289,CLEAR,False,8.24,vibration,6.43,0.512,5.416,True,emergency_stop,emergency_stop,False
108.6,9.04,clear,False,72.4,9,unknown_obstruction,False,113,1.0235,OCCUPIED,True,12.21,track_circuit,4.99,2.359,9.037,True,emergency_stop,emergency_stop,False
98.6,5.0,heavy_rain,False,39.2,5,fallen_tree,False,843,1.0189,CLEAR,True,9.86,axle_counter,3.04,3.111,4.977,True,reduce_speed,reduce_speed,False
45.6,3.26,clear,True,67.8,4,sensor_miscount,True,1129,,CLEAR,True,14.85,axle_counter,4.29,0.416,3.246,True,reduce_speed,reduce_speed,False
176.3,0.91,clear,False,61.8,4,sensor_miscount,True,554,0.8922,CLEAR,False,15.96,axle_counter,0.31,6.216,0.883,False,reroute,reroute,False
67.3,13.49,fog,False,71.7,7,fallen_tree,False,377,,CLEAR,True,24.91,track_circuit,12.03,0.996,13.483,True,reduce_speed,reduce_speed,False
122.6,17.53,clear,False,76.2,8,landslide_debris,True,218,0.9441,CLEAR,True,15.57,axle_counter,8.58,3.006,17.523,True,reroute,reroute,False
166.6,6.43,clear,False,55.3,7,water_logging,False,845,0.9227,CLEAR,False,18.5,track_circuit,2.32,5.551,6.391,True,reduce_speed,reduce_speed,False
138.7,8.7,clear,False,65.3,8,fallen_tree,False,1907,,OCCUPIED,True,2.9,track_circuit,3.76,3.848,8.627,True,reduce_speed,reduce_speed,False
71.2,0.27,heavy_rain,False,57.7,4,sensor_miscount,False,338,0.966,CLEAR,True,19.13,vibration,0.23,1.622,0.263,False,emergency_stop,emergency_stop,False
140.8,8.37,clear,False,83.6,1,environmental_false_positive,False,1167,1.0556,CLEAR,True,12.97,axle_counter,3.57,3.965,8.324,True,proceed_with_caution,proceed_with_caution,False
162.4,5.77,clear,False,85.7,8,track_buckling,False,428,,CLEAR,True,21.73,axle_counter,2.13,5.275,5.751,True,reduce_speed,reduce_speed,False
177.5,11.57,clear,False,50.5,1,cattle_crossing,True,1364,0.9136,CLEAR,True,24.29,axle_counter,3.91,6.301,11.503,True,reduce_speed,reduce_speed,False
94.4,18.19,clear,False,48.2,10,landslide_debris,True,168,0.9685,OCCUPIED,False,6.14,axle_counter,11.56,1.782,18.186,True,emergency_stop,emergency_stop,False
50.3,10.22,clear,False,77.5,10,track_buckling,True,446,,CLEAR,True,23.25,track_circuit,12.19,0.506,10.214,True,emergency_stop,emergency_stop,False
139.2,13.58,clear,False,84.2,3,sensor_miscount,True,65,1.0237,CLEAR,True,16.96,axle_counter,5.85,3.875,13.577,True,proceed_with_caution,proceed_with_caution,False
80.0,14.17,clear,False,30.8,2,environmental_false_positive,True,1315,1.0198,CLEAR,True,18.61,track_circuit,10.63,1.28,14.141,True,reduce_speed,reduce_speed,False
166.0,3.22,clear,False,59.9,3,environmental_false_positive,True,1453,1.1052,OCCUPIED,True,12.07,vibration,1.16,5.511,3.153,False,reroute,emergency_stop,True
150.4,7.06,snow,False,51.5,8,boulder,False,384,,OCCUPIED,False,9.19,track_circuit,2.82,8.596,7.044,False,emergency_stop,emergency_stop,False
164.8,2.44,clear,False,83.7,2,cattle_crossing,True,934,,OCCUPIED,True,20.1,accelerometer,0.89,5.432,2.397,False,reroute,reroute,False
195.0,8.93,clear,False,40.0,4,water_logging,False,622,,CLEAR,True,1.04,vibration,2.75,7.605,8.896,True,reduce_speed,reduce_speed,False
135.6,17.77,snow,False,84.5,8,equipment_failure_ahead,True,138,1.0812,OCCUPIED,True,13.74,axle_counter,7.86,6.987,17.765,True,reduce_speed,reduce_speed,False
185.2,9.72,snow,True,76.3,4,signal_cable_theft,False,122,,CLEAR,True,2.31,track_circuit,3.15,13.034,9.714,False,emergency_stop,emergency_stop,False
144.5,9.23,fog,False,89.0,9,unknown_obstruction,True,1881,0.9052,CLEAR,True,6.74,track_circuit,3.83,4.594,9.154,True,emergency_stop,emergency_stop,False
73.2,4.34,clear,False,99.3,7,boulder,True,1313,0.9636,CLEAR,True,18.27,vibration,3.56,1.072,4.313,True,reduce_speed,reduce_speed,False
168.9,6.34,clear,False,63.4,7,water_logging,False,1348,0.9176,CLEAR,True,18.99,vibration,2.25,5.705,6.277,True,reduce_speed,reduce_speed,False
152.5,18.74,clear,False,79.0,2,environmental_false_positive,True,626,0.941,CLEAR,True,22.28,vibration,7.37,4.651,18.713,True,proceed_with_caution,proceed_with_caution,False
196.6,6.2,clear,False,79.7,9,stranded_vehicle,False,565,1.006,CLEAR,True,18.03,accelerometer,1.89,7.73,6.169,False,emergency_stop,emergency_stop,False
82.7,14.68,clear,False,89.1,4,signal_cable_theft,False,1600,,CLEAR,True,17.03,axle_counter,10.65,1.368,14.643,True,reduce_speed,reduce_speed,False
96.6,1.03,rain,False,66.3,3,cattle_crossing,False,905,,CLEAR,True,23.66,vibration,0.64,2.426,1.006,False,emergency_stop,emergency_stop,False
172.3,2.74,clear,False,37.5,7,equipment_failure_ahead,False,249,1.0182,CLEAR,True,13.67,axle_counter,0.95,5.937,2.728,False,emergency_stop,emergency_stop,False
54.7,6.37,rain,True,98.6,6,boulder,False,1004,1.0219,CLEAR,True,16.52,axle_counter,6.99,0.778,6.355,True,reduce_speed,reduce_speed,False
143.1,18.05,clear,False,34.0,9,unknown_obstruction,True,1067,,CLEAR,True,21.77,axle_counter,7.57,4.096,18.008,True,emergency_stop,emergency_stop,False
128.0,4.54,clear,False,97.4,7,water_logging,False,1161,0.9473,CLEAR,False,19.21,vibration,2.13,3.277,4.499,True,reduce_speed,reduce_speed,False
71.2,14.59,heavy_rain,False,47.9,3,cattle_crossing,True,1097,,CLEAR,True,19.36,track_circuit,12.29,1.622,14.568,True,reduce_speed,reroute,True
70.6,3.52,snow,True,64.5,2,cattle_crossing,False,1722,1.0341,OCCUPIED,True,13.65,track_circuit,2.99,1.894,3.486,True,reduce_speed,reduce_speed,False
170.6,12.33,clear,False,96.5,7,fallen_tree,False,526,1.1153,CLEAR,True,13.43,track_circuit,4.34,5.821,12.305,True,reduce_speed,reduce_speed,False
47.4,11.82,rain,False,77.4,6,equipment_failure_ahead,True,1200,,CLEAR,True,16.39,accelerometer,14.96,0.584,11.804,True,reduce_speed,reduce_speed,False
160.8,12.51,clear,False,71.0,8,unknown_obstruction,False,1781,1.0161,CLEAR,True,17.66,axle_counter,4.67,5.171,12.43,True,reduce_speed,reduce_speed,False
158.6,5.87,clear,False,52.8,7,equipment_failure_ahead,False,1959,0.9681,OCCUPIED,True,13.88,track_circuit,2.22,5.031,5.784,True,reduce_speed,reduce_speed,False
145.7,3.41,fog,False,50.5,6,equipment_failure_ahead,False,1932,0.987,CLEAR,True,5.04,axle_counter,1.4,4.67,3.332,False,emergency_stop,emergency_stop,False
108.5,17.75,clear,False,32.3,7,signal_cable_theft,True,1468,1.0765,CLEAR,False,6.59,axle_counter,9.82,2.354,17.706,True,reduce_speed,reduce_speed,False
49.4,11.47,clear,False,71.0,3,water_logging,False,258,,CLEAR,True,12.58,accelerometer,13.93,0.488,11.466,True,reduce_speed,reduce_speed,False
169.3,4.4,rain,False,60.1,2,environmental_false_positive,True,1978,1.0384,OCCUPIED,True,5.5,accelerometer,1.56,7.452,4.307,False,reroute,reroute,False
64.5,8.38,clear,False,45.7,9,landslide_debris,True,112,1.078,CLEAR,True,10.88,vibration,7.8,0.832,8.378,True,emergency_stop,emergency_stop,False
88.5,1.53,clear,True,56.9,3,environmental_false_positive,False,1124,1.066,OCCUPIED,True,4.1,vibration,1.04,1.566,1.502,False,emergency_stop,emergency_stop,False
191.8,9.61,clear,False,95.9,2,cattle_crossing,False,921,1.0019,CLEAR,True,4.08,track_circuit,3.01,7.357,9.561,True,proceed_with_caution,proceed_with_caution,False
91.8,8.59,flood,True,89.4,5,sensor_miscount,False,1373,1.0063,OCCUPIED,True,21.16,track_circuit,5.61,2.865,8.555,True,reduce_speed,reduce_speed,False
84.5,2.83,rain,False,60.1,6,stranded_vehicle,False,1577,0.9768,OCCUPIED,True,13.79,axle_counter,2.01,1.856,2.793,True,reduce_speed,reduce_speed,False
195.9,9.0,clear,False,98.6,6,stranded_vehicle,False,1489,1.0299,OCCUPIED,False,19.62,vibration,2.76,7.675,8.919,True,reduce_speed,reduce_speed,False
58.3,12.86,clear,True,62.3,9,landslide_debris,False,492,0.9752,CLEAR,True,0.78,track_circuit,13.23,0.68,12.852,True,emergency_stop,emergency_stop,False
69.9,18.58,rain,True,54.4,5,water_logging,True,1522,,CLEAR,True,7.5,vibration,15.95,1.27,18.55,True,reduce_speed,reduce_speed,False
112.9,14.12,clear,False,57.2,3,water_logging,False,1528,1.0623,OCCUPIED,True,0.93,track_circuit,7.5,2.549,14.072,True,reduce_speed,reduce_speed,False
167.1,10.15,rain,False,91.2,9,track_buckling,False,97,,CLEAR,False,0.58,track_circuit,3.64,7.26,10.145,True,emergency_stop,emergency_stop,False
182.1,15.45,fog,True,48.7,4,fallen_tree,True,1293,,CLEAR,False,1.28,track_circuit,5.09,7.295,15.385,True,reduce_speed,emergency_stop,True
162.1,5.74,clear,False,45.5,10,broken_rail,True,298,0.9973,CLEAR,True,13.28,vibration,2.12,5.255,5.727,True,emergency_stop,emergency_stop,False
196.3,13.44,clear,False,97.2,7,fallen_tree,True,1146,1.0401,CLEAR,True,2.73,vibration,4.11,7.707,13.378,True,reduce_speed,reduce_speed,False
47.6,0.3,clear,False,81.4,2,environmental_false_positive,False,494,1.0172,CLEAR,False,20.06,axle_counter,0.38,0.453,0.293,False,emergency_stop,emergency_stop,False
141.0,1.64,clear,False,83.5,8,boulder,True,749,0.9273,CLEAR,True,13.15,vibration,0.7,3.976,1.611,False,reroute,reroute,False
63.0,12.56,clear,False,81.8,1,cattle_crossing,False,579,,CLEAR,True,6.51,vibration,11.96,0.794,12.55,True,proceed_with_caution,proceed_with_caution,False
186.1,4.01,snow,False,77.8,7,boulder,False,1732,1.1145,OCCUPIED,False,21.05,track_circuit,1.29,13.161,3.92,False,emergency_stop,emergency_stop,False
190.0,13.84,clear,False,36.4,2,cattle_crossing,False,1816,0.9479,CLEAR,True,12.99,vibration,4.37,7.22,13.744,True,reduce_speed,reduce_speed,False
92.0,12.81,rain,True,82.8,3,cattle_crossing,True,1607,,CLEAR,True,9.09,track_circuit,8.35,2.201,12.769,True,reduce_speed,reduce_speed,False
173.3,1.46,fog,True,47.4,6,signal_cable_theft,False,1459,1.0015,OCCUPIED,False,14.41,axle_counter,0.51,6.607,1.39,False,emergency_stop,emergency_stop,False
142.7,7.97,clear,False,39.3,4,water_logging,False,758,,OCCUPIED,False,16.98,track_circuit,3.35,4.073,7.94,True,reduce_speed,reduce_speed,False
60.6,12.34,clear,False,98.8,3,cattle_crossing,True,329,1.0722,CLEAR,True,14.19,axle_counter,12.22,0.734,12.334,True,proceed_with_caution,proceed_with_caution,False
138.4,14.33,clear,False,32.0,9,track_buckling,True,1158,1.017,OCCUPIED,True,23.35,axle_counter,6.21,3.831,14.285,True,emergency_stop,emergency_stop,False
196.3,16.36,fog,False,32.2,4,cattle_crossing,True,881,0.9825,CLEAR,True,9.17,track_circuit,5.0,8.477,16.312,True,reduce_speed,reduce_speed,False
92.8,6.74,clear,False,51.7,6,stranded_vehicle,True,600,0.9646,OCCUPIED,False,10.54,axle_counter,4.36,1.722,6.725,True,reduce_speed,reduce_speed,False
45.2,16.77,fog,True,89.1,7,signal_cable_theft,True,524,0.9083,OCCUPIED,False,21.54,vibration,22.26,0.449,16.763,True,reduce_speed,reduce_speed,False
196.4,7.21,heavy_rain,True,98.5,6,water_logging,True,363,1.0822,OCCUPIED,False,16.12,axle_counter,2.2,12.343,7.19,False,reroute,reroute,False
109.2,0.34,fog,False,38.3,4,environmental_false_positive,False,1669,1.0377,CLEAR,True,24.17,track_circuit,0.19,2.623,0.289,False,emergency_stop,emergency_stop,False
111.8,12.28,flood,False,57.7,4,water_logging,True,676,0.9946,CLEAR,True,19.91,track_circuit,6.59,4.25,12.259,True,reduce_speed,reduce_speed,False
155.5,4.99,fog,False,81.4,8,track_buckling,True,1840,,CLEAR,True,13.07,track_circuit,1.93,5.32,4.911,False,reroute,reroute,False
138.7,2.66,heavy_rain,True,75.2,6,fallen_tree,False,1356,0.9935,OCCUPIED,True,16.05,vibration,1.15,6.156,2.608,False,emergency_stop,emergency_stop,False
91.8,5.32,heavy_rain,True,46.3,8,landslide_debris,False,370,0.8941,CLEAR,True,10.45,accelerometer,3.48,2.697,5.311,True,reduce_speed,reduce_speed,False
60.5,16.59,fog,False,53.0,3,cattle_crossing,False,172,0.9147,CLEAR,True,3.63,track_circuit,16.45,0.805,16.587,True,reduce_speed,reduce_speed,False
173.2,18.3,heavy_rain,True,71.6,2,environmental_false_positive,False,862,0.9877,OCCUPIED,True,10.47,vibration,6.34,9.599,18.259,True,reduce_speed,reduce_speed,False
119.9,19.24,snow,False,32.5,5,sensor_miscount,False,209,,OCCUPIED,True,7.4,axle_counter,9.63,5.463,19.233,True,reduce_speed,reduce_speed,False
149.2,6.2,rain,True,83.1,6,water_logging,True,1908,,CLEAR,False,17.11,accelerometer,2.49,5.788,6.121,True,reduce_speed,reduce_speed,False
178.4,9.23,rain,True,49.3,8,track_buckling,False,1820,,CLEAR,True,16.9,track_circuit,3.1,8.275,9.14,True,reduce_speed,reduce_speed,False
47.7,16.09,rain,False,88.0,2,environmental_false_positive,True,1331,0.9828,CLEAR,False,23.47,axle_counter,20.24,0.592,16.072,True,proceed_with_caution,proceed_with_caution,False
178.2,6.49,heavy_rain,True,77.9,9,landslide_debris,False,621,0.9542,OCCUPIED,True,2.45,axle_counter,2.19,10.162,6.459,False,emergency_stop,emergency_stop,False
161.5,7.83,clear,False,75.2,5,water_logging,True,1743,,CLEAR,True,11.96,track_circuit,2.91,5.216,7.752,True,reduce_speed,reduce_speed,False
191.8,4.9,heavy_rain,True,83.7,4,environmental_false_positive,False,1312,,CLEAR,True,10.27,track_circuit,1.53,11.772,4.83,False,emergency_stop,emergency_stop,False
81.2,11.53,heavy_rain,False,35.3,4,water_logging,True,747,,OCCUPIED,False,13.42,track_circuit,8.52,2.11,11.513,True,reduce_speed,reduce_speed,False
95.0,13.25,flood,True,48.2,8,boulder,False,1766,0.9565,CLEAR,True,3.43,axle_counter,8.37,3.068,13.203,True,reduce_speed,reduce_speed,False
147.5,6.51,clear,False,66.5,8,fallen_tree,True,459,1.0135,CLEAR,False,12.54,vibration,2.65,4.351,6.491,True,reduce_speed,reduce_speed,False
188.5,0.68,fog,False,84.4,9,broken_rail,False,1157,,CLEAR,True,16.6,vibration,0.22,7.817,0.619,False,emergency_stop,emergency_stop,False
198.9,14.77,fog,False,89.4,8,boulder,False,1398,0.9915,CLEAR,True,8.19,track_circuit,4.46,8.703,14.693,True,reduce_speed,reduce_speed,False
109.6,12.41,snow,True,56.7,4,signal_cable_theft,True,1821,,OCCUPIED,False,16.44,accelerometer,6.79,4.565,12.355,True,reduce_speed,reduce_speed,False
128.6,4.54,snow,False,85.6,4,water_logging,False,318,1.0441,CLEAR,True,7.01,track_circuit,2.12,6.284,4.529,False,emergency_stop,emergency_stop,False
71.4,6.43,rain,False,45.4,7,stranded_vehicle,True,611,1.122,CLEAR,True,9.55,accelerometer,5.4,1.325,6.418,True,reroute,reroute,False
152.6,19.15,rain,False,35.8,5,fallen_tree,True,1688,,CLEAR,True,22.73,track_circuit,7.53,6.055,19.078,True,reduce_speed,proceed_with_caution,True
174.8,12.68,clear,False,47.3,1,environmental_false_positive,True,1024,0.9853,OCCUPIED,True,1.11,vibration,4.35,6.111,12.63,True,reduce_speed,reduce_speed,False
168.8,11.99,flood,True,93.2,4,water_logging,False,1522,0.962,CLEAR,False,7.18,accelerometer,4.26,9.688,11.919,True,reduce_speed,reduce_speed,False
98.6,12.87,clear,False,68.1,3,sensor_miscount,True,1559,,CLEAR,False,23.43,vibration,7.83,1.944,12.827,True,proceed_with_caution,proceed_with_caution,False
194.3,19.1,fog,False,63.7,6,water_logging,False,644,,CLEAR,False,4.1,vibration,5.9,8.306,19.065,True,reduce_speed,reduce_speed,False
63.7,6.93,heavy_rain,False,82.0,8,landslide_debris,False,696,,CLEAR,False,10.24,track_circuit,6.53,1.298,6.918,True,reduce_speed,reduce_speed,False
121.6,5.76,clear,False,30.7,3,water_logging,True,1022,,CLEAR,True,11.63,vibration,2.84,2.957,5.725,True,reduce_speed,reduce_speed,False
131.0,7.66,clear,False,38.3,3,cattle_crossing,True,104,,CLEAR,False,16.49,axle_counter,3.51,3.432,7.656,True,reduce_speed,reduce_speed,False
128.2,16.06,clear,False,37.0,5,water_logging,True,1609,1.0133,CLEAR,True,15.49,axle_counter,7.52,3.287,16.003,True,reduce_speed,reduce_speed,False
162.5,2.59,heavy_rain,False,38.5,1,environmental_false_positive,True,275,,OCCUPIED,True,15.86,accelerometer,0.96,8.45,2.578,False,reroute,reroute,False
139.5,4.3,rain,True,61.7,8,unknown_obstruction,False,1874,1.0181,CLEAR,True,23.54,track_circuit,1.85,5.06,4.227,False,emergency_stop,emergency_stop,False
57.0,4.72,clear,False,49.6,1,environmental_false_positive,True,1569,1.0158,CLEAR,True,10.12,axle_counter,4.97,0.65,4.695,True,reduce_speed,reduce_speed,False
72.9,12.8,fog,False,85.0,8,broken_rail,False,737,0.9291,CLEAR,True,12.5,accelerometer,10.53,1.169,12.785,True,reduce_speed,reduce_speed,False
127.5,12.9,clear,False,88.7,4,cattle_crossing,False,191,1.0475,CLEAR,False,24.12,track_circuit,6.07,3.251,12.893,True,proceed_with_caution,proceed_with_caution,False
152.7,7.56,snow,False,94.7,4,signal_cable_theft,True,1591,0.9166,OCCUPIED,False,3.64,track_circuit,2.97,8.861,7.493,False,reroute,reroute,False
124.7,5.67,clear,False,43.7,8,fallen_tree,False,925,1.0054,CLEAR,False,23.73,track_circuit,2.73,3.11,5.638,True,reduce_speed,reduce_speed,False
100.1,15.14,clear,False,65.2,1,environmental_false_positive,False,429,,CLEAR,False,23.73,vibration,9.07,2.004,15.128,True,proceed_with_caution,proceed_with_caution,False
52.9,0.83,clear,False,33.4,2,environmental_false_positive,False,888,0.9634,CLEAR,False,23.86,accelerometer,0.94,0.56,0.817,False,emergency_stop,emergency_stop,False
166.8,14.83,rain,False,46.8,5,fallen_tree,True,1812,,OCCUPIED,True,2.14,track_circuit,5.33,7.234,14.746,True,reduce_speed,reduce_speed,False
122.1,4.36,rain,True,73.1,8,unknown_obstruction,False,1393,,CLEAR,True,14.65,axle_counter,2.14,3.876,4.313,True,reduce_speed,reduce_speed,False
128.5,18.07,fog,False,59.6,2,environmental_false_positive,False,1388,,CLEAR,False,21.04,axle_counter,8.44,3.633,18.02,True,reduce_speed,reduce_speed,False
117.7,8.39,rain,False,78.3,6,water_logging,False,1053,0.9881,CLEAR,True,8.19,vibration,4.28,3.602,8.356,True,reduce_speed,reroute,True
86.1,12.92,clear,False,88.7,8,unknown_obstruction,False,347,,CLEAR,True,14.97,vibration,9.0,1.483,12.912,True,reduce_speed,reduce_speed,False
87.8,2.6,clear,False,34.2,9,boulder,False,1902,1.0754,CLEAR,True,6.78,accelerometer,1.78,1.542,2.554,True,emergency_stop,emergency_stop,False
54.8,5.23,clear,False,95.7,10,landslide_debris,False,1493,0.9255,CLEAR,True,3.68,track_circuit,5.73,0.601,5.207,True,emergency_stop,emergency_stop,False
154.7,14.07,snow,True,33.0,7,stranded_vehicle,True,1055,1.115,CLEAR,True,21.38,track_circuit,5.46,9.094,14.025,True,reroute,reroute,False
87.1,11.1,clear,False,98.7,3,cattle_crossing,False,1462,1.0514,CLEAR,True,24.54,axle_counter,7.65,1.517,11.065,True,proceed_with_caution,proceed_with_caution,False
91.3,15.46,flood,True,74.6,5,stranded_vehicle,True,757,0.9833,OCCUPIED,False,2.21,axle_counter,10.16,2.834,15.441,True,reduce_speed,reduce_speed,False
199.0,11.36,clear,False,33.0,9,equipment_failure_ahead,False,1498,,OCCUPIED,True,3.47,axle_counter,3.43,7.92,11.277,True,emergency_stop,emergency_stop,False
104.8,11.47,clear,False,57.6,8,fallen_tree,True,1938,0.9617,CLEAR,True,14.92,track_circuit,6.57,2.197,11.414,True,reduce_speed,reduce_speed,False
124.2,17.19,clear,False,48.1,7,fallen_tree,False,722,,OCCUPIED,False,2.61,track_circuit,8.3,3.085,17.165,True,reduce_speed,reduce_speed,False
104.9,8.61,clear,False,85.9,6,signal_cable_theft,False,66,,CLEAR,True,15.96,accelerometer,4.92,2.201,8.608,True,reduce_speed,reduce_speed,False
90.0,17.92,heavy_rain,False,45.8,9,landslide_debris,False,1493,0.993,CLEAR,True,18.13,track_circuit,11.95,2.592,17.883,True,emergency_stop,emergency_stop,False
45.9,7.57,rain,False,87.8,3,sensor_miscount,True,1712,,CLEAR,False,10.66,axle_counter,9.9,0.548,7.548,True,proceed_with_caution,proceed_with_caution,False
177.5,6.71,clear,False,51.9,6,stranded_vehicle,False,1662,1.0428,OCCUPIED,True,19.03,vibration,2.27,6.301,6.628,True,reduce_speed,reduce_speed,False
118.3,15.63,fog,False,99.2,6,equipment_failure_ahead,True,1952,1.0102,CLEAR,True,3.28,track_circuit,7.93,3.079,15.566,True,reduce_speed,reduce_speed,False
156.6,0.43,rain,False,48.9,3,sensor_miscount,True,727,0.9719,CLEAR,True,7.88,track_circuit,0.16,6.376,0.398,False,reroute,reroute,False
193.6,3.61,snow,True,77.9,8,landslide_debris,False,1841,,CLEAR,False,20.29,track_circuit,1.12,14.243,3.511,False,emergency_stop,emergency_stop,False
45.4,1.62,flood,True,86.0,8,landslide_debris,False,455,,OCCUPIED,True,2.66,axle_counter,2.14,0.701,1.614,True,reduce_speed,reduce_speed,False
149.6,10.34,fog,False,45.2,10,landslide_debris,False,1195,,CLEAR,True,7.48,track_circuit,4.15,4.924,10.29,True,emergency_stop,emergency_stop,False
63.4,12.64,heavy_rain,True,35.3,6,equipment_failure_ahead,False,1782,0.9247,CLEAR,True,15.72,axle_counter,11.96,1.286,12.609,True,reduce_speed,reduce_speed,False
116.0,0.41,heavy_rain,False,68.6,2,sensor_miscount,False,1835,1.0541,CLEAR,False,6.56,track_circuit,0.21,4.306,0.351,False,emergency_stop,emergency_stop,False
176.3,3.4,rain,False,77.4,3,water_logging,True,1260,1.0104,CLEAR,True,12.28,track_circuit,1.16,8.081,3.338,False,reroute,reroute,False
56.1,6.19,fog,False,87.2,8,track_buckling,True,1115,,CLEAR,True,21.01,track_circuit,6.62,0.692,6.173,True,reroute,reroute,False
198.4,6.03,clear,False,49.1,6,unknown_obstruction,False,948,1.0353,CLEAR,True,7.11,track_circuit,1.82,7.873,5.978,False,emergency_stop,emergency_stop,False
135.0,2.12,fog,False,91.1,7,track_buckling,False,1742,,CLEAR,False,11.18,track_circuit,0.94,4.01,2.055,False,emergency_stop,emergency_stop,False
106.2,3.62,flood,False,94.1,2,sensor_miscount,False,1766,0.9373,CLEAR,True,0.95,accelerometer,2.05,3.835,3.568,False,emergency_stop,emergency_stop,False
48.0,16.97,clear,False,84.5,5,sensor_miscount,True,517,1.0784,OCCUPIED,True,17.86,track_circuit,21.21,0.461,16.963,True,reduce_speed,emergency_stop,True
136.0,14.07,heavy_rain,False,30.5,8,fallen_tree,True,315,0.8502,OCCUPIED,True,9.2,axle_counter,6.21,5.919,14.058,True,reduce_speed,reroute,True
121.7,6.06,snow,False,36.1,2,cattle_crossing,True,1637,1.0654,CLEAR,False,21.57,axle_counter,2.99,5.628,6.005,True,reduce_speed,reduce_speed,False
78.4,5.42,clear,False,99.8,9,track_buckling,False,1631,,CLEAR,True,2.67,vibration,4.15,1.229,5.384,True,emergency_stop,emergency_stop,False
121.0,1.79,rain,False,81.4,9,stranded_vehicle,True,244,1.0594,CLEAR,True,19.66,axle_counter,0.89,3.807,1.782,False,reroute,reroute,False
47.0,7.11,snow,False,73.9,5,equipment_failure_ahead,True,1007,1.0864,CLEAR,True,20.44,track_circuit,9.08,0.839,7.097,True,reduce_speed,reduce_speed,False
199.9,8.08,flood,True,93.1,4,sensor_miscount,False,1038,,CLEAR,False,19.51,axle_counter,2.43,13.586,8.022,False,emergency_stop,emergency_stop,False
96.5,18.1,clear,False,32.8,2,environmental_false_positive,True,132,,CLEAR,True,18.49,track_circuit,11.25,1.862,18.096,True,reduce_speed,reduce_speed,False
119.4,14.91,clear,False,83.0,4,cattle_crossing,True,1345,1.0189,OCCUPIED,False,6.33,vibration,7.49,2.851,14.865,True,proceed_with_caution,proceed_with_caution,False
166.6,9.69,fog,True,75.8,10,track_buckling,False,1947,0.932,OCCUPIED,True,10.71,track_circuit,3.49,6.106,9.6,True,emergency_stop,proceed_with_caution,True
155.5,2.87,clear,False,89.4,5,sensor_miscount,True,462,0.9801,CLEAR,True,9.96,vibration,1.11,4.836,2.85,False,reroute,reroute,False
182.7,13.19,clear,False,84.5,3,cattle_crossing,False,1568,,CLEAR,True,6.41,axle_counter,4.33,6.676,13.11,True,proceed_with_caution,proceed_with_caution,False
190.9,18.73,clear,False,63.9,7,boulder,False,207,0.9288,CLEAR,True,12.55,vibration,5.89,7.289,18.719,True,reduce_speed,emergency_stop,True
74.3,1.75,clear,False,35.0,3,water_logging,True,468,0.9719,CLEAR,True,17.59,track_circuit,1.41,1.104,1.74,True,reduce_speed,reduce_speed,False
105.5,17.0,rain,False,93.7,5,signal_cable_theft,True,1152,1.0452,CLEAR,True,12.23,vibration,9.67,2.894,16.966,True,reduce_speed,reduce_speed,False
151.5,3.77,fog,False,83.4,4,sensor_miscount,False,1852,,CLEAR,False,24.37,vibration,1.49,5.049,3.692,False,emergency_stop,emergency_stop,False
52.0,14.09,rain,False,54.9,7,fallen_tree,False,1777,,CLEAR,False,17.86,axle_counter,16.26,0.703,14.064,True,reduce_speed,reduce_speed,False
156.1,3.84,heavy_rain,True,98.9,9,unknown_obstruction,False,1874,1.0037,OCCUPIED,True,11.35,track_circuit,1.48,7.798,3.759,False,emergency_stop,emergency_stop,False
45.8,12.08,clear,False,51.8,9,stranded_vehicle,True,1976,0.9817,OCCUPIED,True,10.4,track_circuit,15.83,0.42,12.055,True,emergency_stop,emergency_stop,False
186.7,4.9,clear,False,55.9,7,fallen_tree,False,1611,0.8943,CLEAR,True,14.8,track_circuit,1.57,6.971,4.816,False,emergency_stop,emergency_stop,False
156.3,10.93,clear,False,98.2,9,track_buckling,False,758,,OCCUPIED,False,11.08,vibration,4.2,4.886,10.897,True,emergency_stop,emergency_stop,False
132.7,12.08,clear,True,76.8,1,environmental_false_positive,True,298,1.0575,CLEAR,True,5.94,axle_counter,5.46,3.522,12.069,True,reduce_speed,reduce_speed,False
111.5,12.45,clear,False,91.5,7,stranded_vehicle,False,1654,1.0718,OCCUPIED,True,13.27,vibration,6.7,2.486,12.399,True,reduce_speed,reduce_speed,False
198.1,13.72,clear,False,92.1,3,cattle_crossing,True,413,0.9485,CLEAR,True,16.98,vibration,4.16,7.849,13.697,True,proceed_with_caution,proceed_with_caution,False
159.2,1.57,clear,False,67.6,9,track_buckling,True,1065,1.0671,CLEAR,True,9.28,vibration,0.59,5.069,1.523,False,reroute,reroute,False
170.1,14.13,clear,False,48.7,4,sensor_miscount,True,1521,0.928,CLEAR,True,7.44,vibration,4.98,5.787,14.058,True,reduce_speed,reduce_speed,False
172.9,3.26,fog,False,89.3,4,environmental_false_positive,True,117,,OCCUPIED,True,5.83,axle_counter,1.13,6.577,3.254,False,reroute,reroute,False
48.4,13.61,rain,True,65.1,5,stranded_vehicle,False,1832,,CLEAR,True,9.39,axle_counter,16.87,0.609,13.585,True,reduce_speed,reduce_speed,False
53.5,2.66,snow,True,69.5,6,equipment_failure_ahead,True,641,0.9836,CLEAR,False,6.49,track_circuit,2.98,1.088,2.65,True,reduce_speed,reduce_speed,False
75.7,9.69,heavy_rain,True,67.9,7,landslide_debris,True,469,0.9585,OCCUPIED,True,19.2,vibration,7.68,1.834,9.68,True,reroute,reroute,False
146.6,7.86,rain,True,30.7,9,boulder,True,775,1.0076,OCCUPIED,True,16.15,accelerometer,3.22,5.588,7.828,True,emergency_stop,reroute,True
141.7,19.35,clear,False,33.2,8,broken_rail,False,949,1.0466,CLEAR,True,7.53,axle_counter,8.19,4.016,19.313,True,reduce_speed,reduce_speed,False
95.4,12.69,rain,False,73.1,5,sensor_miscount,False,936,,CLEAR,True,24.8,accelerometer,7.98,2.366,12.665,True,reduce_speed,reduce_speed,False
195.8,1.95,clear,False,85.6,4,fallen_tree,True,352,1.0076,CLEAR,True,16.32,accelerometer,0.6,7.668,1.931,False,reroute,reroute,False
59.4,14.08,clear,False,62.0,4,cattle_crossing,False,419,,OCCUPIED,False,3.99,axle_counter,14.22,0.706,14.073,True,proceed_with_caution,proceed_with_caution,False
165.4,4.04,clear,False,43.3,8,fallen_tree,False,982,0.9752,CLEAR,True,20.82,vibration,1.47,5.471,3.995,False,emergency_stop,emergency_stop,False
119.5,5.87,clear,False,58.5,3,cattle_crossing,False,491,0.9672,CLEAR,True,18.97,axle_counter,2.95,2.856,5.854,True,reduce_speed,reduce_speed,False
109.9,7.69,clear,False,83.8,4,signal_cable_theft,False,1303,0.949,OCCUPIED,True,12.75,track_circuit,4.2,2.416,7.65,True,reduce_speed,reduce_speed,False
49.0,15.57,fog,False,37.6,6,equipment_failure_ahead,False,1804,1.12,CLEAR,True,6.22,track_circuit,19.07,0.528,15.545,True,reduce_speed,reduce_speed,False
157.8,18.89,heavy_rain,False,69.2,5,water_logging,False,86,1.0896,CLEAR,True,20.37,axle_counter,7.18,7.968,18.886,True,reduce_speed,reduce_speed,False
164.6,18.5,fog,False,79.2,5,signal_cable_theft,False,120,0.9823,CLEAR,False,3.55,vibration,6.74,5.96,18.495,True,reduce_speed,reduce_speed,False
94.4,3.58,rain,False,59.1,4,cattle_crossing,False,1304,1.0708,OCCUPIED,True,10.74,track_circuit,2.28,2.317,3.546,True,reduce_speed,reduce_speed,False
125.1,1.4,rain,False,72.1,8,fallen_tree,False,105,0.9684,CLEAR,True,20.52,vibration,0.67,4.069,1.396,False,emergency_stop,emergency_stop,False
139.0,16.6,clear,False,91.8,4,fallen_tree,False,1298,,CLEAR,False,20.14,vibration,7.17,3.864,16.55,True,reduce_speed,reduce_speed,False
102.0,5.91,fog,False,44.9,5,equipment_failure_ahead,False,1006,0.9364,CLEAR,False,15.93,vibration,3.48,2.289,5.881,True,reduce_speed,reduce_speed,False
140.4,11.74,rain,False,39.5,9,track_buckling,False,937,,OCCUPIED,True,0.69,track_circuit,5.02,5.125,11.703,True,emergency_stop,emergency_stop,False
112.3,19.58,clear,False,34.3,1,environmental_false_positive,False,1233,0.9652,CLEAR,True,8.66,axle_counter,10.46,2.522,19.542,True,reduce_speed,reduce_speed,False
181.1,3.89,clear,False,80.8,8,boulder,False,1796,,CLEAR,True,21.4,track_circuit,1.29,6.559,3.8,False,emergency_stop,emergency_stop,False
156.4,7.62,snow,True,93.0,2,environmental_false_positive,False,298,1.0256,OCCUPIED,True,18.17,track_circuit,2.92,9.295,7.607,False,emergency_stop,emergency_stop,False
62.1,17.38,rain,True,78.3,10,track_buckling,True,313,1.0393,CLEAR,True,20.36,track_circuit,16.79,1.003,17.375,True,emergency_stop,emergency_stop,False
168.9,13.07,rain,True,98.4,9,equipment_failure_ahead,False,1409,0.9926,OCCUPIED,True,2.04,track_circuit,4.64,7.417,13.004,True,emergency_stop,emergency_stop,False
97.3,18.76,rain,False,79.6,3,sensor_miscount,True,150,0.9405,CLEAR,False,23.55,track_circuit,11.57,2.461,18.756,True,proceed_with_caution,proceed_with_caution,False
190.0,12.71,clear,False,50.2,10,landslide_debris,True,886,,CLEAR,True,6.11,axle_counter,4.01,7.22,12.663,True,emergency_stop,emergency_stop,False
138.5,6.21,rain,False,47.9,2,sensor_miscount,True,1017,1.0955,CLEAR,True,8.64,axle_counter,2.69,4.987,6.171,True,reduce_speed,reduce_speed,False
49.3,16.14,clear,False,76.7,8,broken_rail,True,814,,OCCUPIED,True,21.09,track_circuit,19.64,0.486,16.129,True,reroute,reroute,False
158.8,15.23,clear,False,77.3,5,stranded_vehicle,False,1089,1.0854,CLEAR,False,10.45,accelerometer,5.75,5.043,15.182,True,reduce_speed,reduce_speed,False
65.3,18.69,fog,False,66.7,4,fallen_tree,True,271,1.1066,CLEAR,True,16.26,axle_counter,17.17,0.938,18.685,True,reduce_speed,reduce_speed,False
181.0,9.63,clear,False,66.9,2,sensor_miscount,True,570,,CLEAR,True,14.03,accelerometer,3.19,6.552,9.601,True,proceed_with_caution,proceed_with_caution,False
192.0,10.16,heavy_rain,False,59.2,3,sensor_miscount,True,59,,OCCUPIED,False,21.72,axle_counter,3.17,11.796,10.157,False,reroute,reroute,False
152.8,6.61,clear,False,54.5,4,fallen_tree,True,1926,0.9459,OCCUPIED,True,4.33,track_circuit,2.6,4.67,6.528,True,reduce_speed,reduce_speed,False
127.6,5.52,fog,False,74.4,6,unknown_obstruction,False,1673,1.062,CLEAR,True,2.9,accelerometer,2.6,3.582,5.461,True,reduce_speed,reduce_speed,False
138.3,19.93,rain,False,82.3,5,fallen_tree,False,545,1.0497,CLEAR,True,15.99,accelerometer,8.65,4.973,19.909,True,reduce_speed,reduce_speed,False
111.5,19.55,fog,False,86.9,8,landslide_debris,True,120,,CLEAR,True,21.19,axle_counter,10.52,2.735,19.546,True,reroute,reroute,False
58.0,10.69,rain,True,51.5,8,broken_rail,False,577,1.0242,CLEAR,True,23.12,axle_counter,11.06,0.875,10.681,True,reduce_speed,reduce_speed,False
189.0,19.11,flood,True,90.0,6,boulder,False,1915,0.9486,OCCUPIED,True,10.3,axle_counter,6.07,12.145,19.009,True,reduce_speed,reduce_speed,False
96.0,7.25,rain,False,51.2,7,fallen_tree,False,1632,0.9796,CLEAR,True,18.5,axle_counter,4.53,2.396,7.206,True,reduce_speed,reduce_speed,False
93.5,17.03,fog,False,51.3,3,cattle_crossing,True,1335,0.9604,CLEAR,False,10.07,vibration,10.93,1.923,16.995,True,reduce_speed,reduce_speed,False
74.7,12.77,fog,False,86.4,4,fallen_tree,False,1850,,CLEAR,True,8.31,axle_counter,10.26,1.228,12.732,True,reduce_speed,reduce_speed,False
198.8,14.4,clear,False,97.9,9,track_buckling,True,394,0.959,CLEAR,False,1.09,track_circuit,4.35,7.904,14.378,True,emergency_stop,emergency_stop,False
191.1,14.42,clear,False,95.3,3,sensor_miscount,True,1096,,CLEAR,True,6.63,track_circuit,4.53,7.304,14.362,True,proceed_with_caution,proceed_with_caution,False
99.2,12.79,clear,False,37.8,3,cattle_crossing,False,1598,0.9515,CLEAR,False,4.67,track_circuit,7.74,1.968,12.746,True,reduce_speed,reduce_speed,False
85.3,17.08,clear,False,50.2,1,environmental_false_positive,True,87,,OCCUPIED,True,7.08,track_circuit,12.01,1.455,17.078,True,reduce_speed,reduce_speed,False
169.8,7.96,clear,False,83.2,10,broken_rail,True,898,,CLEAR,True,7.57,track_circuit,2.81,5.766,7.918,True,emergency_stop,emergency_stop,False
110.5,17.01,clear,False,86.4,3,cattle_crossing,True,743,,CLEAR,True,21.54,accelerometer,9.24,2.442,16.987,True,proceed_with_caution,proceed_with_caution,False
195.0,3.83,rain,False,65.3,7,fallen_tree,False,394,,CLEAR,True,5.48,track_circuit,1.18,9.886,3.809,False,emergency_stop,emergency_stop,False
184.7,4.16,clear,False,31.1,4,environmental_false_positive,True,486,1.035,CLEAR,False,20.57,track_circuit,1.35,6.823,4.135,False,reroute,reroute,False
162.7,14.4,heavy_rain,True,65.1,7,track_buckling,True,1938,1.0443,OCCUPIED,False,21.55,track_circuit,5.31,8.471,14.312,True,reroute,reroute,False
58.9,15.05,clear,True,32.2,8,fallen_tree,True,1046,1.049,CLEAR,True,11.86,axle_counter,15.33,0.694,15.033,True,reduce_speed,reduce_speed,False
153.8,18.07,fog,False,49.7,3,environmental_false_positive,True,209,1.062,CLEAR,False,18.25,axle_counter,7.05,5.204,18.061,True,reduce_speed,reduce_speed,False
198.0,5.64,clear,False,76.0,5,sensor_miscount,False,1381,1.1503,CLEAR,True,8.31,axle_counter,1.71,7.841,5.564,False,emergency_stop,emergency_stop,False
102.9,1.31,rain,False,39.4,10,broken_rail,True,1203,1.0481,CLEAR,True,0.94,accelerometer,0.76,2.753,1.276,False,reroute,reroute,False
181.6,10.25,clear,False,79.9,8,landslide_debris,False,815,1.0172,OCCUPIED,False,17.89,accelerometer,3.39,6.596,10.209,True,reduce_speed,reduce_speed,False
108.3,17.53,fog,False,73.5,6,boulder,True,824,0.9721,CLEAR,True,15.36,vibration,9.71,2.58,17.505,True,reduce_speed,reduce_speed,False
195.6,19.44,clear,False,60.1,2,cattle_crossing,False,1098,1.0186,CLEAR,True,11.8,vibration,5.96,7.652,19.38,True,proceed_with_caution,proceed_with_caution,False
146.3,17.18,snow,False,56.1,5,sensor_miscount,False,1862,1.0692,OCCUPIED,False,22.52,track_circuit,7.05,8.133,17.104,True,reduce_speed,reduce_speed,False
60.0,9.9,clear,False,94.0,3,cattle_crossing,True,1532,,CLEAR,True,18.32,axle_counter,9.9,0.72,9.874,True,proceed_with_caution,proceed_with_caution,False
119.3,17.29,rain,True,68.7,10,landslide_debris,True,831,,CLEAR,True,10.93,track_circuit,8.7,3.7,17.262,True,emergency_stop,emergency_stop,False
52.7,4.44,clear,False,92.2,8,track_buckling,False,530,,OCCUPIED,False,1.81,vibration,5.06,0.555,4.432,True,reduce_speed,reduce_speed,False
106.2,18.44,rain,True,58.9,10,broken_rail,False,262,0.9861,OCCUPIED,True,21.96,track_circuit,10.42,2.932,18.432,True,emergency_stop,emergency_stop,False
186.9,11.42,rain,False,71.6,5,sensor_miscount,True,432,1.0313,CLEAR,True,24.62,track_circuit,3.67,9.082,11.398,True,reduce_speed,reduce_speed,False
81.0,7.91,clear,False,96.8,7,landslide_debris,True,318,,CLEAR,False,16.05,track_circuit,5.86,1.312,7.903,True,reroute,reroute,False
192.3,11.72,clear,False,38.7,8,landslide_debris,False,1621,1.0275,CLEAR,True,19.32,axle_counter,3.66,7.396,11.633,True,reduce_speed,reduce_speed,False
60.5,15.72,clear,False,48.4,5,fallen_tree,True,1173,0.9309,CLEAR,True,12.9,vibration,15.59,0.732,15.7,True,reduce_speed,emergency_stop,True
148.0,4.95,clear,False,94.2,10,landslide_debris,True,122,1.0526,CLEAR,True,6.3,track_circuit,2.01,4.381,4.945,True,emergency_stop,emergency_stop,False
194.7,2.22,flood,True,59.5,2,cattle_crossing,True,1857,,OCCUPIED,False,22.85,axle_counter,0.68,12.889,2.12,False,reroute,reroute,False
146.4,14.72,clear,False,49.0,8,boulder,False,343,,OCCUPIED,True,17.36,track_circuit,6.03,4.287,14.706,True,reduce_speed,reduce_speed,False
184.3,19.06,clear,True,99.8,4,signal_cable_theft,True,1309,1.0165,CLEAR,True,13.94,vibration,6.21,6.793,18.993,True,reduce_speed,reroute,True
198.6,12.81,flood,False,37.2,2,environmental_false_positive,True,74,,CLEAR,True,17.21,track_circuit,3.87,13.41,12.806,False,reroute,reroute,False
144.5,3.02,clear,False,72.8,9,equipment_failure_ahead,True,1198,1.0265,OCCUPIED,True,13.04,track_circuit,1.25,4.176,2.972,False,reroute,reroute,False
166.3,12.94,clear,False,85.2,7,equipment_failure_ahead,False,1133,0.9876,CLEAR,True,1.93,axle_counter,4.67,5.531,12.888,True,reduce_speed,reduce_speed,False
50.0,2.51,fog,False,85.1,8,fallen_tree,False,1823,0.9825,CLEAR,True,16.68,axle_counter,3.01,0.55,2.485,True,reduce_speed,reduce_speed,False
111.2,6.21,snow,True,60.9,8,landslide_debris,False,1220,0.8939,CLEAR,True,0.63,vibration,3.35,4.699,6.172,True,reduce_speed,reduce_speed,False
89.7,0.83,fog,False,33.1,7,fallen_tree,False,1004,,CLEAR,True,5.9,axle_counter,0.56,1.77,0.805,False,emergency_stop,emergency_stop,False
172.7,9.85,rain,False,88.9,4,sensor_miscount,False,1086,,CLEAR,True,4.32,accelerometer,3.42,7.755,9.798,True,proceed_with_caution,proceed_with_caution,False
150.0,6.56,flood,True,86.2,9,landslide_debris,False,1285,1.0969,OCCUPIED,True,8.83,track_circuit,2.62,7.65,6.506,False,emergency_stop,emergency_stop,False
140.2,2.13,clear,False,46.6,6,stranded_vehicle,False,858,0.9855,CLEAR,True,22.75,track_circuit,0.91,3.931,2.097,False,emergency_stop,emergency_stop,False
189.4,6.32,flood,True,53.8,4,fallen_tree,False,1442,,CLEAR,True,2.45,accelerometer,2.0,12.197,6.244,False,emergency_stop,emergency_stop,False
58.8,13.02,heavy_rain,False,65.9,9,track_buckling,True,1082,1.0625,CLEAR,True,9.26,track_circuit,13.29,1.106,13.002,True,emergency_stop,emergency_stop,False
192.8,5.92,snow,False,38.0,4,sensor_miscount,False,1940,1.0577,OCCUPIED,False,19.11,vibration,1.84,14.125,5.816,False,emergency_stop,emergency_stop,False
60.6,3.03,clear,False,87.4,5,signal_cable_theft,True,428,1.0028,CLEAR,True,21.65,track_circuit,3.0,0.734,3.023,True,reduce_speed,reduce_speed,False
98.8,10.99,clear,False,94.5,4,cattle_crossing,True,1472,0.9283,OCCUPIED,True,18.54,axle_counter,6.67,1.952,10.95,True,proceed_with_caution,proceed_with_caution,False
142.7,15.11,fog,True,51.6,6,unknown_obstruction,True,1661,,OCCUPIED,True,24.15,track_circuit,6.35,4.48,15.044,True,reduce_speed,reduce_speed,False
97.9,16.64,rain,False,94.7,6,boulder,False,1451,0.9811,CLEAR,True,17.55,axle_counter,10.2,2.492,16.601,True,reduce_speed,reduce_speed,False
150.8,9.55,rain,False,86.1,7,boulder,False,1963,,OCCUPIED,True,18.75,vibration,3.8,5.913,9.468,True,reduce_speed,reduce_speed,False
165.2,14.28,snow,True,80.9,4,water_logging,False,896,0.9263,OCCUPIED,True,10.84,track_circuit,5.19,10.371,14.239,True,reduce_speed,reduce_speed,False
173.4,16.7,rain,True,97.8,4,signal_cable_theft,False,1104,0.9828,CLEAR,True,7.9,track_circuit,5.78,7.818,16.647,True,reduce_speed,reduce_speed,False
72.8,13.52,clear,False,52.7,8,broken_rail,True,350,0.8246,OCCUPIED,False,11.82,track_circuit,11.14,1.06,13.513,True,reroute,reroute,False
73.2,10.64,clear,False,94.1,10,landslide_debris,False,780,0.982,CLEAR,True,19.31,track_circuit,8.72,1.072,10.624,True,emergency_stop,emergency_stop,False
53.1,1.39,clear,False,36.9,6,equipment_failure_ahead,True,361,1.0075,OCCUPIED,True,16.43,track_circuit,1.57,0.564,1.385,True,reduce_speed,reduce_speed,False
121.1,5.94,clear,False,63.5,5,fallen_tree,False,1594,,CLEAR,True,19.41,accelerometer,2.94,2.933,5.886,True,reduce_speed,reduce_speed,False
66.3,6.53,clear,False,68.6,9,stranded_vehicle,True,1576,0.9838,CLEAR,True,15.88,track_circuit,5.91,0.879,6.501,True,emergency_stop,emergency_stop,False
94.4,8.02,heavy_rain,False,38.6,6,signal_cable_theft,True,426,1.0098,CLEAR,False,18.46,axle_counter,5.1,2.852,8.009,True,reduce_speed,reduce_speed,False
175.3,19.03,fog,False,81.6,5,equipment_failure_ahead,False,1616,,CLEAR,True,4.31,axle_counter,6.51,6.761,18.951,True,reduce_speed,reduce_speed,False
192.0,4.34,rain,True,63.3,7,signal_cable_theft,True,675,1.0633,CLEAR,False,8.43,track_circuit,1.36,9.585,4.304,False,reroute,reroute,False
172.4,10.92,clear,False,61.9,8,equipment_failure_ahead,True,1473,1.0183,CLEAR,True,14.25,track_circuit,3.8,5.944,10.849,True,reduce_speed,reduce_speed,False
45.1,19.83,fog,False,70.7,7,track_buckling,False,1883,0.9982,OCCUPIED,True,0.91,vibration,26.38,0.447,19.806,True,reduce_speed,reduce_speed,False
133.0,12.45,heavy_rain,True,39.4,9,broken_rail,False,1668,,CLEAR,True,22.85,axle_counter,5.62,5.66,12.388,True,emergency_stop,emergency_stop,False
70.8,4.34,snow,False,44.0,3,environmental_false_positive,True,413,1.108,CLEAR,True,6.37,vibration,3.68,1.905,4.332,True,reduce_speed,reduce_speed,False
103.2,19.21,rain,True,42.6,4,cattle_crossing,False,401,,OCCUPIED,True,2.67,axle_counter,11.17,2.769,19.199,True,reduce_speed,reduce_speed,False
111.3,6.86,heavy_rain,True,96.6,7,stranded_vehicle,False,268,1.0156,OCCUPIED,True,16.77,axle_counter,3.7,3.964,6.852,True,reduce_speed,reduce_speed,False
191.2,1.15,rain,False,84.1,8,equipment_failure_ahead,True,1692,,CLEAR,False,5.25,accelerometer,0.36,9.505,1.06,False,reroute,reroute,False
143.2,8.74,rain,False,67.0,7,boulder,True,1115,1.0029,OCCUPIED,True,14.27,accelerometer,3.66,5.332,8.696,True,reduce_speed,proceed_with_caution,True
86.5,4.96,heavy_rain,True,76.2,3,water_logging,False,354,0.9488,CLEAR,True,6.6,accelerometer,3.44,2.394,4.951,True,reduce_speed,reduce_speed,False
144.6,16.41,clear,False,75.5,9,unknown_obstruction,False,1196,1.0275,CLEAR,False,4.57,track_circuit,6.81,4.182,16.362,True,emergency_stop,emergency_stop,False
192.5,4.56,clear,False,48.4,8,unknown_obstruction,True,1083,1.0102,CLEAR,True,18.51,accelerometer,1.42,7.411,4.502,False,reroute,reroute,False
54.2,16.43,clear,False,36.1,9,equipment_failure_ahead,False,1215,0.9869,CLEAR,False,10.02,vibration,18.19,0.588,16.412,True,emergency_stop,emergency_stop,False
171.5,0.92,rain,True,68.8,8,unknown_obstruction,False,1288,,OCCUPIED,False,14.57,vibration,0.32,7.647,0.859,False,emergency_stop,emergency_stop,False
78.6,18.6,rain,True,48.4,9,landslide_debris,False,370,0.8912,CLEAR,True,5.8,vibration,14.2,1.606,18.592,True,emergency_stop,emergency_stop,False
68.7,1.04,fog,False,91.1,6,unknown_obstruction,False,805,0.9676,CLEAR,False,14.03,accelerometer,0.91,1.038,1.025,False,emergency_stop,emergency_stop,False
184.3,18.78,clear,False,46.5,6,water_logging,False,1456,0.9473,CLEAR,True,10.82,axle_counter,6.11,6.793,18.705,True,reduce_speed,reduce_speed,False
45.3,1.66,clear,False,70.1,4,signal_cable_theft,True,1823,,CLEAR,True,1.75,vibration,2.2,0.41,1.637,True,reduce_speed,reduce_speed,False
159.9,17.48,heavy_rain,True,59.4,4,water_logging,False,522,0.9908,CLEAR,True,18.3,vibration,6.56,8.182,17.457,True,reduce_speed,reduce_speed,False
58.5,16.66,clear,False,82.0,4,environmental_false_positive,False,1164,0.9454,CLEAR,True,14.03,vibration,17.09,0.684,16.641,True,proceed_with_caution,proceed_with_caution,False
140.8,11.97,snow,True,96.6,4,cattle_crossing,False,1899,1.1006,OCCUPIED,True,23.22,vibration,5.1,7.533,11.896,True,reduce_speed,reduce_speed,False
141.2,0.91,clear,False,58.8,1,environmental_false_positive,False,1222,1.0271,CLEAR,True,20.29,track_circuit,0.39,3.987,0.862,False,emergency_stop,emergency_stop,False
178.7,12.5,rain,False,33.1,7,track_buckling,True,494,0.9523,CLEAR,True,14.49,track_circuit,4.2,8.303,12.475,True,reroute,reroute,False
172.5,12.43,rain,True,76.3,8,track_buckling,False,1189,,CLEAR,True,1.55,track_circuit,4.32,7.737,12.373,True,reduce_speed,reduce_speed,False
151.2,11.23,heavy_rain,False,39.0,6,water_logging,False,83,,CLEAR,True,18.92,vibration,4.46,7.316,11.227,True,reduce_speed,reduce_speed,False
104.0,12.7,clear,False,37.3,10,landslide_debris,True,1004,0.9802,OCCUPIED,True,13.95,vibration,7.33,2.163,12.671,True,emergency_stop,emergency_stop,False
70.8,19.37,snow,False,76.3,3,sensor_miscount,True,1157,0.9619,OCCUPIED,False,20.96,vibration,16.42,1.905,19.347,True,proceed_with_caution,proceed_with_caution,False
143.5,19.91,rain,False,37.2,6,fallen_tree,False,160,,CLEAR,False,14.65,vibration,8.32,5.354,19.904,True,reduce_speed,reduce_speed,False
122.0,10.51,rain,True,39.0,1,cattle_crossing,False,445,0.9007,CLEAR,False,0.55,axle_counter,5.17,3.87,10.495,True,reduce_speed,reduce_speed,False
57.1,2.02,rain,False,60.7,8,landslide_debris,False,1979,1.0031,OCCUPIED,True,20.47,track_circuit,2.12,0.848,1.989,True,reduce_speed,reduce_speed,False
193.1,2.85,clear,False,61.7,9,boulder,True,1276,0.9922,CLEAR,True,20.08,axle_counter,0.89,7.458,2.782,False,reroute,reroute,False
93.7,14.46,rain,True,94.0,4,signal_cable_theft,False,944,0.9851,OCCUPIED,True,2.94,accelerometer,9.26,2.283,14.435,True,reduce_speed,reduce_speed,False
45.3,19.64,clear,False,49.3,7,fallen_tree,True,497,0.8836,CLEAR,True,17.25,axle_counter,26.01,0.41,19.634,True,reduce_speed,reduce_speed,False
184.8,8.83,clear,False,58.1,10,track_buckling,False,292,,CLEAR,True,13.39,accelerometer,2.87,6.83,8.815,True,emergency_stop,emergency_stop,False
134.4,2.14,rain,False,79.5,8,track_buckling,False,885,1.0108,CLEAR,True,14.95,accelerometer,0.96,4.696,2.107,False,emergency_stop,emergency_stop,False
158.6,7.19,rain,False,87.9,8,track_buckling,False,1114,1.0426,CLEAR,False,22.29,track_circuit,2.72,6.54,7.141,True,reduce_speed,reduce_speed,False
68.7,7.82,clear,False,54.4,5,signal_cable_theft,False,400,1.029,OCCUPIED,True,6.61,vibration,6.83,0.944,7.812,True,reduce_speed,reduce_speed,False
107.7,19.93,clear,False,74.2,7,boulder,True,1612,,CLEAR,True,0.82,axle_counter,11.1,2.32,19.882,True,reduce_speed,reduce_speed,False
145.0,13.79,clear,False,73.7,8,stranded_vehicle,True,886,,CLEAR,True,5.61,axle_counter,5.71,4.205,13.754,True,reroute,reroute,False
83.9,2.53,clear,False,51.2,2,sensor_miscount,False,158,0.9859,CLEAR,True,22.92,track_circuit,1.81,1.408,2.526,True,reduce_speed,reduce_speed,False
153.7,6.87,rain,False,38.3,3,cattle_crossing,False,316,1.1503,CLEAR,True,5.68,track_circuit,2.68,6.142,6.857,True,reduce_speed,reduce_speed,False
81.2,1.16,clear,False,77.8,8,broken_rail,False,1731,1.0636,OCCUPIED,False,17.03,track_circuit,0.86,1.319,1.121,False,emergency_stop,emergency_stop,False
77.4,13.13,snow,False,48.8,4,fallen_tree,False,709,0.9128,CLEAR,True,19.85,axle_counter,10.18,2.276,13.115,True,reduce_speed,reduce_speed,False
46.8,13.52,clear,False,52.3,8,unknown_obstruction,False,777,,OCCUPIED,True,20.42,track_circuit,17.33,0.438,13.51,True,reduce_speed,reduce_speed,False
88.7,1.34,clear,False,70.1,5,water_logging,True,438,0.9372,CLEAR,True,0.76,axle_counter,0.91,1.574,1.329,False,reroute,reroute,False
83.2,6.84,snow,True,41.3,8,fallen_tree,True,1626,0.9741,OCCUPIED,True,0.73,axle_counter,4.93,2.63,6.802,True,reduce_speed,reduce_speed,False
163.5,18.08,clear,False,46.9,7,unknown_obstruction,False,1642,,OCCUPIED,False,24.73,axle_counter,6.63,5.346,18.005,True,reduce_speed,reduce_speed,False
133.3,16.57,clear,False,61.2,7,signal_cable_theft,True,523,,CLEAR,False,13.42,accelerometer,7.46,3.554,16.551,True,reduce_speed,reduce_speed,False
72.6,11.57,flood,True,91.5,8,broken_rail,False,1472,,CLEAR,True,2.06,axle_counter,9.56,1.792,11.54,True,reduce_speed,reduce_speed,False
133.1,9.8,snow,False,84.1,6,unknown_obstruction,False,932,,CLEAR,False,1.16,track_circuit,4.42,6.732,9.766,True,reduce_speed,reduce_speed,False
79.9,19.86,fog,True,52.2,7,landslide_debris,False,375,,CLEAR,True,20.36,accelerometer,14.91,1.404,19.852,True,reduce_speed,reduce_speed,False
111.0,14.5,clear,False,51.1,1,environmental_false_positive,True,1602,0.9841,CLEAR,False,22.67,vibration,7.84,2.464,14.451,True,reduce_speed,reduce_speed,False
182.7,19.06,rain,True,99.1,5,sensor_miscount,False,211,1.0188,CLEAR,True,13.35,vibration,6.26,8.679,19.049,True,reduce_speed,reduce_speed,False
156.5,1.62,flood,True,75.7,6,stranded_vehicle,True,1755,0.9535,OCCUPIED,False,9.61,vibration,0.62,8.327,1.544,False,reroute,reroute,False
145.9,4.4,snow,True,78.0,4,fallen_tree,False,100,,OCCUPIED,False,17.71,track_circuit,1.81,8.089,4.396,False,emergency_stop,emergency_stop,False
88.6,0.82,clear,False,33.9,8,boulder,False,680,,CLEAR,True,1.05,vibration,0.56,1.57,0.803,False,emergency_stop,emergency_stop,False
64.3,17.38,clear,False,37.3,7,equipment_failure_ahead,False,492,0.9779,OCCUPIED,True,22.52,track_circuit,16.22,0.827,17.371,True,reduce_speed,reduce_speed,False
161.7,13.95,clear,False,50.6,7,boulder,True,509,,CLEAR,True,6.77,axle_counter,5.18,5.229,13.927,True,reduce_speed,reduce_speed,False
133.0,3.72,clear,False,88.9,5,fallen_tree,True,986,1.0178,CLEAR,True,5.18,track_circuit,1.68,3.538,3.684,False,reroute,reroute,False
141.5,19.49,fog,False,93.7,3,sensor_miscount,True,1516,,CLEAR,True,8.11,vibration,8.26,4.405,19.43,True,proceed_with_caution,proceed_with_caution,False
196.1,19.12,clear,False,43.4,4,sensor_miscount,False,830,1.0679,OCCUPIED,True,2.06,track_circuit,5.85,7.691,19.075,True,reduce_speed,proceed_with_caution,True
99.0,4.65,clear,False,80.0,7,boulder,False,1056,1.0638,CLEAR,True,10.04,track_circuit,2.82,1.96,4.621,True,reduce_speed,reduce_speed,False
169.1,13.01,clear,False,91.2,3,environmental_false_positive,False,1945,,CLEAR,True,18.01,track_circuit,4.62,5.719,12.919,True,proceed_with_caution,proceed_with_caution,False
131.6,13.43,rain,False,91.5,2,cattle_crossing,True,1021,0.9845,CLEAR,False,12.71,vibration,6.12,4.503,13.393,True,proceed_with_caution,proceed_with_caution,False
81.5,0.28,clear,False,62.1,1,environmental_false_positive,True,1595,1.1058,CLEAR,True,16.87,track_circuit,0.21,1.328,0.244,False,reroute,reroute,False
53.2,13.84,clear,False,48.1,10,landslide_debris,False,800,,CLEAR,True,5.74,axle_counter,15.61,0.566,13.828,True,emergency_stop,emergency_stop,False
140.5,4.58,clear,False,96.9,7,landslide_debris,False,202,0.9091,OCCUPIED,True,10.25,track_circuit,1.96,3.948,4.572,True,reduce_speed,reduce_speed,False
91.1,18.05,flood,True,49.4,6,signal_cable_theft,False,549,1.0717,OCCUPIED,False,13.23,vibration,11.89,2.822,18.036,True,reduce_speed,reduce_speed,False
152.8,16.8,clear,False,47.7,9,boulder,True,360,1.1034,CLEAR,True,14.53,track_circuit,6.6,4.67,16.785,True,emergency_stop,emergency_stop,False
153.6,18.12,rain,False,44.4,1,cattle_crossing,True,1819,,OCCUPIED,True,5.07,accelerometer,7.08,6.134,18.042,True,reduce_speed,reduce_speed,False
115.6,15.2,clear,False,67.3,9,landslide_debris,False,101,0.972,OCCUPIED,True,20.29,track_circuit,7.89,2.673,15.197,True,emergency_stop,emergency_stop,False
128.1,3.47,clear,False,37.5,2,environmental_false_positive,False,1654,0.9793,OCCUPIED,True,2.71,track_circuit,1.63,3.282,3.411,False,emergency_stop,emergency_stop,False
142.1,7.34,clear,False,69.9,8,unknown_obstruction,False,319,1.1026,CLEAR,False,2.91,track_circuit,3.1,4.038,7.327,True,reduce_speed,reduce_speed,False
117.6,14.24,clear,False,96.1,3,environmental_false_positive,False,343,,CLEAR,True,6.62,track_circuit,7.27,2.766,14.229,True,proceed_with_caution,proceed_with_caution,False
181.0,6.6,clear,False,65.3,6,equipment_failure_ahead,False,1082,,CLEAR,True,16.53,axle_counter,2.19,6.552,6.546,False,emergency_stop,emergency_stop,False
56.8,14.26,rain,False,97.6,7,unknown_obstruction,False,208,1.14,OCCUPIED,True,2.39,track_circuit,15.06,0.839,14.257,True,reduce_speed,reduce_speed,False
196.9,6.86,fog,False,93.4,6,water_logging,False,199,0.9395,CLEAR,True,0.69,accelerometer,2.09,8.529,6.849,False,emergency_stop,emergency_stop,False
50.2,3.72,clear,False,85.5,6,water_logging,True,1563,0.9946,CLEAR,True,12.07,axle_counter,4.45,0.504,3.698,True,reduce_speed,reduce_speed,False
77.3,10.46,clear,False,72.6,6,unknown_obstruction,True,166,1.0114,CLEAR,True,8.99,track_circuit,8.12,1.195,10.456,True,reduce_speed,reduce_speed,False
154.8,13.79,rain,False,91.6,9,unknown_obstruction,False,1215,0.9873,CLEAR,True,4.34,axle_counter,5.34,6.23,13.738,True,emergency_stop,emergency_stop,False
58.2,10.44,clear,False,68.8,5,equipment_failure_ahead,False,280,0.8896,CLEAR,True,16.57,track_circuit,10.76,0.677,10.435,True,reduce_speed,reduce_speed,False
85.6,12.91,clear,True,44.5,4,sensor_miscount,False,217,1.0602,OCCUPIED,True,16.22,track_circuit,9.05,1.465,12.905,True,reduce_speed,reduce_speed,False
68.9,8.87,clear,False,94.8,7,track_buckling,True,1356,0.9549,CLEAR,True,3.49,track_circuit,7.72,0.949,8.844,True,reroute,reroute,False
157.2,15.61,clear,False,65.2,9,equipment_failure_ahead,False,815,0.9539,CLEAR,True,6.13,track_circuit,5.96,4.942,15.574,True,emergency_stop,emergency_stop,False
134.7,13.07,rain,False,93.5,7,equipment_failure_ahead,True,87,,CLEAR,True,9.44,track_circuit,5.82,4.717,13.067,True,reduce_speed,reduce_speed,False
55.0,11.58,flood,False,57.5,7,signal_cable_theft,True,1379,0.9862,CLEAR,False,24.76,accelerometer,12.63,1.029,11.559,True,reduce_speed,reduce_speed,False
116.3,8.82,flood,True,53.5,4,environmental_false_positive,False,1941,,CLEAR,False,19.33,vibration,4.55,4.599,8.757,True,reduce_speed,reduce_speed,False
77.3,10.81,flood,True,83.6,2,cattle_crossing,False,1144,1.0578,OCCUPIED,False,8.76,accelerometer,8.39,2.032,10.785,True,reduce_speed,reduce_speed,False
195.0,1.21,clear,True,74.4,5,equipment_failure_ahead,True,792,1.0701,CLEAR,True,24.15,track_circuit,0.37,7.605,1.167,False,reroute,reroute,False
61.7,13.4,clear,False,60.8,9,landslide_debris,False,1696,0.9844,CLEAR,False,11.65,accelerometer,13.03,0.761,13.371,True,emergency_stop,emergency_stop,False
137.7,4.25,clear,False,91.5,2,environmental_false_positive,False,706,0.9641,OCCUPIED,True,9.82,track_circuit,1.85,3.792,4.223,True,proceed_with_caution,proceed_with_caution,False
119.7,17.23,clear,False,66.2,10,landslide_debris,True,1246,0.9923,CLEAR,True,23.64,track_circuit,8.64,2.866,17.189,True,emergency_stop,emergency_stop,False
134.6,16.28,clear,False,30.9,7,stranded_vehicle,True,976,,CLEAR,True,18.54,vibration,7.26,3.623,16.244,True,reroute,reroute,False
193.3,10.65,clear,False,78.5,6,boulder,False,1467,0.9983,CLEAR,True,13.92,track_circuit,3.31,7.473,10.571,True,reduce_speed,reduce_speed,False
97.9,16.97,rain,False,34.4,2,cattle_crossing,False,1060,0.9432,CLEAR,True,15.22,axle_counter,10.4,2.492,16.941,True,reduce_speed,reduce_speed,False
161.1,13.48,clear,False,63.7,10,track_buckling,False,989,,CLEAR,False,24.33,vibration,5.02,5.191,13.436,True,emergency_stop,emergency_stop,False
114.4,3.0,clear,False,43.4,6,equipment_failure_ahead,True,869,,CLEAR,False,4.25,axle_counter,1.57,2.617,2.972,True,reduce_speed,reduce_speed,False
